#
# A fatal error has been detected by the Java Runtime Environment:
#
#  SIGSEGV (0xb) at pc=0x000000012dc8e928, pid=5622, tid=47363
#
# JRE version: OpenJDK Runtime Environment Temurin-17.0.18+8 (17.0.18+8) (build 17.0.18+8)
# Java VM: OpenJDK 64-Bit Server VM Temurin-17.0.18+8 (17.0.18+8, mixed mode, sharing, tiered, compressed oops, compressed class ptrs, g1 gc, bsd-aarch64)
# Problematic frame:
# C  [libmongo_rust_core.dylib+0x4f2928]  std::sys::sync::rwlock::queue::RwLock::unlock_queue::he3dbad77ba887382+0x48
#
# No core dump will be written. Core dumps have been disabled. To enable core dumping, try "ulimit -c unlimited" before starting Java again
#
# If you would like to submit a bug report, please visit:
#   https://github.com/adoptium/adoptium-support/issues
# The crash happened outside the Java Virtual Machine in native code.
# See problematic frame for where to report the bug.
#

---------------  S U M M A R Y ------------

Command Line: -Djava.library.path=/Users/jeff/git/m/mongo-java-driver/build/jnaLibs/rust-core -Djna.library.path=/Users/jeff/git/m/mongo-java-driver/build/jnaLibs/rust-core -Dorg.gradle.internal.worker.tmpdir=/Users/jeff/git/m/mongo-java-driver/driver-reactive-streams/build/tmp/test/work -Dspock.configuration=/Users/jeff/git/m/mongo-java-driver/config/spock/ExcludeSlow.groovy --add-opens=java.base/java.lang=ALL-UNNAMED -Xmx4g -Dfile.encoding=UTF-8 -Duser.country=US -Duser.language=en -Duser.variant -ea worker.org.gradle.process.internal.worker.GradleWorkerMain 'Gradle Test Executor 24'

Host: "Mac16,5" arm64, 16 cores, 48G, Darwin 25.3.0, macOS 26.3 (25D125)
Time: Sun Feb 22 17:07:15 2026 EST elapsed time: 10.731573 seconds (0d 0h 0m 10s)

---------------  T H R E A D  ---------------

Current thread (0x0000000af4688600):  JavaThread "Thread-15" daemon [_thread_in_native, id=47363, stack(0x00000001728f4000,0x0000000172af7000)]

Stack: [0x00000001728f4000,0x0000000172af7000],  sp=0x0000000172af0030,  free space=2032k
Native frames: (J=compiled Java code, j=interpreted, Vv=VM code, C=native code)
C  [libmongo_rust_core.dylib+0x4f2928]  std::sys::sync::rwlock::queue::RwLock::unlock_queue::he3dbad77ba887382+0x48
C  [libmongo_rust_core.dylib+0x546034]  std::sys::sync::rwlock::queue::RwLock::lock_contended::h96737f843a762ed0+0xf0
C  [libmongo_rust_core.dylib+0x595b8]  mongo_rust_core::session::FfiSessionPool::release::hee290d778654df67+0xc0
C  [libmongo_rust_core.dylib+0x86cfc]  Java_com_mongodb_internal_rust_JniBindings_releaseSession+0x1c
J 6963  com.mongodb.internal.rust.JniBindings.releaseSession(JJ)V (0 bytes) @ 0x000000011aca47c0 [0x000000011aca4740+0x0000000000000080]
C  0x0000000130aa8b5c

Java frames: (J=compiled Java code, j=interpreted, Vv=VM code)
J 6963  com.mongodb.internal.rust.JniBindings.releaseSession(JJ)V (0 bytes) @ 0x000000011aca47c0 [0x000000011aca4740+0x0000000000000080]
j  com.mongodb.internal.rust.session.RustServerSession.close()V+20
j  com.mongodb.internal.rust.session.RustSessionPool.release(Lcom/mongodb/internal/rust/session/RustServerSession;)V+1
j  com.mongodb.internal.session.RustSessionPoolAdapter.release(Lcom/mongodb/session/ServerSession;)V+20
j  com.mongodb.internal.session.BaseClientSessionImpl.close()V+27
j  com.mongodb.reactivestreams.client.internal.ClientSessionPublisherImpl.close()V+34
J 7461 c1 com.mongodb.reactivestreams.client.internal.ClientSessionBinding.release()I (37 bytes) @ 0x00000001139c2344 [0x00000001139c2000+0x0000000000000344]
j  com.mongodb.reactivestreams.client.internal.ClientSessionBinding$SessionBindingAsyncConnectionSource.release()I+18
j  com.mongodb.internal.operation.CursorResourceManager.releaseClientResources()V+18
j  com.mongodb.internal.operation.AsyncCommandCursor$ResourceManager.lambda$releaseResourcesAsync$7()V+5
j  com.mongodb.internal.operation.AsyncCommandCursor$ResourceManager$$Lambda$1214+0x000000700146acd8.run()V+4
j  com.mongodb.internal.async.AsyncSupplier.lambda$thenAlwaysRunAndFinish$2(Ljava/lang/Runnable;Lcom/mongodb/internal/async/SingleResultCallback;Ljava/lang/Object;Ljava/lang/Throwable;)V+1
j  com.mongodb.internal.async.AsyncSupplier$$Lambda$1215+0x000000700146af00.onResult(Ljava/lang/Object;Ljava/lang/Throwable;)V+10
J 4823 c1 com.mongodb.internal.async.AsyncSupplier.lambda$finish$0(Ljava/util/concurrent/atomic/AtomicBoolean;Lcom/mongodb/internal/async/SingleResultCallback;Ljava/lang/Object;Ljava/lang/Throwable;)V (40 bytes) @ 0x000000011370fa4c [0x000000011370ed40+0x0000000000000d0c]
J 4822 c1 com.mongodb.internal.async.AsyncSupplier$$Lambda$1066+0x00000070013cdf38.onResult(Ljava/lang/Object;Ljava/lang/Throwable;)V (14 bytes) @ 0x000000011370b1fc [0x000000011370b140+0x00000000000000bc]
J 4823 c1 com.mongodb.internal.async.AsyncSupplier.lambda$finish$0(Ljava/util/concurrent/atomic/AtomicBoolean;Lcom/mongodb/internal/async/SingleResultCallback;Ljava/lang/Object;Ljava/lang/Throwable;)V (40 bytes) @ 0x000000011370fa4c [0x000000011370ed40+0x0000000000000d0c]
J 4822 c1 com.mongodb.internal.async.AsyncSupplier$$Lambda$1066+0x00000070013cdf38.onResult(Ljava/lang/Object;Ljava/lang/Throwable;)V (14 bytes) @ 0x000000011370b1fc [0x000000011370b140+0x00000000000000bc]
J 4823 c1 com.mongodb.internal.async.AsyncSupplier.lambda$finish$0(Ljava/util/concurrent/atomic/AtomicBoolean;Lcom/mongodb/internal/async/SingleResultCallback;Ljava/lang/Object;Ljava/lang/Throwable;)V (40 bytes) @ 0x000000011370fa4c [0x000000011370ed40+0x0000000000000d0c]
J 4822 c1 com.mongodb.internal.async.AsyncSupplier$$Lambda$1066+0x00000070013cdf38.onResult(Ljava/lang/Object;Ljava/lang/Throwable;)V (14 bytes) @ 0x000000011370b1fc [0x000000011370b140+0x00000000000000bc]
j  com.mongodb.internal.async.AsyncFunction.lambda$finish$0(Ljava/util/concurrent/atomic/AtomicBoolean;Lcom/mongodb/internal/async/SingleResultCallback;Ljava/lang/Object;Ljava/lang/Throwable;)V+34
j  com.mongodb.internal.async.AsyncFunction$$Lambda$1322+0x000000700148f5a8.onResult(Ljava/lang/Object;Ljava/lang/Throwable;)V+10
J 5315 c1 com.mongodb.internal.async.SingleResultCallback.complete(Lcom/mongodb/internal/async/SingleResultCallback;)V (23 bytes) @ 0x0000000113816eec [0x0000000113816d00+0x00000000000001ec]
j  com.mongodb.internal.operation.AsyncCommandCursor$ResourceManager.lambda$releaseResourcesAsync$6(Ljava/lang/Throwable;Lcom/mongodb/internal/async/SingleResultCallback;)V+2
j  com.mongodb.internal.operation.AsyncCommandCursor$ResourceManager$$Lambda$1213+0x000000700146aaa8.unsafeFinish(Ljava/lang/Object;Lcom/mongodb/internal/async/SingleResultCallback;)V+5
j  com.mongodb.internal.async.AsyncFunction.finish(Ljava/lang/Object;Lcom/mongodb/internal/async/SingleResultCallback;)V+18
J 7077 c1 com.mongodb.internal.async.AsyncSupplier.lambda$onErrorIf$7(Lcom/mongodb/internal/async/SingleResultCallback;Ljava/util/function/Predicate;Lcom/mongodb/internal/async/AsyncFunction;Ljava/lang/Object;Ljava/lang/Throwable;)V (70 bytes) @ 0x000000011356dabc [0x000000011356d880+0x000000000000023c]
J 7076 c1 com.mongodb.internal.async.AsyncSupplier$$Lambda$1163+0x000000700145cd30.onResult(Ljava/lang/Object;Ljava/lang/Throwable;)V (18 bytes) @ 0x0000000113059100 [0x0000000113059040+0x00000000000000c0]
J 4823 c1 com.mongodb.internal.async.AsyncSupplier.lambda$finish$0(Ljava/util/concurrent/atomic/AtomicBoolean;Lcom/mongodb/internal/async/SingleResultCallback;Ljava/lang/Object;Ljava/lang/Throwable;)V (40 bytes) @ 0x000000011370fa4c [0x000000011370ed40+0x0000000000000d0c]
J 4822 c1 com.mongodb.internal.async.AsyncSupplier$$Lambda$1066+0x00000070013cdf38.onResult(Ljava/lang/Object;Ljava/lang/Throwable;)V (14 bytes) @ 0x000000011370b1fc [0x000000011370b140+0x00000000000000bc]
J 4823 c1 com.mongodb.internal.async.AsyncSupplier.lambda$finish$0(Ljava/util/concurrent/atomic/AtomicBoolean;Lcom/mongodb/internal/async/SingleResultCallback;Ljava/lang/Object;Ljava/lang/Throwable;)V (40 bytes) @ 0x000000011370fa4c [0x000000011370ed40+0x0000000000000d0c]
J 4822 c1 com.mongodb.internal.async.AsyncSupplier$$Lambda$1066+0x00000070013cdf38.onResult(Ljava/lang/Object;Ljava/lang/Throwable;)V (14 bytes) @ 0x000000011370b1fc [0x000000011370b140+0x00000000000000bc]
J 4823 c1 com.mongodb.internal.async.AsyncSupplier.lambda$finish$0(Ljava/util/concurrent/atomic/AtomicBoolean;Lcom/mongodb/internal/async/SingleResultCallback;Ljava/lang/Object;Ljava/lang/Throwable;)V (40 bytes) @ 0x000000011370fa4c [0x000000011370ed40+0x0000000000000d0c]
J 4822 c1 com.mongodb.internal.async.AsyncSupplier$$Lambda$1066+0x00000070013cdf38.onResult(Ljava/lang/Object;Ljava/lang/Throwable;)V (14 bytes) @ 0x000000011370b1fc [0x000000011370b140+0x00000000000000bc]
j  com.mongodb.internal.async.SingleResultCallback.completeExceptionally(Ljava/lang/Throwable;)V+9
j  com.mongodb.internal.async.AsyncSupplier.lambda$thenConsume$5(Lcom/mongodb/internal/async/AsyncConsumer;Lcom/mongodb/internal/async/SingleResultCallback;Ljava/lang/Object;Ljava/lang/Throwable;)V+17
j  com.mongodb.internal.async.AsyncSupplier$$Lambda$1321+0x000000700148f340.onResult(Ljava/lang/Object;Ljava/lang/Throwable;)V+10
J 4823 c1 com.mongodb.internal.async.AsyncSupplier.lambda$finish$0(Ljava/util/concurrent/atomic/AtomicBoolean;Lcom/mongodb/internal/async/SingleResultCallback;Ljava/lang/Object;Ljava/lang/Throwable;)V (40 bytes) @ 0x000000011370fa4c [0x000000011370ed40+0x0000000000000d0c]
J 4822 c1 com.mongodb.internal.async.AsyncSupplier$$Lambda$1066+0x00000070013cdf38.onResult(Ljava/lang/Object;Ljava/lang/Throwable;)V (14 bytes) @ 0x000000011370b1fc [0x000000011370b140+0x00000000000000bc]
j  com.mongodb.internal.connection.DefaultServer.getConnectionAsync(Lcom/mongodb/internal/connection/OperationContext;Lcom/mongodb/internal/async/SingleResultCallback;)V+35
j  com.mongodb.internal.binding.AsyncClusterBinding$AsyncClusterBindingConnectionSource.getConnection(Lcom/mongodb/internal/connection/OperationContext;Lcom/mongodb/internal/async/SingleResultCallback;)V+9
j  com.mongodb.reactivestreams.client.internal.ClientSessionBinding$SessionBindingAsyncConnectionSource.getConnection(Lcom/mongodb/internal/connection/OperationContext;Lcom/mongodb/internal/async/SingleResultCallback;)V+79
j  com.mongodb.internal.operation.AsyncCommandCursor$ResourceManager.getConnection(Lcom/mongodb/internal/connection/OperationContext;Lcom/mongodb/internal/async/SingleResultCallback;)V+68
j  com.mongodb.internal.operation.AsyncCommandCursor$ResourceManager.lambda$releaseResourcesAsync$1(Lcom/mongodb/internal/connection/OperationContext;Lcom/mongodb/internal/async/SingleResultCallback;)V+3
j  com.mongodb.internal.operation.AsyncCommandCursor$ResourceManager$$Lambda$1318+0x000000700148ea90.unsafeFinish(Lcom/mongodb/internal/async/SingleResultCallback;)V+9
J 4820 c1 com.mongodb.internal.async.AsyncSupplier.finish(Lcom/mongodb/internal/async/SingleResultCallback;)V (45 bytes) @ 0x000000011370cadc [0x000000011370c480+0x000000000000065c]
J 6110 c1 com.mongodb.internal.async.AsyncRunnable$$Lambda$1071+0x00000070013cf5a0.onResult(Ljava/lang/Object;Ljava/lang/Throwable;)V (17 bytes) @ 0x00000001130a92a8 [0x00000001130a9000+0x00000000000002a8]
J 5315 c1 com.mongodb.internal.async.SingleResultCallback.complete(Lcom/mongodb/internal/async/SingleResultCallback;)V (23 bytes) @ 0x0000000113816eec [0x0000000113816d00+0x00000000000001ec]
J 5468 c1 com.mongodb.internal.async.AsyncRunnable$$Lambda$1061+0x00000070013ccff8.unsafeFinish(Lcom/mongodb/internal/async/SingleResultCallback;)V (5 bytes) @ 0x000000011385e9b8 [0x000000011385e840+0x0000000000000178]
J 6107 c1 com.mongodb.internal.async.AsyncRunnable$$Lambda$1070+0x00000070013cf2c0.unsafeFinish(Lcom/mongodb/internal/async/SingleResultCallback;)V (15 bytes) @ 0x00000001130d5a30 [0x00000001130d5300+0x0000000000000730]
j  com.mongodb.internal.async.AsyncSupplier.lambda$thenConsume$6(Lcom/mongodb/internal/async/AsyncConsumer;Lcom/mongodb/internal/async/SingleResultCallback;)V+8
j  com.mongodb.internal.async.AsyncSupplier$$Lambda$1320+0x000000700148efc0.unsafeFinish(Lcom/mongodb/internal/async/SingleResultCallback;)V+9
J 4820 c1 com.mongodb.internal.async.AsyncSupplier.finish(Lcom/mongodb/internal/async/SingleResultCallback;)V (45 bytes) @ 0x000000011370cadc [0x000000011370c480+0x000000000000065c]
j  com.mongodb.internal.operation.AsyncCommandCursor$ResourceManager.lambda$releaseResourcesAsync$5(Lcom/mongodb/internal/connection/OperationContext;Lcom/mongodb/internal/async/SingleResultCallback;)V+46
j  com.mongodb.internal.operation.AsyncCommandCursor$ResourceManager$$Lambda$1212+0x000000700146a728.unsafeFinish(Lcom/mongodb/internal/async/SingleResultCallback;)V+9
J 4820 c1 com.mongodb.internal.async.AsyncSupplier.finish(Lcom/mongodb/internal/async/SingleResultCallback;)V (45 bytes) @ 0x000000011370cadc [0x000000011370c480+0x000000000000065c]
J 5947 c1 com.mongodb.internal.async.AsyncRunnable$$Lambda$1067+0x00000070013ce1a0.onResult(Ljava/lang/Object;Ljava/lang/Throwable;)V (17 bytes) @ 0x0000000112fe7e28 [0x0000000112fe7b80+0x00000000000002a8]
J 5315 c1 com.mongodb.internal.async.SingleResultCallback.complete(Lcom/mongodb/internal/async/SingleResultCallback;)V (23 bytes) @ 0x0000000113816eec [0x0000000113816d00+0x00000000000001ec]
J 5468 c1 com.mongodb.internal.async.AsyncRunnable$$Lambda$1061+0x00000070013ccff8.unsafeFinish(Lcom/mongodb/internal/async/SingleResultCallback;)V (5 bytes) @ 0x000000011385e9b8 [0x000000011385e840+0x0000000000000178]
J 5944 c1 com.mongodb.internal.async.AsyncRunnable$$Lambda$1063+0x00000070013cd6f0.unsafeFinish(Lcom/mongodb/internal/async/SingleResultCallback;)V (15 bytes) @ 0x0000000112e5acb0 [0x0000000112e5a580+0x0000000000000730]
J 4820 c1 com.mongodb.internal.async.AsyncSupplier.finish(Lcom/mongodb/internal/async/SingleResultCallback;)V (45 bytes) @ 0x000000011370cadc [0x000000011370c480+0x000000000000065c]
J 7073 c1 com.mongodb.internal.async.AsyncSupplier$$Lambda$1162+0x000000700145ca50.unsafeFinish(Lcom/mongodb/internal/async/SingleResultCallback;)V (19 bytes) @ 0x000000011356ebe4 [0x000000011356e480+0x0000000000000764]
J 4820 c1 com.mongodb.internal.async.AsyncSupplier.finish(Lcom/mongodb/internal/async/SingleResultCallback;)V (45 bytes) @ 0x000000011370cadc [0x000000011370c480+0x000000000000065c]
j  com.mongodb.internal.async.AsyncRunnable.lambda$thenRunTryCatchAsyncBlocks$4(Lcom/mongodb/internal/async/AsyncRunnable;Ljava/util/function/Predicate;Lcom/mongodb/internal/async/AsyncFunction;Lcom/mongodb/internal/async/SingleResultCallback;)V+17
j  com.mongodb.internal.async.AsyncRunnable$$Lambda$1170+0x000000700145dfb8.unsafeFinish(Lcom/mongodb/internal/async/SingleResultCallback;)V+13
J 4820 c1 com.mongodb.internal.async.AsyncSupplier.finish(Lcom/mongodb/internal/async/SingleResultCallback;)V (45 bytes) @ 0x000000011370cadc [0x000000011370c480+0x000000000000065c]
J 5947 c1 com.mongodb.internal.async.AsyncRunnable$$Lambda$1067+0x00000070013ce1a0.onResult(Ljava/lang/Object;Ljava/lang/Throwable;)V (17 bytes) @ 0x0000000112fe7e28 [0x0000000112fe7b80+0x00000000000002a8]
J 5315 c1 com.mongodb.internal.async.SingleResultCallback.complete(Lcom/mongodb/internal/async/SingleResultCallback;)V (23 bytes) @ 0x0000000113816eec [0x0000000113816d00+0x00000000000001ec]
J 5468 c1 com.mongodb.internal.async.AsyncRunnable$$Lambda$1061+0x00000070013ccff8.unsafeFinish(Lcom/mongodb/internal/async/SingleResultCallback;)V (5 bytes) @ 0x000000011385e9b8 [0x000000011385e840+0x0000000000000178]
J 5944 c1 com.mongodb.internal.async.AsyncRunnable$$Lambda$1063+0x00000070013cd6f0.unsafeFinish(Lcom/mongodb/internal/async/SingleResultCallback;)V (15 bytes) @ 0x0000000112e5acb0 [0x0000000112e5a580+0x0000000000000730]
J 4820 c1 com.mongodb.internal.async.AsyncSupplier.finish(Lcom/mongodb/internal/async/SingleResultCallback;)V (45 bytes) @ 0x000000011370cadc [0x000000011370c480+0x000000000000065c]
j  com.mongodb.internal.async.AsyncSupplier.thenAlwaysRunAndFinish(Ljava/lang/Runnable;Lcom/mongodb/internal/async/SingleResultCallback;)V+8
j  com.mongodb.internal.operation.AsyncCommandCursor$ResourceManager.releaseResourcesAsync(Lcom/mongodb/internal/connection/OperationContext;Lcom/mongodb/internal/async/SingleResultCallback;)V+29
j  com.mongodb.internal.operation.AsyncCommandCursor$ResourceManager.doClose(Lcom/mongodb/internal/connection/OperationContext;)V+5
j  com.mongodb.internal.operation.CursorResourceManager.endOperation(Lcom/mongodb/internal/connection/OperationContext;)V+26
j  com.mongodb.internal.operation.AsyncCommandCursor$ResourceManager.lambda$execute$0(Lcom/mongodb/internal/connection/OperationContext;)V+2
j  com.mongodb.internal.operation.AsyncCommandCursor$ResourceManager$$Lambda$1209+0x000000700146a0b0.run()V+8
J 7529 c1 com.mongodb.internal.async.function.AsyncCallbackSupplier$$Lambda$1130+0x0000007001450af8.run()V (12 bytes) @ 0x00000001139eac84 [0x00000001139eab00+0x0000000000000184]
J 7528 c1 com.mongodb.internal.async.function.AsyncCallbackSupplier.lambda$whenComplete$1(Ljava/lang/Runnable;Lcom/mongodb/internal/async/SingleResultCallback;Ljava/lang/Object;Ljava/lang/Throwable;)V (53 bytes) @ 0x00000001139e9778 [0x00000001139e9680+0x00000000000000f8]
J 7527 c1 com.mongodb.internal.async.function.AsyncCallbackSupplier$$Lambda$1132+0x00000070014511c8.onResult(Ljava/lang/Object;Ljava/lang/Throwable;)V (14 bytes) @ 0x00000001139e92fc [0x00000001139e9240+0x00000000000000bc]
j  com.mongodb.internal.operation.AsyncCommandCursor$ResourceManager.lambda$executeWithConnection$8(Lcom/mongodb/internal/connection/AsyncConnection;Lcom/mongodb/internal/async/SingleResultCallback;Ljava/lang/Object;Ljava/lang/Throwable;)V+23
j  com.mongodb.internal.operation.AsyncCommandCursor$ResourceManager$$Lambda$1316+0x000000700148e3b8.onResult(Ljava/lang/Object;Ljava/lang/Throwable;)V+14
j  com.mongodb.internal.operation.AsyncCommandCursor.lambda$getMoreLoop$2(Lcom/mongodb/ServerCursor;Lcom/mongodb/internal/async/SingleResultCallback;Lcom/mongodb/internal/connection/AsyncConnection;Lcom/mongodb/internal/connection/OperationContext;Lorg/bson/BsonDocument;Ljava/lang/Throwable;)V+144
j  com.mongodb.internal.operation.AsyncCommandCursor$$Lambda$1317+0x000000700148e828.onResult(Ljava/lang/Object;Ljava/lang/Throwable;)V+25
J 6068 c1 com.mongodb.internal.async.ErrorHandlingResultCallback.onResult(Ljava/lang/Object;Ljava/lang/Throwable;)V (28 bytes) @ 0x0000000112e6d040 [0x0000000112e6cf00+0x0000000000000140]
j  com.mongodb.internal.connection.DefaultServer$DefaultServerProtocolExecutor.lambda$executeAsync$0(Lcom/mongodb/internal/connection/InternalConnection;Lcom/mongodb/internal/async/SingleResultCallback;Lcom/mongodb/internal/session/SessionContext;Ljava/lang/Object;Ljava/lang/Throwable;)V+215
j  com.mongodb.internal.connection.DefaultServer$DefaultServerProtocolExecutor$$Lambda$1180+0x000000700145bcc8.onResult(Ljava/lang/Object;Ljava/lang/Throwable;)V+18
J 6068 c1 com.mongodb.internal.async.ErrorHandlingResultCallback.onResult(Ljava/lang/Object;Ljava/lang/Throwable;)V (28 bytes) @ 0x0000000112e6d040 [0x0000000112e6cf00+0x0000000000000140]
j  com.mongodb.internal.connection.CommandProtocolImpl.lambda$executeAsync$0(Lcom/mongodb/internal/async/SingleResultCallback;Ljava/lang/Object;Ljava/lang/Throwable;)V+18
j  com.mongodb.internal.connection.CommandProtocolImpl$$Lambda$1181+0x0000007001460000.onResult(Ljava/lang/Object;Ljava/lang/Throwable;)V+6
j  com.mongodb.internal.connection.UsageTrackingInternalConnection.lambda$sendAndReceiveAsync$1(Lcom/mongodb/internal/async/SingleResultCallback;Ljava/lang/Object;Ljava/lang/Throwable;)V+10
j  com.mongodb.internal.connection.UsageTrackingInternalConnection$$Lambda$1182+0x0000007001460268.onResult(Ljava/lang/Object;Ljava/lang/Throwable;)V+10
J 6068 c1 com.mongodb.internal.async.ErrorHandlingResultCallback.onResult(Ljava/lang/Object;Ljava/lang/Throwable;)V (28 bytes) @ 0x0000000112e6d040 [0x0000000112e6cf00+0x0000000000000140]
J 4823 c1 com.mongodb.internal.async.AsyncSupplier.lambda$finish$0(Ljava/util/concurrent/atomic/AtomicBoolean;Lcom/mongodb/internal/async/SingleResultCallback;Ljava/lang/Object;Ljava/lang/Throwable;)V (40 bytes) @ 0x000000011370fa4c [0x000000011370ed40+0x0000000000000d0c]
J 4822 c1 com.mongodb.internal.async.AsyncSupplier$$Lambda$1066+0x00000070013cdf38.onResult(Ljava/lang/Object;Ljava/lang/Throwable;)V (14 bytes) @ 0x000000011370b1fc [0x000000011370b140+0x00000000000000bc]
J 5890 c1 com.mongodb.internal.async.SingleResultCallback.complete(Ljava/lang/Object;)V (9 bytes) @ 0x000000011333f270 [0x000000011333f140+0x0000000000000130]
J 7077 c1 com.mongodb.internal.async.AsyncSupplier.lambda$onErrorIf$7(Lcom/mongodb/internal/async/SingleResultCallback;Ljava/util/function/Predicate;Lcom/mongodb/internal/async/AsyncFunction;Ljava/lang/Object;Ljava/lang/Throwable;)V (70 bytes) @ 0x000000011356dc80 [0x000000011356d880+0x0000000000000400]
J 7076 c1 com.mongodb.internal.async.AsyncSupplier$$Lambda$1163+0x000000700145cd30.onResult(Ljava/lang/Object;Ljava/lang/Throwable;)V (18 bytes) @ 0x0000000113059100 [0x0000000113059040+0x00000000000000c0]
J 4823 c1 com.mongodb.internal.async.AsyncSupplier.lambda$finish$0(Ljava/util/concurrent/atomic/AtomicBoolean;Lcom/mongodb/internal/async/SingleResultCallback;Ljava/lang/Object;Ljava/lang/Throwable;)V (40 bytes) @ 0x000000011370fa4c [0x000000011370ed40+0x0000000000000d0c]
J 4822 c1 com.mongodb.internal.async.AsyncSupplier$$Lambda$1066+0x00000070013cdf38.onResult(Ljava/lang/Object;Ljava/lang/Throwable;)V (14 bytes) @ 0x000000011370b1fc [0x000000011370b140+0x00000000000000bc]
J 4823 c1 com.mongodb.internal.async.AsyncSupplier.lambda$finish$0(Ljava/util/concurrent/atomic/AtomicBoolean;Lcom/mongodb/internal/async/SingleResultCallback;Ljava/lang/Object;Ljava/lang/Throwable;)V (40 bytes) @ 0x000000011370fa4c [0x000000011370ed40+0x0000000000000d0c]
J 4822 c1 com.mongodb.internal.async.AsyncSupplier$$Lambda$1066+0x00000070013cdf38.onResult(Ljava/lang/Object;Ljava/lang/Throwable;)V (14 bytes) @ 0x000000011370b1fc [0x000000011370b140+0x00000000000000bc]
J 4823 c1 com.mongodb.internal.async.AsyncSupplier.lambda$finish$0(Ljava/util/concurrent/atomic/AtomicBoolean;Lcom/mongodb/internal/async/SingleResultCallback;Ljava/lang/Object;Ljava/lang/Throwable;)V (40 bytes) @ 0x000000011370fa4c [0x000000011370ed40+0x0000000000000d0c]
J 4822 c1 com.mongodb.internal.async.AsyncSupplier$$Lambda$1066+0x00000070013cdf38.onResult(Ljava/lang/Object;Ljava/lang/Throwable;)V (14 bytes) @ 0x000000011370b1fc [0x000000011370b140+0x00000000000000bc]
j  com.mongodb.internal.connection.InternalStreamConnection.lambda$sendCommandMessageAsync$14(Lcom/mongodb/internal/connection/CommandEventSender;Lcom/mongodb/internal/async/SingleResultCallback;Lcom/mongodb/internal/connection/OperationContext;ILorg/bson/codecs/Decoder;Lcom/mongodb/internal/connection/ResponseBuffers;Ljava/lang/Throwable;)V+177
j  com.mongodb.internal.connection.InternalStreamConnection$$Lambda$1171+0x000000700145e5b0.onResult(Ljava/lang/Object;Ljava/lang/Throwable;)V+29
j  com.mongodb.internal.connection.InternalStreamConnection$MessageHeaderCallback$MessageCallback.onResult(Lorg/bson/ByteBuf;Ljava/lang/Throwable;)V+185
j  com.mongodb.internal.connection.InternalStreamConnection$MessageHeaderCallback$MessageCallback.onResult(Ljava/lang/Object;Ljava/lang/Throwable;)V+6
J 7401 c1 com.mongodb.internal.connection.InternalStreamConnection$2.completed(Ljava/lang/Object;)V (9 bytes) @ 0x00000001139a12a0 [0x00000001139a1000+0x00000000000002a0]
J 5872 c1 com.mongodb.connection.AsyncCompletionHandler$$Lambda$1064+0x00000070013cda70.onResult(Ljava/lang/Object;Ljava/lang/Throwable;)V (12 bytes) @ 0x000000011392b5e4 [0x000000011392b280+0x0000000000000364]
J 4823 c1 com.mongodb.internal.async.AsyncSupplier.lambda$finish$0(Ljava/util/concurrent/atomic/AtomicBoolean;Lcom/mongodb/internal/async/SingleResultCallback;Ljava/lang/Object;Ljava/lang/Throwable;)V (40 bytes) @ 0x000000011370fa4c [0x000000011370ed40+0x0000000000000d0c]
J 4822 c1 com.mongodb.internal.async.AsyncSupplier$$Lambda$1066+0x00000070013cdf38.onResult(Ljava/lang/Object;Ljava/lang/Throwable;)V (14 bytes) @ 0x000000011370b1fc [0x000000011370b140+0x00000000000000bc]
J 4823 c1 com.mongodb.internal.async.AsyncSupplier.lambda$finish$0(Ljava/util/concurrent/atomic/AtomicBoolean;Lcom/mongodb/internal/async/SingleResultCallback;Ljava/lang/Object;Ljava/lang/Throwable;)V (40 bytes) @ 0x000000011370fa4c [0x000000011370ed40+0x0000000000000d0c]
J 4822 c1 com.mongodb.internal.async.AsyncSupplier$$Lambda$1066+0x00000070013cdf38.onResult(Ljava/lang/Object;Ljava/lang/Throwable;)V (14 bytes) @ 0x000000011370b1fc [0x000000011370b140+0x00000000000000bc]
J 5890 c1 com.mongodb.internal.async.SingleResultCallback.complete(Ljava/lang/Object;)V (9 bytes) @ 0x000000011333f270 [0x000000011333f140+0x0000000000000130]
J 7468 c1 com.mongodb.internal.connection.AsynchronousChannelStream$BasicCompletionHandler.lambda$completed$0(Ljava/lang/Integer;Lcom/mongodb/internal/async/SingleResultCallback;)V (128 bytes) @ 0x00000001139c3f4c [0x00000001139c3440+0x0000000000000b0c]
J 6391 c1 com.mongodb.internal.connection.AsynchronousChannelStream$BasicCompletionHandler$$Lambda$1069+0x00000070013cefe0.unsafeFinish(Lcom/mongodb/internal/async/SingleResultCallback;)V (13 bytes) @ 0x0000000113475774 [0x00000001134756c0+0x00000000000000b4]
J 4820 c1 com.mongodb.internal.async.AsyncSupplier.finish(Lcom/mongodb/internal/async/SingleResultCallback;)V (45 bytes) @ 0x000000011370cadc [0x000000011370c480+0x000000000000065c]
J 6110 c1 com.mongodb.internal.async.AsyncRunnable$$Lambda$1071+0x00000070013cf5a0.onResult(Ljava/lang/Object;Ljava/lang/Throwable;)V (17 bytes) @ 0x00000001130a92a8 [0x00000001130a9000+0x00000000000002a8]
J 5315 c1 com.mongodb.internal.async.SingleResultCallback.complete(Lcom/mongodb/internal/async/SingleResultCallback;)V (23 bytes) @ 0x0000000113816eec [0x0000000113816d00+0x00000000000001ec]
J 5468 c1 com.mongodb.internal.async.AsyncRunnable$$Lambda$1061+0x00000070013ccff8.unsafeFinish(Lcom/mongodb/internal/async/SingleResultCallback;)V (5 bytes) @ 0x000000011385e9b8 [0x000000011385e840+0x0000000000000178]
J 6107 c1 com.mongodb.internal.async.AsyncRunnable$$Lambda$1070+0x00000070013cf2c0.unsafeFinish(Lcom/mongodb/internal/async/SingleResultCallback;)V (15 bytes) @ 0x00000001130d5a30 [0x00000001130d5300+0x0000000000000730]
J 4820 c1 com.mongodb.internal.async.AsyncSupplier.finish(Lcom/mongodb/internal/async/SingleResultCallback;)V (45 bytes) @ 0x000000011370cadc [0x000000011370c480+0x000000000000065c]
J 6388 c1 com.mongodb.internal.connection.AsynchronousChannelStream$BasicCompletionHandler.completed(Ljava/lang/Object;Ljava/lang/Object;)V (13 bytes) @ 0x000000011350f688 [0x000000011350e000+0x0000000000001688]
J 5695 c1 sun.nio.ch.Invoker.invokeUnchecked(Ljava/nio/channels/CompletionHandler;Ljava/lang/Object;Ljava/lang/Object;Ljava/lang/Throwable;)V java.base@17.0.18 (79 bytes) @ 0x00000001138c10ec [0x00000001138c0fc0+0x000000000000012c]
J 6286 c1 sun.nio.ch.UnixAsynchronousSocketChannelImpl.implRead(ZLjava/nio/ByteBuffer;[Ljava/nio/ByteBuffer;JLjava/util/concurrent/TimeUnit;Ljava/lang/Object;Ljava/nio/channels/CompletionHandler;)Ljava/util/concurrent/Future; java.base@17.0.18 (462 bytes) @ 0x0000000112ebd934 [0x0000000112ebbd80+0x0000000000001bb4]
J 6285 c1 sun.nio.ch.AsynchronousSocketChannelImpl.read(ZLjava/nio/ByteBuffer;[Ljava/nio/ByteBuffer;JLjava/util/concurrent/TimeUnit;Ljava/lang/Object;Ljava/nio/channels/CompletionHandler;)Ljava/util/concurrent/Future; java.base@17.0.18 (245 bytes) @ 0x0000000112fa1724 [0x0000000112fa0dc0+0x0000000000000964]
J 6284 c1 sun.nio.ch.AsynchronousSocketChannelImpl.read(Ljava/nio/ByteBuffer;JLjava/util/concurrent/TimeUnit;Ljava/lang/Object;Ljava/nio/channels/CompletionHandler;)V java.base@17.0.18 (48 bytes) @ 0x000000011369da54 [0x000000011369d880+0x00000000000001d4]
J 6283 c1 com.mongodb.internal.connection.AsynchronousSocketChannelStream$AsynchronousSocketChannelAdapter.read(Ljava/nio/ByteBuffer;JLjava/util/concurrent/TimeUnit;Ljava/lang/Object;Ljava/nio/channels/CompletionHandler;)V (16 bytes) @ 0x00000001136bccec [0x00000001136bcbc0+0x000000000000012c]
J 6280 c1 com.mongodb.internal.connection.AsynchronousChannelStream.readAsync(ILcom/mongodb/internal/connection/OperationContext;Lcom/mongodb/connection/AsyncCompletionHandler;)V (55 bytes) @ 0x0000000112f4b084 [0x0000000112f4ab00+0x0000000000000584]
J 7386 c1 com.mongodb.internal.connection.InternalStreamConnection.readAsync(ILcom/mongodb/internal/connection/OperationContext;Lcom/mongodb/internal/async/SingleResultCallback;)V (74 bytes) @ 0x000000011399783c [0x0000000113997480+0x00000000000003bc]
j  com.mongodb.internal.connection.InternalStreamConnection.access$500(Lcom/mongodb/internal/connection/InternalStreamConnection;ILcom/mongodb/internal/connection/OperationContext;Lcom/mongodb/internal/async/SingleResultCallback;)V+4
j  com.mongodb.internal.connection.InternalStreamConnection$MessageHeaderCallback.onResult(Lorg/bson/ByteBuf;Ljava/lang/Throwable;)V+64
j  com.mongodb.internal.connection.InternalStreamConnection$MessageHeaderCallback.onResult(Ljava/lang/Object;Ljava/lang/Throwable;)V+6
J 7401 c1 com.mongodb.internal.connection.InternalStreamConnection$2.completed(Ljava/lang/Object;)V (9 bytes) @ 0x00000001139a12a0 [0x00000001139a1000+0x00000000000002a0]
J 5872 c1 com.mongodb.connection.AsyncCompletionHandler$$Lambda$1064+0x00000070013cda70.onResult(Ljava/lang/Object;Ljava/lang/Throwable;)V (12 bytes) @ 0x000000011392b5e4 [0x000000011392b280+0x0000000000000364]
J 4823 c1 com.mongodb.internal.async.AsyncSupplier.lambda$finish$0(Ljava/util/concurrent/atomic/AtomicBoolean;Lcom/mongodb/internal/async/SingleResultCallback;Ljava/lang/Object;Ljava/lang/Throwable;)V (40 bytes) @ 0x000000011370fa4c [0x000000011370ed40+0x0000000000000d0c]
J 4822 c1 com.mongodb.internal.async.AsyncSupplier$$Lambda$1066+0x00000070013cdf38.onResult(Ljava/lang/Object;Ljava/lang/Throwable;)V (14 bytes) @ 0x000000011370b1fc [0x000000011370b140+0x00000000000000bc]
J 4823 c1 com.mongodb.internal.async.AsyncSupplier.lambda$finish$0(Ljava/util/concurrent/atomic/AtomicBoolean;Lcom/mongodb/internal/async/SingleResultCallback;Ljava/lang/Object;Ljava/lang/Throwable;)V (40 bytes) @ 0x000000011370fa4c [0x000000011370ed40+0x0000000000000d0c]
J 4822 c1 com.mongodb.internal.async.AsyncSupplier$$Lambda$1066+0x00000070013cdf38.onResult(Ljava/lang/Object;Ljava/lang/Throwable;)V (14 bytes) @ 0x000000011370b1fc [0x000000011370b140+0x00000000000000bc]
J 5890 c1 com.mongodb.internal.async.SingleResultCallback.complete(Ljava/lang/Object;)V (9 bytes) @ 0x000000011333f270 [0x000000011333f140+0x0000000000000130]
J 7468 c1 com.mongodb.internal.connection.AsynchronousChannelStream$BasicCompletionHandler.lambda$completed$0(Ljava/lang/Integer;Lcom/mongodb/internal/async/SingleResultCallback;)V (128 bytes) @ 0x00000001139c3f4c [0x00000001139c3440+0x0000000000000b0c]
J 6391 c1 com.mongodb.internal.connection.AsynchronousChannelStream$BasicCompletionHandler$$Lambda$1069+0x00000070013cefe0.unsafeFinish(Lcom/mongodb/internal/async/SingleResultCallback;)V (13 bytes) @ 0x0000000113475774 [0x00000001134756c0+0x00000000000000b4]
J 4820 c1 com.mongodb.internal.async.AsyncSupplier.finish(Lcom/mongodb/internal/async/SingleResultCallback;)V (45 bytes) @ 0x000000011370cadc [0x000000011370c480+0x000000000000065c]
J 6110 c1 com.mongodb.internal.async.AsyncRunnable$$Lambda$1071+0x00000070013cf5a0.onResult(Ljava/lang/Object;Ljava/lang/Throwable;)V (17 bytes) @ 0x00000001130a92a8 [0x00000001130a9000+0x00000000000002a8]
J 5315 c1 com.mongodb.internal.async.SingleResultCallback.complete(Lcom/mongodb/internal/async/SingleResultCallback;)V (23 bytes) @ 0x0000000113816eec [0x0000000113816d00+0x00000000000001ec]
J 5468 c1 com.mongodb.internal.async.AsyncRunnable$$Lambda$1061+0x00000070013ccff8.unsafeFinish(Lcom/mongodb/internal/async/SingleResultCallback;)V (5 bytes) @ 0x000000011385e9b8 [0x000000011385e840+0x0000000000000178]
J 6107 c1 com.mongodb.internal.async.AsyncRunnable$$Lambda$1070+0x00000070013cf2c0.unsafeFinish(Lcom/mongodb/internal/async/SingleResultCallback;)V (15 bytes) @ 0x00000001130d5a30 [0x00000001130d5300+0x0000000000000730]
J 4820 c1 com.mongodb.internal.async.AsyncSupplier.finish(Lcom/mongodb/internal/async/SingleResultCallback;)V (45 bytes) @ 0x000000011370cadc [0x000000011370c480+0x000000000000065c]
J 6388 c1 com.mongodb.internal.connection.AsynchronousChannelStream$BasicCompletionHandler.completed(Ljava/lang/Object;Ljava/lang/Object;)V (13 bytes) @ 0x000000011350f688 [0x000000011350e000+0x0000000000001688]
J 5695 c1 sun.nio.ch.Invoker.invokeUnchecked(Ljava/nio/channels/CompletionHandler;Ljava/lang/Object;Ljava/lang/Object;Ljava/lang/Throwable;)V java.base@17.0.18 (79 bytes) @ 0x00000001138c10ec [0x00000001138c0fc0+0x000000000000012c]
J 7325 c1 sun.nio.ch.UnixAsynchronousSocketChannelImpl.finishRead(Z)V java.base@17.0.18 (352 bytes) @ 0x0000000113979f70 [0x00000001139783c0+0x0000000000001bb0]
J 6326 c1 sun.nio.ch.UnixAsynchronousSocketChannelImpl.finish(ZZZ)V java.base@17.0.18 (129 bytes) @ 0x000000011346eea4 [0x000000011346eac0+0x00000000000003e4]
J 6742 c1 sun.nio.ch.UnixAsynchronousSocketChannelImpl.onEvent(IZ)V java.base@17.0.18 (55 bytes) @ 0x000000011332aac4 [0x000000011332a940+0x0000000000000184]
j  sun.nio.ch.KQueuePort$EventHandlerTask.run()V+194 java.base@17.0.18
j  sun.nio.ch.AsynchronousChannelGroupImpl$1.run()V+11 java.base@17.0.18
j  java.util.concurrent.ThreadPoolExecutor.runWorker(Ljava/util/concurrent/ThreadPoolExecutor$Worker;)V+92 java.base@17.0.18
j  java.util.concurrent.ThreadPoolExecutor$Worker.run()V+5 java.base@17.0.18
j  java.lang.Thread.run()V+11 java.base@17.0.18
v  ~StubRoutines::call_stub

siginfo: si_signo: 11 (SIGSEGV), si_code: 2 (SEGV_ACCERR), si_addr: 0x13d013d800000008

Registers:
 x0=0x0000000af984cca0  x1=0x0000000172af0076  x2=0x0000000000000000  x3=0x0000000af53f43c0
 x4=0x0000000af53f4400  x5=0x0000000000000000  x6=0xffffffffbfc007ff  x7=0xfffff0003ffff800
 x8=0x0000000000000000  x9=0x0000000000000009 x10=0x0000000172af0070 x11=0x0000000172af0070
x12=0x13d013d800000000 x13=0x6724082ff85c7caf x14=0x0000000104cc37a8 x15=0x0000000af53f4000
x16=0x0000000187956c24 x17=0x00000001f51974f0 x18=0x0000000000000000 x19=0x0000000af984cca0
x20=0x13d013d800000002 x21=0x0000000172af0070 x22=0x000000012dc8ea9c x23=0x0000000000000001
x24=0x0000000000000009 x25=0x00000000ffffffff x26=0x0000000000000000 x27=0x0000000000000400
x28=0x0000000af4688600  fp=0x0000000172af0060  lr=0x000000012dce2034  sp=0x0000000172af0030
pc=0x000000012dc8e928 cpsr=0x0000000060000000

Register to memory mapping:

 x0=0x0000000af984cca0 points into unknown readable memory: 0x0000000172af0076 | 76 00 af 72 01 00 00 00
 x1=0x0000000172af0076 is pointing into the stack for thread: 0x0000000af4688600
 x2=0x0 is NULL
 x3=0x0000000af53f43c0 points into unknown readable memory: 0x0000000000000000 | 00 00 00 00 00 00 00 00
 x4=0x0000000af53f4400 points into unknown readable memory: 0x6724082ff85c7b2f | 2f 7b 5c f8 2f 08 24 67
 x5=0x0 is NULL
 x6=0xffffffffbfc007ff is an unknown value
 x7=0xfffff0003ffff800 is an unknown value
 x8=0x0 is NULL
 x9=0x0000000000000009 is an unknown value
x10=0x0000000172af0070 is pointing into the stack for thread: 0x0000000af4688600
x11=0x0000000172af0070 is pointing into the stack for thread: 0x0000000af4688600
x12=0x13d013d800000000 is an unknown value
x13=0x6724082ff85c7caf is an unknown value
x14=0x0000000104cc37a8 points into unknown readable memory: 0x013b51d98043f118 | 18 f1 43 80 d9 51 3b 01
x15=0x0000000af53f4000 points into unknown readable memory: 0x6724082ff85c7f2f | 2f 7f 5c f8 2f 08 24 67
x16=0x0000000187956c24: pthread_setspecific+0 in /usr/lib/system/libsystem_pthread.dylib at 0x0000000187955000
x17=0x00000001f51974f0 points into unknown readable memory: 0x0000000187956c24 | 24 6c 95 87 01 00 00 00
x18=0x0 is NULL
x19=0x0000000af984cca0 points into unknown readable memory: 0x0000000172af0076 | 76 00 af 72 01 00 00 00
x20=0x13d013d800000002 is an unknown value
x21=0x0000000172af0070 is pointing into the stack for thread: 0x0000000af4688600
x22=0x000000012dc8ea9c: _ZN3std3sys4sync6rwlock5queue9read_lock17h13872b2e348e7727E+0 in /Users/jeff/git/m/mongo-java-driver/build/jnaLibs/rust-core/libmongo_rust_core.dylib at 0x000000012d79c000
x23=0x0000000000000001 is an unknown value
x24=0x0000000000000009 is an unknown value
x25=0x00000000ffffffff is an unknown value
x26=0x0 is NULL
x27=0x0000000000000400 is an unknown value
x28=0x0000000af4688600 is a thread


Top of Stack: (sp=0x0000000172af0030)
0x0000000172af0030:   0000000000000000 000000011a9f2e44
0x0000000172af0040:   000000012dc8ea9c 0000000172af0070
0x0000000172af0050:   13d013d800000002 0000000af984cca0
0x0000000172af0060:   0000000172af00e0 000000012dce2034
0x0000000172af0070:   13d013d800000000 0000000000000000
0x0000000172af0080:   0000000000000000 0000000af9a9d1c0
0x0000000172af0090:   0000000000000000 000000011370cadc
0x0000000172af00a0:   0000000130aa8be0 00000000a01bd972
0x0000000172af00b0:   0000000172af0278 0000000000000017
0x0000000172af00c0:   0000000130aa8b5c 000000010af4bf90
0x0000000172af00d0:   0000000000000002 0000000af984cca0
0x0000000172af00e0:   0000000172af0150 000000012d7f55b8
0x0000000172af00f0:   00000001305a0fbc 0000000000000002
0x0000000172af0100:   0000000000000000 0000000af4688600
0x0000000172af0110:   0000000130aa8be0 00000000a01bd972
0x0000000172af0120:   0000000172af0278 0000000000000017
0x0000000172af0130:   0000000130aa8b5c 000000010af4bf90
0x0000000172af0140:   0000000172af01f0 00000070013cb608
0x0000000172af0150:   0000000172af0160 000000012d822cfc
0x0000000172af0160:   0000000172af01c0 000000011aca47c0
0x0000000172af0170:   0000007001420720 00000001309a2668
0x0000000172af0180:   0000000000000000 00000004d898f858
0x0000000172af0190:   00000004d898f848 00000004d898f830
0x0000000172af01a0:   0000000172af0330 0000000af4688600
0x0000000172af01b0:   00000004d768bf90 0000000113964a14
0x0000000172af01c0:   0000000172af0260 000000011a289fc8
0x0000000172af01d0:   0000000000000000 0000000af9932210
0x0000000172af01e0:   00000000000003d8 0000000af98c5410
0x0000000172af01f0:   0000000000000002 0000000000000000
0x0000000172af0200:   0000000af984cc40 0000000000000000
0x0000000172af0210:   0000000172af0210 0000000130aa8b5c
0x0000000172af0220:   0000000172af0278 0000000130aa8be0 

Instructions: (pc=0x000000012dc8e928)
0x000000012dc8e828:   41 03 00 54 c8 15 00 f0 00 01 43 f9 d5 53 01 94
0x000000012dc8e838:   fd 7b 48 a9 f4 4f 47 a9 f6 57 46 a9 f8 5f 45 a9
0x000000012dc8e848:   ff 43 02 91 c0 03 5f d6 00 09 00 b0 00 3c 1e 91
0x000000012dc8e858:   82 15 00 90 42 80 1b 91 61 15 80 52 41 52 01 94
0x000000012dc8e868:   20 00 20 d4 c0 15 00 f0 00 00 18 91 d0 48 01 94
0x000000012dc8e878:   be 53 01 94 40 f8 ff 34 7f 47 01 94 ac 4e 01 94
0x000000012dc8e888:   15 00 00 52 c4 ff ff 17 a9 4e 01 94 c0 fc 07 37
0x000000012dc8e898:   28 00 80 52 c9 15 00 f0 28 21 18 39 e2 ff ff 17
0x000000012dc8e8a8:   f3 03 00 aa ff fe 9f c8 02 00 00 14 f3 03 00 aa
0x000000012dc8e8b8:   e0 23 00 91 b1 02 00 94 e0 03 13 aa d6 52 01 94
0x000000012dc8e8c8:   c6 51 01 94 e8 03 00 aa e9 03 28 2a 20 01 40 92
0x000000012dc8e8d8:   01 05 00 91 c0 03 5f d6 ff 03 01 d1 f6 57 01 a9
0x000000012dc8e8e8:   f4 4f 02 a9 fd 7b 03 a9 fd c3 00 91 29 01 80 52
0x000000012dc8e8f8:   07 00 00 14 28 f4 7c 92 eb 03 01 aa 08 fc eb c8
0x000000012dc8e908:   7f 01 01 eb 60 0b 00 54 e1 03 0b aa 2a ec 7c 92
0x000000012dc8e918:   48 09 40 f9 e8 00 00 b5 eb 03 0a aa 6c 01 40 f9
0x000000012dc8e928:   8b 05 00 f9 88 09 40 f9 eb 03 0c aa 88 ff ff b4
0x000000012dc8e938:   48 09 00 f9 2b 00 09 8a 7f 05 00 f1 c0 fd ff 54
0x000000012dc8e948:   c1 01 18 37 0b 85 40 39 7f 05 00 71 21 02 00 54
0x000000012dc8e958:   0b 05 40 f9 eb 01 00 b4 4b 09 00 f9 2c f4 7c 92
0x000000012dc8e968:   eb 03 01 aa 0c fc eb c8 7f 01 01 eb 80 05 00 54
0x000000012dc8e978:   48 09 00 f9 e5 ff ff 17 2a 02 80 52 eb 03 01 aa
0x000000012dc8e988:   0a fc eb c8 7f 01 01 eb 01 fc ff 54 06 00 00 14
0x000000012dc8e998:   0a 00 80 d2 eb 03 01 aa 0a fc eb c8 7f 01 01 eb
0x000000012dc8e9a8:   41 fb ff 54 33 00 80 52 14 00 80 92 03 00 00 14
0x000000012dc8e9b8:   e8 03 15 aa f5 05 00 b4 15 05 40 f9 09 0d 40 f9
0x000000012dc8e9c8:   29 06 00 b4 29 01 33 f8 49 06 f8 b7 16 0d 40 f9
0x000000012dc8e9d8:   f6 07 00 f9 13 01 02 19 c8 c2 00 91 08 81 73 38
0x000000012dc8e9e8:   1f fd 03 71 a0 00 00 54 c8 02 74 f8 1f 05 00 f1
0x000000012dc8e9f8:   01 fe ff 54 06 00 00 14 c0 16 40 f9 c5 52 01 94
0x000000012dc8ea08:   c8 02 74 f8 1f 05 00 f1 41 fd ff 54 bf 39 03 d5
0x000000012dc8ea18:   e0 23 00 91 93 a2 ff 97 e6 ff ff 17 0a 0d 40 f9 


Stack slot to memory mapping:
stack at sp + 0 slots: 0x0 is NULL
stack at sp + 1 slots: 0x000000011a9f2e44 is at entry_point+132 in (nmethod*)0x000000011a9f2c10
Compiled method (n/a) 10744  624     n 0       jdk.internal.misc.Unsafe::allocateInstance (native)
 total in heap  [0x000000011a9f2c10,0x000000011a9f2fd8] = 968
 relocation     [0x000000011a9f2d68,0x000000011a9f2d90] = 40
 main code      [0x000000011a9f2dc0,0x000000011a9f2fd0] = 528
 metadata       [0x000000011a9f2fd0,0x000000011a9f2fd8] = 8
stack at sp + 2 slots: 0x000000012dc8ea9c: _ZN3std3sys4sync6rwlock5queue9read_lock17h13872b2e348e7727E+0 in /Users/jeff/git/m/mongo-java-driver/build/jnaLibs/rust-core/libmongo_rust_core.dylib at 0x000000012d79c000
stack at sp + 3 slots: 0x0000000172af0070 is pointing into the stack for thread: 0x0000000af4688600
stack at sp + 4 slots: 0x13d013d800000002 is an unknown value
stack at sp + 5 slots: 0x0000000af984cca0 points into unknown readable memory: 0x0000000172af0076 | 76 00 af 72 01 00 00 00
stack at sp + 6 slots: 0x0000000172af00e0 is pointing into the stack for thread: 0x0000000af4688600
stack at sp + 7 slots: 0x000000012dce2034: _ZN3std3sys4sync6rwlock5queue6RwLock14lock_contended17h96737f843a762ed0E+0xf0 in /Users/jeff/git/m/mongo-java-driver/build/jnaLibs/rust-core/libmongo_rust_core.dylib at 0x000000012d79c000


Compiled method (n/a) 10745 6963     n 0       com.mongodb.internal.rust.JniBindings::releaseSession (native)
 total in heap  [0x000000011aca4590,0x000000011aca48e0] = 848
 relocation     [0x000000011aca46e8,0x000000011aca4718] = 48
 main code      [0x000000011aca4740,0x000000011aca48c8] = 392
 oops           [0x000000011aca48c8,0x000000011aca48d8] = 16
 metadata       [0x000000011aca48d8,0x000000011aca48e0] = 8

[Constant Pool (empty)]

[MachCode]
[Entry Point]
  # {method} {0x00000001308d6f78} 'releaseSession' '(JJ)V' in 'com/mongodb/internal/rust/JniBindings'
  # parm0:    c_rarg1:c_rarg1 
                        = long
  # parm1:    c_rarg2:c_rarg2 
                        = long
  #           [sp+0x60]  (sp of caller)
  0x000000011aca4740: 2808 40b9 | 3f01 086b | 4000 0054 

  0x000000011aca474c: ;   {runtime_call ic_miss_stub}
  0x000000011aca474c: 2d81 d817 
[Verified Entry Point]
  0x000000011aca4750: 1f20 03d5 | e953 40d1 | 3f01 00f9 | fd7b bfa9 | fd03 0091 | ff43 01d1 | e303 02aa | e203 01aa 
  0x000000011aca4770: ;   {oop(a 'java/lang/Class'{0x00000004d768bf90} = 'com/mongodb/internal/rust/JniBindings')}
  0x000000011aca4770: 01f2 97d2 | 01ed baf2 | 8100 c0f2 | e123 00f9 | e103 0191 | e801 0010 | 884f 01f9 | e803 0091 
  0x000000011aca4790: 884b 01f9 

  0x000000011aca4794: ;   {external_word}
  0x000000011aca4794: 8814 f8f0 | 08a9 5339 | 0806 0035 | 80c3 0a91 | e803 7eb2 | 89e3 0c91 | 28fd 9f88 

  0x000000011aca47b0: ;   {runtime_call Java_com_mongodb_internal_rust_JniBindings_releaseSession}
  0x000000011aca47b0: 089c 85d2 | 48b0 a5f2 | 2800 c0f2 | 0001 3fd6 | a800 80d2 | 883b 03b9 | bf3b 03d5 | 8803 0d91 
  0x000000011aca47d0: 08fd dfc8 | bf03 08eb | 6803 0054 | 882b 43b9 | 2803 0035 | e803 7db2 | 89e3 0c91 | 28fd 9f88 
  0x000000011aca47f0: 88a3 4e39 | 1f09 0071 | c001 0054 

  0x000000011aca47fc: ;   {external_word}
  0x000000011aca47fc: 8814 f8f0 | 08a9 5339 | a804 0035 | 9f4b 01f9 | 9f4f 01f9 | 826f 40f9 | 5f80 00f9 | bf03 0091 
  0x000000011aca481c: fd7b c1a8 | 8807 40f9 | 4800 00b5 | c003 5fd6 

  0x000000011aca482c: ;   {runtime_call StubRoutines (1)}
  0x000000011aca482c: 157e d717 

  0x000000011aca4830: ;   {runtime_call SharedRuntime::reguard_yellow_pages()}
  0x000000011aca4830: 8864 90d2 | 4856 a1f2 | 2800 c0f2 | 0001 3fd6 | efff ff17 | e003 1caa 

  0x000000011aca4848: ;   {runtime_call JavaThread::check_special_condition_for_native_trans(JavaThread*)}
  0x000000011aca4848: 084e 93d2 | 0859 a1f2 | 2800 c0f2 | 0001 3fd6 | e3ff ff17 | e10b bea9 | e37f 01a9 

  0x000000011aca4864: ;   {metadata({method} {0x00000001308d6f78} 'releaseSession' '(JJ)V' in 'com/mongodb/internal/rust/JniBindings')}
  0x000000011aca4864: 01ef 8dd2 | a111 a6f2 | 2100 c0f2 | e003 1caa | e833 bfa9 | 082e 8cd2 | 4856 a1f2 | 2800 c0f2 
  0x000000011aca4884: 0001 3fd6 | e833 c1a8 | e37f 41a9 | e10b c2a8 | c3ff ff17 

  0x000000011aca4898: ;   {metadata({method} {0x00000001308d6f78} 'releaseSession' '(JJ)V' in 'com/mongodb/internal/rust/JniBindings')}
  0x000000011aca4898: 01ef 8dd2 | a111 a6f2 | 2100 c0f2 | e003 1caa | e833 bfa9 | 0842 8cd2 | 4856 a1f2 | 2800 c0f2 
  0x000000011aca48b8: 0001 3fd6 | e833 c1a8 | d2ff ff17 | 0000 0000 
[/MachCode]


Compiled method (c1) 10750 7461       3       com.mongodb.reactivestreams.client.internal.ClientSessionBinding::release (37 bytes)
 total in heap  [0x00000001139c1d90,0x00000001139c2938] = 2984
 relocation     [0x00000001139c1ee8,0x00000001139c1fd0] = 232
 main code      [0x00000001139c2000,0x00000001139c2540] = 1344
 stub code      [0x00000001139c2540,0x00000001139c2648] = 264
 oops           [0x00000001139c2648,0x00000001139c2658] = 16
 metadata       [0x00000001139c2658,0x00000001139c26e8] = 144
 scopes data    [0x00000001139c26e8,0x00000001139c2788] = 160
 scopes pcs     [0x00000001139c2788,0x00000001139c28e8] = 352
 dependencies   [0x00000001139c28e8,0x00000001139c2900] = 24
 nul chk table  [0x00000001139c2900,0x00000001139c2938] = 56

[Constant Pool (empty)]

[MachCode]
[Entry Point]
  # {method} {0x0000000130aa50d8} 'release' '()I' in 'com/mongodb/reactivestreams/client/internal/ClientSessionBinding'
  #           [sp+0x70]  (sp of caller)
  0x00000001139c2000: 2808 40b9 | 3f01 086b | c001 0054 

  0x00000001139c200c: ;   {runtime_call ic_miss_stub}
  0x00000001139c200c: fd0a a415 | 1f20 03d5 | 1f20 03d5 | 1f20 03d5 | 1f20 03d5 | 1f20 03d5 | 1f20 03d5 | 1f20 03d5 
  0x00000001139c202c: 1f20 03d5 | 1f20 03d5 | 1f20 03d5 | 1f20 03d5 | 1f20 03d5 
[Verified Entry Point]
  0x00000001139c2040: 1f20 03d5 | e953 40d1 | 3f01 00f9 | ffc3 01d1 | fd7b 06a9 | e11b 00f9 

  0x00000001139c2058: ;   {metadata(method data for {method} {0x0000000130aa50d8} 'release' '()I' in 'com/mongodb/reactivestreams/client/internal/ClientSessionBinding')}
  0x00000001139c2058: 00aa 9dd2 | e018 a6f2 | 2000 c0f2 | 02ac 40b9 | 4208 0011 | 02ac 00b9 | 4224 1f12 | 5f00 0071 
  0x00000001139c2078: 801f 0054 | e003 01aa 

  0x00000001139c2080: ;   {metadata(method data for {method} {0x0000000130aa50d8} 'release' '()I' in 'com/mongodb/reactivestreams/client/internal/ClientSessionBinding')}
  0x00000001139c2080: 02aa 9dd2 | e218 a6f2 | 2200 c0f2 | 4878 40f9 | 0805 0091 | 4878 00f9 

  0x00000001139c2098: ;   {metadata(method data for {method} {0x00000001305044c0} 'release' '()I' in 'com/mongodb/internal/binding/AbstractReferenceCounted')}
  0x00000001139c2098: 009a 89d2 | 4017 a6f2 | 2000 c0f2 | 02ac 40b9 | 4208 0011 | 02ac 00b9 | 424c 1f12 | 5f00 0071 
  0x00000001139c20b8: 801e 0054 | 200c 40b9 | 00f0 7dd3 

  0x00000001139c20c4: ; implicit exception: dispatches to 0x00000001139c24a8
  0x00000001139c20c4: 1f00 40f9 | e203 00aa 

  0x00000001139c20cc: ;   {metadata(method data for {method} {0x00000001305044c0} 'release' '()I' in 'com/mongodb/internal/binding/AbstractReferenceCounted')}
  0x00000001139c20cc: 039a 89d2 | 4317 a6f2 | 2300 c0f2 | 6878 40f9 | 0805 0091 | 6878 00f9 | e103 00aa 

  0x00000001139c20e8: ; ImmutableOopMap {[48]=Oop }
                      ;*invokevirtual decrementAndGet {reexecute=0 rethrow=0 return_oop=0}
                      ; - com.mongodb.internal.binding.AbstractReferenceCounted::release@4 (line 41)
                      ; - com.mongodb.reactivestreams.client.internal.ClientSessionBinding::release@1 (line 119)
                      ;   {optimized virtual_call}
  0x00000001139c20e8: eac4 c895 | e03b 00b9 | 1f00 0071 

  0x00000001139c20f4: ;   {metadata(method data for {method} {0x00000001305044c0} 'release' '()I' in 'com/mongodb/internal/binding/AbstractReferenceCounted')}
  0x00000001139c20f4: 019a 89d2 | 4117 a6f2 | 2100 c0f2 | 0827 80d2 | 0925 80d2 | 02b1 899a | 2368 62f8 | 6304 0091 
  0x00000001139c2114: 2368 22f8 | 6b16 0054 | 1f00 0071 

  0x00000001139c2120: ;   {metadata(method data for {method} {0x0000000130aa50d8} 'release' '()I' in 'com/mongodb/reactivestreams/client/internal/ClientSessionBinding')}
  0x00000001139c2120: 01aa 9dd2 | e118 a6f2 | 2100 c0f2 | e803 78b2 | 0922 80d2 | 0211 899a | 2368 62f8 | 6304 0091 
  0x00000001139c2140: 2368 22f8 | 0110 0054 | e11b 40f9 | 2214 40b9 | 42f0 7dd3 | 4201 00b4 

  0x00000001139c2158: ;   {metadata('com/mongodb/internal/binding/AsyncClusterBinding')}
  0x00000001139c2158: 05f9 84d2 | 8528 a0f2 | 050e c0f2 | 4608 40b9 | c608 5cd2 | c820 40f9 | bf00 08eb | c119 0054 
  0x00000001139c2178: 0100 0014 | e303 02aa 

  0x00000001139c2180: ; implicit exception: dispatches to 0x00000001139c24b0
  0x00000001139c2180: 5f00 40f9 | e303 02aa 

  0x00000001139c2188: ;   {metadata(method data for {method} {0x0000000130aa50d8} 'release' '()I' in 'com/mongodb/reactivestreams/client/internal/ClientSessionBinding')}
  0x00000001139c2188: 04aa 9dd2 | e418 a6f2 | 2400 c0f2 | 6308 40b9 | 6308 5cd2 | 89c0 0491 | 2801 40f9 | 7f00 08eb 
  0x00000001139c21a8: a100 0054 | 889c 40f9 | 0805 0091 | 889c 00f9 | 1c00 0014 | 8900 0591 | 2801 40f9 | 7f00 08eb 
  0x00000001139c21c8: a100 0054 | 88a4 40f9 | 0805 0091 | 88a4 00f9 | 1400 0014 | 89c0 0491 | 2801 40f9 | c800 00b5 
  0x00000001139c21e8: 2301 00f9 | e803 40b2 | 89e0 0491 | 2801 00f9 | 0c00 0014 | 8900 0591 | 2801 40f9 | c800 00b5 
  0x00000001139c2208: 2301 00f9 | e803 40b2 | 8920 0591 | 2801 00f9 | 0400 0014 | 8890 40f9 | 0805 0091 | 8890 00f9 
  0x00000001139c2228: ;   {metadata(method data for {method} {0x00000001305044c0} 'release' '()I' in 'com/mongodb/internal/binding/AbstractReferenceCounted')}
  0x00000001139c2228: 039a 89d2 | 4317 a6f2 | 2300 c0f2 | 64ac 40b9 | 8408 0011 | 64ac 00b9 | 844c 1f12 | 9f00 0071 
  0x00000001139c2248: 6013 0054 | 420c 40b9 | 42f0 7dd3 

  0x00000001139c2254: ; implicit exception: dispatches to 0x00000001139c24d4
  0x00000001139c2254: 5f00 40f9 | e303 02aa 

  0x00000001139c225c: ;   {metadata(method data for {method} {0x00000001305044c0} 'release' '()I' in 'com/mongodb/internal/binding/AbstractReferenceCounted')}
  0x00000001139c225c: 049a 89d2 | 4417 a6f2 | 2400 c0f2 | 8878 40f9 | 0805 0091 | 8878 00f9 | e103 02aa 

  0x00000001139c2278: ; ImmutableOopMap {[48]=Oop }
                      ;*invokevirtual decrementAndGet {reexecute=0 rethrow=0 return_oop=0}
                      ; - com.mongodb.internal.binding.AbstractReferenceCounted::release@4 (line 41)
                      ; - com.mongodb.reactivestreams.client.internal.ClientSessionBinding::release@13 (line 121)
                      ;   {optimized virtual_call}
  0x00000001139c2278: 86c4 c895 | 1f00 0071 

  0x00000001139c2280: ;   {metadata(method data for {method} {0x00000001305044c0} 'release' '()I' in 'com/mongodb/internal/binding/AbstractReferenceCounted')}
  0x00000001139c2280: 019a 89d2 | 4117 a6f2 | 2100 c0f2 | 0827 80d2 | 0925 80d2 | 00b1 899a | 2268 60f8 | 4204 0091 
  0x00000001139c22a0: 2268 20f8 | eb05 0054 | e11b 40f9 | 2040 4039 | 1f00 0071 

  0x00000001139c22b4: ;   {metadata(method data for {method} {0x0000000130aa50d8} 'release' '()I' in 'com/mongodb/reactivestreams/client/internal/ClientSessionBinding')}
  0x00000001139c22b4: 00aa 9dd2 | e018 a6f2 | 2000 c0f2 | 082b 80d2 | 092d 80d2 | 0201 899a | 0368 62f8 | 6304 0091 
  0x00000001139c22d4: 0368 22f8 | 6003 0054 | 2118 40b9 | 21f0 7dd3 | 2101 00b4 

  0x00000001139c22e8: ;   {metadata('com/mongodb/reactivestreams/client/internal/ClientSessionPublisherImpl')}
  0x00000001139c22e8: 0334 84d2 | 8328 a0f2 | 030e c0f2 | 2808 40b9 | 0809 5cd2 | 1f01 03eb | c10e 0054 | 0100 0014 
  0x00000001139c2308: e003 01aa 

  0x00000001139c230c: ; implicit exception: dispatches to 0x00000001139c24dc
  0x00000001139c230c: 3f00 40f9 | e003 01aa 

  0x00000001139c2314: ;   {metadata(method data for {method} {0x0000000130aa50d8} 'release' '()I' in 'com/mongodb/reactivestreams/client/internal/ClientSessionBinding')}
  0x00000001139c2314: 02aa 9dd2 | e218 a6f2 | 2200 c0f2 

  0x00000001139c2320: ;   {metadata('com/mongodb/reactivestreams/client/internal/ClientSessionPublisherImpl')}
  0x00000001139c2320: 0834 84d2 | 8828 a0f2 | 080e c0f2 | 4920 0691 | 2801 00f9 | 48c8 40f9 | 0805 0091 | 48c8 00f9 
  0x00000001139c2340: ; ImmutableOopMap {}
                      ;*invokeinterface close {reexecute=0 rethrow=0 return_oop=0}
                      ; - com.mongodb.reactivestreams.client.internal.ClientSessionBinding::release@30 (line 123)
                      ;   {optimized virtual_call}
  0x00000001139c2340: 9800 0094 | e03b 40b9 | fd7b 46a9 | ffc3 0191 

  0x00000001139c2350: ;   {poll_return}
  0x00000001139c2350: 88a3 41f9 | ff63 28eb | 480c 0054 | c003 5fd6 

  0x00000001139c2360: ; ImmutableOopMap {[48]=Oop }
                      ;*new {reexecute=0 rethrow=0 return_oop=0}
                      ; - com.mongodb.internal.binding.AbstractReferenceCounted::release@12 (line 43)
                      ; - com.mongodb.reactivestreams.client.internal.ClientSessionBinding::release@13 (line 121)
                      ;   {runtime_call load_mirror_patching Runtime1 stub}
  0x00000001139c2360: 28dc a695 | 68ec 4439 | 1f11 0071 

  0x00000001139c236c: ; implicit exception: dispatches to 0x00000001139c24ec
  0x00000001139c236c: 210c 0054 | 8087 40f9 | 0ba0 0091 | 888f 40f9 | 7f01 08eb | 880b 0054 | 8b87 00f9 | ea03 40b2 
  0x00000001139c238c: 0a00 00f9 | 6a08 5cd2 | 0a7c 0129 | 0a40 0091 | 5f01 00f9 | 5ffd 00a9 | bf3a 03d5 | e203 00aa 
  0x00000001139c23ac: ;   {metadata(method data for {method} {0x00000001305044c0} 'release' '()I' in 'com/mongodb/internal/binding/AbstractReferenceCounted')}
  0x00000001139c23ac: 039a 89d2 | 4317 a6f2 | 2300 c0f2 | 68a4 40f9 | 0805 0091 | 68a4 00f9 

  0x00000001139c23c4: ;   {oop("Attempted to decrement the reference count below 0"{0x00000004d76bbd68})}
  0x00000001139c23c4: 02ad 97d2 | 62ed baf2 | 8200 c0f2 | e103 00aa | e023 00f9 

  0x00000001139c23d8: ; ImmutableOopMap {[48]=Oop [64]=Oop }
                      ;*invokespecial <init> {reexecute=0 rethrow=0 return_oop=0}
                      ; - com.mongodb.internal.binding.AbstractReferenceCounted::release@18 (line 43)
                      ; - com.mongodb.reactivestreams.client.internal.ClientSessionBinding::release@13 (line 121)
                      ;   {optimized virtual_call}
  0x00000001139c23d8: ca0a a495 | e023 40f9 | 4e00 0014 

  0x00000001139c23e4: ; ImmutableOopMap {[48]=Oop }
                      ;*new {reexecute=0 rethrow=0 return_oop=0}
                      ; - com.mongodb.internal.binding.AbstractReferenceCounted::release@12 (line 43)
                      ; - com.mongodb.reactivestreams.client.internal.ClientSessionBinding::release@1 (line 119)
                      ;   {runtime_call load_mirror_patching Runtime1 stub}
  0x00000001139c23e4: 07dc a695 | 68ec 4439 | 1f11 0071 

  0x00000001139c23f0: ; implicit exception: dispatches to 0x00000001139c24f8
  0x00000001139c23f0: 6108 0054 | 8087 40f9 | 0ba0 0091 | 888f 40f9 | 7f01 08eb | c807 0054 | 8b87 00f9 | ea03 40b2 
  0x00000001139c2410: 0a00 00f9 | 6a08 5cd2 | 0a7c 0129 | 0a40 0091 | 5f01 00f9 | 5ffd 00a9 | bf3a 03d5 | e203 00aa 
  0x00000001139c2430: ;   {metadata(method data for {method} {0x00000001305044c0} 'release' '()I' in 'com/mongodb/internal/binding/AbstractReferenceCounted')}
  0x00000001139c2430: 039a 89d2 | 4317 a6f2 | 2300 c0f2 | 68a4 40f9 | 0805 0091 | 68a4 00f9 

  0x00000001139c2448: ;   {oop("Attempted to decrement the reference count below 0"{0x00000004d76bbd68})}
  0x00000001139c2448: 02ad 97d2 | 62ed baf2 | 8200 c0f2 | e103 00aa | e027 00f9 

  0x00000001139c245c: ; ImmutableOopMap {[48]=Oop [72]=Oop }
                      ;*invokespecial <init> {reexecute=0 rethrow=0 return_oop=0}
                      ; - com.mongodb.internal.binding.AbstractReferenceCounted::release@18 (line 43)
                      ; - com.mongodb.reactivestreams.client.internal.ClientSessionBinding::release@1 (line 119)
                      ;   {optimized virtual_call}
  0x00000001139c245c: a90a a495 | e027 40f9 | 2d00 0014 

  0x00000001139c2468: ;   {metadata({method} {0x0000000130aa50d8} 'release' '()I' in 'com/mongodb/reactivestreams/client/internal/ClientSessionBinding')}
  0x00000001139c2468: 081b 8ad2 | 4815 a6f2 | 2800 c0f2 | e807 00f9 | 0800 8092 | e803 00f9 

  0x00000001139c2480: ; ImmutableOopMap {c_rarg1=Oop [48]=Oop }
                      ;*synchronization entry
                      ; - com.mongodb.reactivestreams.client.internal.ClientSessionBinding::release@-1 (line 119)
                      ;   {runtime_call counter_overflow Runtime1 stub}
  0x00000001139c2480: 20de a695 | fefe ff17 

  0x00000001139c2488: ;   {metadata({method} {0x00000001305044c0} 'release' '()I' in 'com/mongodb/internal/binding/AbstractReferenceCounted')}
  0x00000001139c2488: 0898 88d2 | 080a a6f2 | 2800 c0f2 | e807 00f9 | 0800 8092 | e803 00f9 

  0x00000001139c24a0: ; ImmutableOopMap {c_rarg1=Oop [48]=Oop }
                      ;*synchronization entry
                      ; - com.mongodb.internal.binding.AbstractReferenceCounted::release@-1 (line 41)
                      ; - com.mongodb.reactivestreams.client.internal.ClientSessionBinding::release@1 (line 119)
                      ;   {runtime_call counter_overflow Runtime1 stub}
  0x00000001139c24a0: 18de a695 | 06ff ff17 

  0x00000001139c24a8: ; ImmutableOopMap {c_rarg1=Oop [48]=Oop c_rarg0=Oop }
                      ;*invokevirtual decrementAndGet {reexecute=0 rethrow=0 return_oop=0}
                      ; - com.mongodb.internal.binding.AbstractReferenceCounted::release@4 (line 41)
                      ; - com.mongodb.reactivestreams.client.internal.ClientSessionBinding::release@1 (line 119)
                      ;   {runtime_call throw_null_pointer_exception Runtime1 stub}
  0x00000001139c24a8: 16c9 a695 

  0x00000001139c24ac: ; ImmutableOopMap {c_rarg1=Oop [48]=Oop c_rarg2=Oop }
                      ;*invokeinterface release {reexecute=0 rethrow=0 return_oop=0}
                      ; - com.mongodb.reactivestreams.client.internal.ClientSessionBinding::release@13 (line 121)
                      ;   {runtime_call throw_incompatible_class_change_error Runtime1 stub}
  0x00000001139c24ac: 55d4 a695 

  0x00000001139c24b0: ; ImmutableOopMap {c_rarg1=Oop [48]=Oop c_rarg2=Oop }
                      ;*invokeinterface release {reexecute=0 rethrow=0 return_oop=0}
                      ; - com.mongodb.reactivestreams.client.internal.ClientSessionBinding::release@13 (line 121)
                      ;   {runtime_call throw_null_pointer_exception Runtime1 stub}
  0x00000001139c24b0: 14c9 a695 

  0x00000001139c24b4: ;   {metadata({method} {0x00000001305044c0} 'release' '()I' in 'com/mongodb/internal/binding/AbstractReferenceCounted')}
  0x00000001139c24b4: 0898 88d2 | 080a a6f2 | 2800 c0f2 | e807 00f9 | 0800 8092 | e803 00f9 

  0x00000001139c24cc: ; ImmutableOopMap {c_rarg1=Oop [48]=Oop c_rarg2=Oop }
                      ;*synchronization entry
                      ; - com.mongodb.internal.binding.AbstractReferenceCounted::release@-1 (line 41)
                      ; - com.mongodb.reactivestreams.client.internal.ClientSessionBinding::release@13 (line 121)
                      ;   {runtime_call counter_overflow Runtime1 stub}
  0x00000001139c24cc: 0dde a695 | 5fff ff17 

  0x00000001139c24d4: ; ImmutableOopMap {c_rarg1=Oop [48]=Oop c_rarg2=Oop }
                      ;*invokevirtual decrementAndGet {reexecute=0 rethrow=0 return_oop=0}
                      ; - com.mongodb.internal.binding.AbstractReferenceCounted::release@4 (line 41)
                      ; - com.mongodb.reactivestreams.client.internal.ClientSessionBinding::release@13 (line 121)
                      ;   {runtime_call throw_null_pointer_exception Runtime1 stub}
  0x00000001139c24d4: 0bc9 a695 

  0x00000001139c24d8: ; ImmutableOopMap {c_rarg1=Oop }
                      ;*invokeinterface close {reexecute=0 rethrow=0 return_oop=0}
                      ; - com.mongodb.reactivestreams.client.internal.ClientSessionBinding::release@30 (line 123)
                      ;   {runtime_call throw_incompatible_class_change_error Runtime1 stub}
  0x00000001139c24d8: 4ad4 a695 

  0x00000001139c24dc: ; ImmutableOopMap {c_rarg1=Oop }
                      ;*invokeinterface close {reexecute=0 rethrow=0 return_oop=0}
                      ; - com.mongodb.reactivestreams.client.internal.ClientSessionBinding::release@30 (line 123)
                      ;   {runtime_call throw_null_pointer_exception Runtime1 stub}
  0x00000001139c24dc: 09c9 a695 

  0x00000001139c24e0: ;   {internal_word}
  0x00000001139c24e0: 88f3 ff10 | 88af 01f9 

  0x00000001139c24e8: ;   {runtime_call SafepointBlob}
  0x00000001139c24e8: 4623 a415 

  0x00000001139c24ec: ; ImmutableOopMap {[48]=Oop }
                      ;*new {reexecute=0 rethrow=0 return_oop=0}
                      ; - com.mongodb.internal.binding.AbstractReferenceCounted::release@12 (line 43)
                      ; - com.mongodb.reactivestreams.client.internal.ClientSessionBinding::release@13 (line 121)
                      ;   {runtime_call throw_null_pointer_exception Runtime1 stub}
  0x00000001139c24ec: 05c9 a695 

  0x00000001139c24f0: ; ImmutableOopMap {[48]=Oop }
                      ;*new {reexecute=0 rethrow=0 return_oop=0}
                      ; - com.mongodb.internal.binding.AbstractReferenceCounted::release@12 (line 43)
                      ; - com.mongodb.reactivestreams.client.internal.ClientSessionBinding::release@13 (line 121)
                      ;   {runtime_call fast_new_instance_init_check Runtime1 stub}
  0x00000001139c24f0: 84cd a695 | adff ff17 

  0x00000001139c24f8: ; ImmutableOopMap {[48]=Oop }
                      ;*new {reexecute=0 rethrow=0 return_oop=0}
                      ; - com.mongodb.internal.binding.AbstractReferenceCounted::release@12 (line 43)
                      ; - com.mongodb.reactivestreams.client.internal.ClientSessionBinding::release@1 (line 119)
                      ;   {runtime_call throw_null_pointer_exception Runtime1 stub}
  0x00000001139c24f8: 02c9 a695 

  0x00000001139c24fc: ; ImmutableOopMap {[48]=Oop }
                      ;*new {reexecute=0 rethrow=0 return_oop=0}
                      ; - com.mongodb.internal.binding.AbstractReferenceCounted::release@12 (line 43)
                      ; - com.mongodb.reactivestreams.client.internal.ClientSessionBinding::release@1 (line 119)
                      ;   {runtime_call fast_new_instance_init_check Runtime1 stub}
  0x00000001139c24fc: 81cd a695 | cbff ff17 | 1f20 03d5 | 1f20 03d5 | 80eb 41f9 | 9feb 01f9 | 9fef 01f9 | fd7b 46a9 
  0x00000001139c251c: ffc3 0191 

  0x00000001139c2520: ;   {runtime_call unwind_exception Runtime1 stub}
  0x00000001139c2520: 988f a415 | 0000 0000 | 0000 0000 | 0000 0000 | 0000 0000 | 0000 0000 | 0000 0000 | 0000 0000 
[Stub Code]
  0x00000001139c2540: ;   {no_reloc}
  0x00000001139c2540: df3f 03d5 

  0x00000001139c2544: ;   {metadata(NULL)}
  0x00000001139c2544: 0c00 80d2 | 0c00 a0f2 | 0c00 c0f2 | 0800 80d2 | 0800 a0f2 | 0800 c0f2 | 0001 1fd6 

  0x00000001139c2560: ;   {trampoline_stub}
  0x00000001139c2560: 4800 0058 | 0001 1fd6 | 9034 bf1a | 0100 0000 

  0x00000001139c2570: ;   {static_stub}
  0x00000001139c2570: df3f 03d5 

  0x00000001139c2574: ;   {metadata(NULL)}
  0x00000001139c2574: 0c00 80d2 | 0c00 a0f2 | 0c00 c0f2 | 0800 80d2 | 0800 a0f2 | 0800 c0f2 | 0001 1fd6 

  0x00000001139c2590: ;   {trampoline_stub}
  0x00000001139c2590: 4800 0058 | 0001 1fd6 | 9034 bf1a | 0100 0000 

  0x00000001139c25a0: ;   {static_stub}
  0x00000001139c25a0: df3f 03d5 

  0x00000001139c25a4: ;   {metadata({method} {0x0000000130a9f998} 'close' '()V' in 'com/mongodb/reactivestreams/client/internal/ClientSessionPublisherImpl')}
  0x00000001139c25a4: 0c33 9fd2 | 2c15 a6f2 | 2c00 c0f2 | 0857 88d2 | 8845 a3f2 | 2800 c0f2 | 0001 1fd6 

  0x00000001139c25c0: ;   {trampoline_stub}
  0x00000001139c25c0: 4800 0058 | 0001 1fd6 | a025 9c13 | 0100 0000 

  0x00000001139c25d0: ;   {static_stub}
  0x00000001139c25d0: df3f 03d5 

  0x00000001139c25d4: ;   {metadata(NULL)}
  0x00000001139c25d4: 0c00 80d2 | 0c00 a0f2 | 0c00 c0f2 | 0800 80d2 | 0800 a0f2 | 0800 c0f2 | 0001 1fd6 

  0x00000001139c25f0: ;   {trampoline_stub}
  0x00000001139c25f0: 4800 0058 | 0001 1fd6 | 004f 2c1a | 0100 0000 

  0x00000001139c2600: ;   {static_stub}
  0x00000001139c2600: df3f 03d5 

  0x00000001139c2604: ;   {metadata(NULL)}
  0x00000001139c2604: 0c00 80d2 | 0c00 a0f2 | 0c00 c0f2 | 0800 80d2 | 0800 a0f2 | 0800 c0f2 | 0001 1fd6 

  0x00000001139c2620: ;   {trampoline_stub}
  0x00000001139c2620: 4800 0058 | 0001 1fd6 | 004f 2c1a | 0100 0000 
[Exception Handler]
  0x00000001139c2630: ;   {runtime_call handle_exception_from_callee Runtime1 stub}
  0x00000001139c2630: b4d1 a695 | c1d5 bbd4 | 0e66 d90a | 0100 0000 
[Deopt Handler Code]
  0x00000001139c2640: 1e00 0010 

  0x00000001139c2644: ;   {runtime_call DeoptimizationBlob}
  0x00000001139c2644: bf23 a415 
[/MachCode]


Compiled method (c1) 10774 4823       3       com.mongodb.internal.async.AsyncSupplier::lambda$finish$0 (40 bytes)
 total in heap  [0x000000011370e910,0x00000001137108a8] = 8088
 relocation     [0x000000011370ea68,0x000000011370ed08] = 672
 main code      [0x000000011370ed40,0x000000011370ff00] = 4544
 stub code      [0x000000011370ff00,0x00000001137100f8] = 504
 oops           [0x00000001137100f8,0x0000000113710140] = 72
 metadata       [0x0000000113710140,0x00000001137102c0] = 384
 scopes data    [0x00000001137102c0,0x0000000113710578] = 696
 scopes pcs     [0x0000000113710578,0x0000000113710868] = 752
 dependencies   [0x0000000113710868,0x0000000113710870] = 8
 nul chk table  [0x0000000113710870,0x00000001137108a8] = 56

[Constant Pool (empty)]

[MachCode]
[Verified Entry Point]
  # {method} {0x00000001308e02d0} 'lambda$finish$0' '(Ljava/util/concurrent/atomic/AtomicBoolean;Lcom/mongodb/internal/async/SingleResultCallback;Ljava/lang/Object;Ljava/lang/Throwable;)V' in 'com/mongodb/internal/async/AsyncSupplier'
  # parm0:    c_rarg1:c_rarg1 
                        = 'java/util/concurrent/atomic/AtomicBoolean'
  # parm1:    c_rarg2:c_rarg2 
                        = 'com/mongodb/internal/async/SingleResultCallback'
  # parm2:    c_rarg3:c_rarg3 
                        = 'java/lang/Object'
  # parm3:    c_rarg4:c_rarg4 
                        = 'java/lang/Throwable'
  #           [sp+0x180]  (sp of caller)
  0x000000011370ed40: 1f20 03d5 | e953 40d1 | 3f01 00f9 | ff03 06d1 | fd7b 17a9 | e38b 14a9 | e48b 00f9 

  0x000000011370ed5c: ;   {metadata(method data for {method} {0x00000001308e02d0} 'lambda$finish$0' '(Ljava/util/concurrent/atomic/AtomicBoolean;Lcom/mongodb/internal/async/SingleResultCallback;Ljava/lang/Object;Ljava/lang/Throwable;)V' in 'com/mongodb/internal/async/AsyncSupplier')}
  0x000000011370ed5c: 0024 8fd2 | 0017 a6f2 | 2000 c0f2 | 0aac 40b9 | 4a09 0011 | 0aac 00b9 | 4a25 1f12 | 5f01 0071 
  0x000000011370ed7c: 2073 0054 

  0x000000011370ed80: ; implicit exception: dispatches to 0x000000011370fc00
  0x000000011370ed80: 3f00 40f9 | e003 01aa 

  0x000000011370ed88: ;   {metadata(method data for {method} {0x00000001308e02d0} 'lambda$finish$0' '(Ljava/util/concurrent/atomic/AtomicBoolean;Lcom/mongodb/internal/async/SingleResultCallback;Ljava/lang/Object;Ljava/lang/Throwable;)V' in 'com/mongodb/internal/async/AsyncSupplier')}
  0x000000011370ed88: 0a24 8fd2 | 0a17 a6f2 | 2a00 c0f2 | 4879 40f9 | 0805 0091 | 4879 00f9 

  0x000000011370eda0: ;   {metadata(method data for {method} {0x000000012f0db7c0} 'compareAndSet' '(ZZ)Z' in 'java/util/concurrent/atomic/AtomicBoolean')}
  0x000000011370eda0: 000b 9ed2 | 000f a6f2 | 2000 c0f2 | 0aac 40b9 | 4a09 0011 | 0aac 00b9 | 4a4d 1f12 | 5f01 0071 
  0x000000011370edc0: 2072 0054 

  0x000000011370edc4: ;   {metadata(method data for {method} {0x000000012f0db7c0} 'compareAndSet' '(ZZ)Z' in 'java/util/concurrent/atomic/AtomicBoolean')}
  0x000000011370edc4: 000b 9ed2 | 000f a6f2 | 2000 c0f2 | 0a78 40f9 | 4a05 0091 | 0a78 00f9 

  0x000000011370eddc: ;   {metadata(method data for {method} {0x000000012f0db7c0} 'compareAndSet' '(ZZ)Z' in 'java/util/concurrent/atomic/AtomicBoolean')}
  0x000000011370eddc: 000b 9ed2 | 000f a6f2 | 2000 c0f2 | 0a9c 40f9 | 4a05 0091 | 0a9c 00f9 

  0x000000011370edf4: ;   {metadata(method data for {method} {0x000000012f0db7c0} 'compareAndSet' '(ZZ)Z' in 'java/util/concurrent/atomic/AtomicBoolean')}
  0x000000011370edf4: 000b 9ed2 | 000f a6f2 | 2000 c0f2 | 0aa4 40f9 | 4a05 0091 | 0aa4 00f9 

  0x000000011370ee0c: ;   {metadata(method data for {method} {0x000000012f0db7c0} 'compareAndSet' '(ZZ)Z' in 'java/util/concurrent/atomic/AtomicBoolean')}
  0x000000011370ee0c: 000b 9ed2 | 000f a6f2 | 2000 c0f2 | 0060 0691 | ea03 01aa | 4a09 40b9 | 4a09 5cd2 | 0904 40f9 
  0x000000011370ee2c: 4a01 09ca | 48f5 7e92 | a800 00b4 | 8a00 0837 | 0904 40f9 | 2901 7fb2 | 0904 00f9 

  0x000000011370ee48: ;   {metadata(method data for {method} {0x0000007000182e90} 'guard_LII_Z' '(Ljava/lang/invoke/VarHandle;Ljava/lang/Object;IILjava/lang/invoke/VarHandle$AccessDescriptor;)Z' in 'java/lang/invoke/VarHandleGuards')}
  0x000000011370ee48: 0080 9ad2 | 000f a6f2 | 2000 c0f2 | 00e0 0f91 

  0x000000011370ee58: ;   {oop(a 'java/lang/invoke/VarHandleInts$FieldInstanceReadWrite'{0x00000004d55cfb20})}
  0x000000011370ee58: 0a64 9fd2 | 8aab baf2 | 8a00 c0f2 | eb03 0aaa | 8b00 00b5 | 0900 40f9 | 2901 40b2 | 0900 00f9 
  0x000000011370ee78: ;   {metadata(method data for {method} {0x000000012f0db7c0} 'compareAndSet' '(ZZ)Z' in 'java/util/concurrent/atomic/AtomicBoolean')}
  0x000000011370ee78: 000b 9ed2 | 000f a6f2 | 2000 c0f2 | 08b0 40f9 | 0805 0091 | 08b0 00f9 

  0x000000011370ee90: ;   {metadata(method data for {method} {0x0000007000182e90} 'guard_LII_Z' '(Ljava/lang/invoke/VarHandle;Ljava/lang/Object;IILjava/lang/invoke/VarHandle$AccessDescriptor;)Z' in 'java/lang/invoke/VarHandleGuards')}
  0x000000011370ee90: 0080 9ad2 | 000f a6f2 | 2000 c0f2 | 0bac 40b9 | 6b09 0011 | 0bac 00b9 | 6b4d 1f12 | 7f01 0071 
  0x000000011370eeb0: a06b 0054 

  0x000000011370eeb4: ;   {metadata(method data for {method} {0x0000007000182e90} 'guard_LII_Z' '(Ljava/lang/invoke/VarHandle;Ljava/lang/Object;IILjava/lang/invoke/VarHandle$AccessDescriptor;)Z' in 'java/lang/invoke/VarHandleGuards')}
  0x000000011370eeb4: 0080 9ad2 | 000f a6f2 | 2000 c0f2 | 00a0 0491 

  0x000000011370eec4: ;   {oop(a 'java/lang/invoke/VarHandle$AccessDescriptor'{0x00000004d5e23930})}
  0x000000011370eec4: 0b26 87d2 | 4bbc baf2 | 8b00 c0f2 | 8b00 00b5 | 0904 40f9 | 2901 40b2 | 0904 00f9 

  0x000000011370eee0: ;   {metadata(method data for {method} {0x0000007000182e90} 'guard_LII_Z' '(Ljava/lang/invoke/VarHandle;Ljava/lang/Object;IILjava/lang/invoke/VarHandle$AccessDescriptor;)Z' in 'java/lang/invoke/VarHandleGuards')}
  0x000000011370eee0: 0080 9ad2 | 000f a6f2 | 2000 c0f2 | 0878 40f9 | 0805 0091 | 0878 00f9 

  0x000000011370eef8: ;   {metadata(method data for {method} {0x00000070000c7648} 'checkExactAccessMode' '(Ljava/lang/invoke/VarHandle$AccessDescriptor;)V' in 'java/lang/invoke/VarHandle')}
  0x000000011370eef8: 0079 9ed2 | 60e3 a5f2 | 2000 c0f2 | 0aac 40b9 | 4a09 0011 | 0aac 00b9 | 4a4d 1f12 | 5f01 0071 
  0x000000011370ef18: 6069 0054 

  0x000000011370ef1c: ;   {metadata(method data for {method} {0x00000070000c7648} 'checkExactAccessMode' '(Ljava/lang/invoke/VarHandle$AccessDescriptor;)V' in 'java/lang/invoke/VarHandle')}
  0x000000011370ef1c: 0079 9ed2 | 60e3 a5f2 | 2000 c0f2 | 0a78 40f9 | 4a05 0091 | 0a78 00f9 

  0x000000011370ef34: ;   {oop(a 'java/lang/invoke/VarHandleInts$FieldInstanceReadWrite'{0x00000004d55cfb20})}
  0x000000011370ef34: 0064 9fd2 | 80ab baf2 | 8000 c0f2 

  0x000000011370ef40: ;   {metadata(method data for {method} {0x0000007000182e90} 'guard_LII_Z' '(Ljava/lang/invoke/VarHandle;Ljava/lang/Object;IILjava/lang/invoke/VarHandle$AccessDescriptor;)Z' in 'java/lang/invoke/VarHandleGuards')}
  0x000000011370ef40: 0a80 9ad2 | 0a0f a6f2 | 2a00 c0f2 | 0008 40b9 | 0008 5cd2 | 4941 0591 | 2801 40f9 | 1f00 08eb 
  0x000000011370ef60: a100 0054 | 48ad 40f9 | 0805 0091 | 48ad 00f9 | 1c00 0014 | 4981 0591 | 2801 40f9 | 1f00 08eb 
  0x000000011370ef80: a100 0054 | 48b5 40f9 | 0805 0091 | 48b5 00f9 | 1400 0014 | 4941 0591 | 2801 40f9 | c800 00b5 
  0x000000011370efa0: 2001 00f9 | e803 40b2 | 4961 0591 | 2801 00f9 | 0c00 0014 | 4981 0591 | 2801 40f9 | c800 00b5 
  0x000000011370efc0: 2001 00f9 | e803 40b2 | 49a1 0591 | 2801 00f9 | 0400 0014 | 48a1 40f9 | 0805 0091 | 48a1 00f9 
  0x000000011370efe0: ;   {metadata(method data for {method} {0x00000070000c2310} 'isDirect' '()Z' in 'java/lang/invoke/VarHandle')}
  0x000000011370efe0: 005d 80d2 | 80e3 a5f2 | 2000 c0f2 | 0aac 40b9 | 4a09 0011 | 0aac 00b9 | 4a4d 1f12 | 5f01 0071 
  0x000000011370f000: 2063 0054 

  0x000000011370f004: ;   {metadata(method data for {method} {0x0000007000182e90} 'guard_LII_Z' '(Ljava/lang/invoke/VarHandle;Ljava/lang/Object;IILjava/lang/invoke/VarHandle$AccessDescriptor;)Z' in 'java/lang/invoke/VarHandleGuards')}
  0x000000011370f004: 0080 9ad2 | 000f a6f2 | 2000 c0f2 | 0ac4 40f9 | 4a05 0091 | 0ac4 00f9 

  0x000000011370f01c: ;   {metadata(method data for {method} {0x0000007000182e90} 'guard_LII_Z' '(Ljava/lang/invoke/VarHandle;Ljava/lang/Object;IILjava/lang/invoke/VarHandle$AccessDescriptor;)Z' in 'java/lang/invoke/VarHandleGuards')}
  0x000000011370f01c: 0080 9ad2 | 000f a6f2 | 2000 c0f2 | 0ad4 40f9 | 4a05 0091 | 0ad4 00f9 

  0x000000011370f034: ;   {oop(a 'java/lang/invoke/VarForm'{0x00000004d59a4670})}
  0x000000011370f034: 00ce 88d2 | 40b3 baf2 | 8000 c0f2 

  0x000000011370f040: ;   {metadata(method data for {method} {0x0000007000182e90} 'guard_LII_Z' '(Ljava/lang/invoke/VarHandle;Ljava/lang/Object;IILjava/lang/invoke/VarHandle$AccessDescriptor;)Z' in 'java/lang/invoke/VarHandleGuards')}
  0x000000011370f040: 0a80 9ad2 | 0a0f a6f2 | 2a00 c0f2 | 48dd 40f9 | 0805 0091 | 48dd 00f9 

  0x000000011370f058: ;   {metadata(method data for {method} {0x0000007000180a40} 'getMemberName' '(I)Ljava/lang/invoke/MemberName;' in 'java/lang/invoke/VarForm')}
  0x000000011370f058: 007e 80d2 | 80e3 a5f2 | 2000 c0f2 | 0aac 40b9 | 4a09 0011 | 0aac 00b9 | 4a4d 1f12 | 5f01 0071 
  0x000000011370f078: 6060 0054 

  0x000000011370f07c: ;   {metadata(method data for {method} {0x0000007000180a40} 'getMemberName' '(I)Ljava/lang/invoke/MemberName;' in 'java/lang/invoke/VarForm')}
  0x000000011370f07c: 007e 80d2 | 80e3 a5f2 | 2000 c0f2 | 0a78 40f9 | 4a05 0091 | 0a78 00f9 

  0x000000011370f094: ;   {metadata(method data for {method} {0x0000007000182e90} 'guard_LII_Z' '(Ljava/lang/invoke/VarHandle;Ljava/lang/Object;IILjava/lang/invoke/VarHandle$AccessDescriptor;)Z' in 'java/lang/invoke/VarHandleGuards')}
  0x000000011370f094: 0080 9ad2 | 000f a6f2 | 2000 c0f2 | 00c0 0791 

  0x000000011370f0a4: ;   {oop(a 'java/lang/invoke/MemberName'{0x00000004d751fbe0} = {method} {0x00000070002102d8} 'compareAndSet' '(Ljava/lang/invoke/VarHandle;Ljava/lang/Object;II)Z' in 'java/lang/invoke/VarHandleInts$FieldInstanceReadWrite')}
  0x000000011370f0a4: 0a7c 9fd2 | 2aea baf2 | 8a00 c0f2 | 8a00 00b5 | 0900 40f9 | 2901 40b2 | 0900 00f9 

  0x000000011370f0c0: ;   {metadata(method data for {method} {0x0000007000182e90} 'guard_LII_Z' '(Ljava/lang/invoke/VarHandle;Ljava/lang/Object;IILjava/lang/invoke/VarHandle$AccessDescriptor;)Z' in 'java/lang/invoke/VarHandleGuards')}
  0x000000011370f0c0: 0080 9ad2 | 000f a6f2 | 2000 c0f2 | 0040 0891 

  0x000000011370f0d0: ;   {oop(a 'java/lang/invoke/VarHandleInts$FieldInstanceReadWrite'{0x00000004d55cfb20})}
  0x000000011370f0d0: 0a64 9fd2 | 8aab baf2 | 8a00 c0f2 | 8a00 00b5 | 0904 40f9 | 2901 40b2 | 0904 00f9 

  0x000000011370f0ec: ;   {metadata(method data for {method} {0x0000007000182e90} 'guard_LII_Z' '(Ljava/lang/invoke/VarHandle;Ljava/lang/Object;IILjava/lang/invoke/VarHandle$AccessDescriptor;)Z' in 'java/lang/invoke/VarHandleGuards')}
  0x000000011370f0ec: 0080 9ad2 | 000f a6f2 | 2000 c0f2 | 0800 41f9 | 0805 0091 | 0800 01f9 

  0x000000011370f104: ;   {metadata(method data for {method} {0x00000070002102d8} 'compareAndSet' '(Ljava/lang/invoke/VarHandle;Ljava/lang/Object;II)Z' in 'java/lang/invoke/VarHandleInts$FieldInstanceReadWrite')}
  0x000000011370f104: 0002 9bd2 | 000f a6f2 | 2000 c0f2 | 0aac 40b9 | 4a09 0011 | 0aac 00b9 | 4a4d 1f12 | 5f01 0071 
  0x000000011370f124: 005c 0054 

  0x000000011370f128: ;   {oop(a 'java/lang/Class'{0x00000004d55bacb8} = 'java/util/concurrent/atomic/AtomicBoolean')}
  0x000000011370f128: 0097 95d2 | 60ab baf2 | 8000 c0f2 

  0x000000011370f134: ;   {metadata(method data for {method} {0x00000070002102d8} 'compareAndSet' '(Ljava/lang/invoke/VarHandle;Ljava/lang/Object;II)Z' in 'java/lang/invoke/VarHandleInts$FieldInstanceReadWrite')}
  0x000000011370f134: 0a02 9bd2 | 0a0f a6f2 | 2a00 c0f2 | 4895 40f9 | 0805 0091 | 4895 00f9 

  0x000000011370f14c: ;   {metadata(method data for {method} {0x000000700043f000} 'cast' '(Ljava/lang/Object;)Ljava/lang/Object;' in 'java/lang/Class')}
  0x000000011370f14c: 00b6 9fd2 | 40e5 a5f2 | 2000 c0f2 | 0aac 40b9 | 4a09 0011 | 0aac 00b9 | 4a4d 1f12 | 5f01 0071 
  0x000000011370f16c: c05a 0054 | e003 1faa | 3f00 00eb 

  0x000000011370f178: ;   {metadata(method data for {method} {0x000000700043f000} 'cast' '(Ljava/lang/Object;)Ljava/lang/Object;' in 'java/lang/Class')}
  0x000000011370f178: 00b6 9fd2 | 40e5 a5f2 | 2000 c0f2 | e80f 7cb2 | e903 78b2 | 0a01 899a | 0b68 6af8 | 6b05 0091 
  0x000000011370f198: 0b68 2af8 | 4004 0054 

  0x000000011370f1a0: ;   {oop(a 'java/lang/Class'{0x00000004d55bacb8} = 'java/util/concurrent/atomic/AtomicBoolean')}
  0x000000011370f1a0: 0097 95d2 | 60ab baf2 | 8000 c0f2 

  0x000000011370f1ac: ;   {metadata(method data for {method} {0x000000700043f000} 'cast' '(Ljava/lang/Object;)Ljava/lang/Object;' in 'java/lang/Class')}
  0x000000011370f1ac: 0ab6 9fd2 | 4ae5 a5f2 | 2a00 c0f2 | 4889 40f9 | 0805 0091 | 4889 00f9 | 4101 00b4 

  0x000000011370f1c8: ;   {metadata('java/util/concurrent/atomic/AtomicBoolean')}
  0x000000011370f1c8: 0bfe 84d2 | ab20 a0f2 | 0b0e c0f2 | 2508 40b9 | a508 5cd2 | a81c 40f9 | 7f01 08eb | 4100 0054 
  0x000000011370f1e8: 0300 0014 | e003 1faa | 0200 0014 | e003 40b2 | 1f00 0071 

  0x000000011370f1fc: ;   {metadata(method data for {method} {0x000000700043f000} 'cast' '(Ljava/lang/Object;)Ljava/lang/Object;' in 'java/lang/Class')}
  0x000000011370f1fc: 00b6 9fd2 | 40e5 a5f2 | 2000 c0f2 | 082b 80d2 | 0929 80d2 | 0a01 899a | 0b68 6af8 | 6b05 0091 
  0x000000011370f21c: 0b68 2af8 | e048 0054 

  0x000000011370f224: ;   {metadata(method data for {method} {0x00000070002102d8} 'compareAndSet' '(Ljava/lang/invoke/VarHandle;Ljava/lang/Object;II)Z' in 'java/lang/invoke/VarHandleInts$FieldInstanceReadWrite')}
  0x000000011370f224: 0002 9bd2 | 000f a6f2 | 2000 c0f2 | 08b0 40f9 | 0805 0091 | 08b0 00f9 

  0x000000011370f23c: ;   {metadata(method data for {method} {0x0000007000074a38} 'requireNonNull' '(Ljava/lang/Object;)Ljava/lang/Object;' in 'java/util/Objects')}
  0x000000011370f23c: 0005 9fd2 | 20e0 a5f2 | 2000 c0f2 | 0aac 40b9 | 4a09 0011 | 0aac 00b9 | 4a4d 1f12 | 5f01 0071 
  0x000000011370f25c: 4054 0054 | e003 1faa | 3f00 00eb 

  0x000000011370f268: ;   {metadata(method data for {method} {0x0000007000074a38} 'requireNonNull' '(Ljava/lang/Object;)Ljava/lang/Object;' in 'java/util/Objects')}
  0x000000011370f268: 0005 9fd2 | 20e0 a5f2 | 2000 c0f2 | e803 78b2 | e90f 7cb2 | 0a01 899a | 0b68 6af8 | 6b05 0091 
  0x000000011370f288: 0b68 2af8 | 2042 0054 | 2030 0091 | ea03 0032 | 0b00 a052 | e803 0baa | 0afc e888 | 1f01 0b6b 
  0x000000011370f2a8: e807 9f9a | bf3b 03d5 | 0001 0052 | 0000 0012 | 0000 0012 | 0000 0012 | 1f00 0071 

  0x000000011370f2c4: ;   {metadata(method data for {method} {0x00000001308e02d0} 'lambda$finish$0' '(Ljava/util/concurrent/atomic/AtomicBoolean;Lcom/mongodb/internal/async/SingleResultCallback;Ljava/lang/Object;Ljava/lang/Throwable;)V' in 'com/mongodb/internal/async/AsyncSupplier')}
  0x000000011370f2c4: 0024 8fd2 | 0017 a6f2 | 2000 c0f2 | 0825 80d2 | 0927 80d2 | 0a11 899a | 0b68 6af8 | 6b05 0091 
  0x000000011370f2e4: 0b68 2af8 | e603 03aa | c134 0054 

  0x000000011370f2f0: ; ImmutableOopMap {[272]=Oop c_rarg6=Oop [328]=Oop }
                      ;*new {reexecute=0 rethrow=0 return_oop=0}
                      ; - com.mongodb.internal.async.AsyncSupplier::lambda$finish$0@9 (line 70)
                      ;   {runtime_call load_mirror_patching Runtime1 stub}
  0x000000011370f2f0: 44a8 b195 | 68ec 4439 | 1f11 0071 

  0x000000011370f2fc: ; implicit exception: dispatches to 0x000000011370fd04
  0x000000011370f2fc: 6150 0054 | 8087 40f9 | 0ba0 0091 | 888f 40f9 | 7f01 08eb | c84f 0054 | 8b87 00f9 | ea03 40b2 
  0x000000011370f31c: 0a00 00f9 | 6a08 5cd2 | 0a7c 0129 | 0a40 0091 | 5f01 00f9 | 5ffd 00a9 | bf3a 03d5 | e08f 00f9 
  0x000000011370f33c: f303 0032 

  0x000000011370f340: ;   {metadata('java/lang/Object'[])}
  0x000000011370f340: 03aa 82d2 | 0300 a0f2 | 030e c0f2 | 737e 40d3 | e503 13aa | e85f 40b2 | 7f02 08eb | a24d 0054 
  0x000000011370f360: eb02 80d2 | 6b49 338b | 6bf1 7d92 | 8087 40f9 | 0b60 2b8b | 888f 40f9 | 7f01 08eb | a84c 0054 
  0x000000011370f380: 8b87 00f9 | 6b01 00cb | ea03 40b2 | 0a00 00f9 | 6a08 5cd2 | 0a4c 0129 | 6b41 00f1 | c001 0054 
  0x000000011370f3a0: e803 0baa | 0a40 0091 | 0bfd 43d3 | 6821 00f1 | 4300 0054 

  0x000000011370f3b4: ;   {runtime_call StubRoutines (2)}
  0x000000011370f3b4: c380 ae95 | 6b00 1036 | 5f7d 81a8 | 5f7d 81a8 | 4b00 0836 | 5f7d 81a8 | 4b00 0036 | 5f01 00f9 
  0x000000011370f3d4: bf3a 03d5 | 0601 00b5 

  0x000000011370f3dc: ;   {metadata(method data for {method} {0x00000001308e02d0} 'lambda$finish$0' '(Ljava/util/concurrent/atomic/AtomicBoolean;Lcom/mongodb/internal/async/SingleResultCallback;Ljava/lang/Object;Ljava/lang/Throwable;)V' in 'com/mongodb/internal/async/AsyncSupplier')}
  0x000000011370f3dc: 0424 8fd2 | 0417 a6f2 | 2400 c0f2 | 8804 4539 | 0801 40b2 | 8804 0539 | 4000 0014 

  0x000000011370f3f8: ; implicit exception: dispatches to 0x000000011370fd18
  0x000000011370f3f8: 0308 40b9 | 6308 5cd2 | c408 40b9 | 8408 5cd2 | 6370 40f9 | 9f00 03eb | 6001 0054 | 6a14 40b9 
  0x000000011370f418: 8868 6af8 | 7f00 08eb | e000 0054 | 5f81 00f1 | 6105 0054 | e40f bfa9 

  0x000000011370f430: ;   {runtime_call slow_subtype_check Runtime1 stub}
  0x000000011370f430: 34a1 b195 | e313 c1a8 | e304 0034 

  0x000000011370f43c: ;   {metadata(method data for {method} {0x00000001308e02d0} 'lambda$finish$0' '(Ljava/util/concurrent/atomic/AtomicBoolean;Lcom/mongodb/internal/async/SingleResultCallback;Ljava/lang/Object;Ljava/lang/Throwable;)V' in 'com/mongodb/internal/async/AsyncSupplier')}
  0x000000011370f43c: 0424 8fd2 | 0417 a6f2 | 2400 c0f2 | c308 40b9 | 6308 5cd2 | 8960 0591 | 2801 40f9 | 7f00 08eb 
  0x000000011370f45c: a100 0054 | 88b0 40f9 | 0805 0091 | 88b0 00f9 | 2200 0014 | 89a0 0591 | 2801 40f9 | 7f00 08eb 
  0x000000011370f47c: a100 0054 | 88b8 40f9 | 0805 0091 | 88b8 00f9 | 1a00 0014 | 8960 0591 | 2801 40f9 | c800 00b5 
  0x000000011370f49c: 2301 00f9 | e803 40b2 | 8980 0591 | 2801 00f9 | 1200 0014 | 89a0 0591 | 2801 40f9 | c800 00b5 
  0x000000011370f4bc: 2301 00f9 | e803 40b2 | 89c0 0591 | 2801 00f9 | 0a00 0014 | 0900 0014 

  0x000000011370f4d4: ;   {metadata(method data for {method} {0x00000001308e02d0} 'lambda$finish$0' '(Ljava/util/concurrent/atomic/AtomicBoolean;Lcom/mongodb/internal/async/SingleResultCallback;Ljava/lang/Object;Ljava/lang/Throwable;)V' in 'com/mongodb/internal/async/AsyncSupplier')}
  0x000000011370f4d4: 0424 8fd2 | 0417 a6f2 | 2400 c0f2 | 8920 0591 | 2801 40f9 | 0805 00d1 | 2801 00f9 | 0b02 0014 
  0x000000011370f4f4: 0340 0091 | 84e3 4039 | 9f00 0071 | 2141 0054 | c8fc 43d3 | 6800 00b9 | 6400 06ca | 84fc 55d3 
  0x000000011370f514: 9f00 00f1 | 2141 0054 

  0x000000011370f51c: ;   {metadata(method data for {method} {0x00000001308e02d0} 'lambda$finish$0' '(Ljava/util/concurrent/atomic/AtomicBoolean;Lcom/mongodb/internal/async/SingleResultCallback;Ljava/lang/Object;Ljava/lang/Throwable;)V' in 'com/mongodb/internal/async/AsyncSupplier')}
  0x000000011370f51c: 0324 8fd2 | 0317 a6f2 | 2300 c0f2 | 68c0 40f9 | 0805 0091 | 68c0 00f9 

  0x000000011370f534: ;   {metadata(method data for {method} {0x000000700042b488} 'format' '(Ljava/lang/String;[Ljava/lang/Object;)Ljava/lang/String;' in 'java/lang/String')}
  0x000000011370f534: 032f 8ed2 | 63e0 a5f2 | 2300 c0f2 | 64ac 40b9 | 8408 0011 | 64ac 00b9 | 844c 1f12 | 9f00 0071 
  0x000000011370f554: c03f 0054 

  0x000000011370f558: ;   {metadata('java/util/Formatter')}
  0x000000011370f558: 03fa 82d2 | 0302 a0f2 | 030e c0f2 | e087 00f9 | 8087 40f9 | 0b80 0091 | 888f 40f9 | 7f01 08eb 
  0x000000011370f578: a83f 0054 | 8b87 00f9 | ea03 40b2 | 0a00 00f9 | 6a08 5cd2 | 0a7c 0129 | 0a40 0091 | 5f7d 00a9 
  0x000000011370f598: bf3a 03d5 | e103 00aa 

  0x000000011370f5a0: ;   {metadata(method data for {method} {0x000000700042b488} 'format' '(Ljava/lang/String;[Ljava/lang/Object;)Ljava/lang/String;' in 'java/lang/String')}
  0x000000011370f5a0: 032f 8ed2 | 63e0 a5f2 | 2300 c0f2 | 6878 40f9 | 0805 0091 | 6878 00f9 

  0x000000011370f5b8: ;   {metadata(method data for {method} {0x0000007000107a50} '<init>' '()V' in 'java/util/Formatter')}
  0x000000011370f5b8: 010d 97d2 | c1e6 a5f2 | 2100 c0f2 | 23ac 40b9 | 6308 0011 | 23ac 00b9 | 634c 1f12 | 7f00 0071 
  0x000000011370f5d8: e03c 0054 

  0x000000011370f5dc: ;   {metadata(method data for {method} {0x0000007000107a50} '<init>' '()V' in 'java/util/Formatter')}
  0x000000011370f5dc: 010d 97d2 | c1e6 a5f2 | 2100 c0f2 | 2878 40f9 | 0805 0091 | 2878 00f9 

  0x000000011370f5f4: ;   {oop(a 'java/util/Locale$Category'{0x00000004d5682548})}
  0x000000011370f5f4: 01a9 84d2 | 01ad baf2 | 8100 c0f2 | e083 00f9 

  0x000000011370f604: ; ImmutableOopMap {[280]=Oop [272]=Oop [264]=Oop [256]=Oop }
                      ;*invokestatic getDefault {reexecute=0 rethrow=0 return_oop=0}
                      ; - java.util.Formatter::<init>@4 (line 1989)
                      ; - java.lang.String::format@4 (line 4145)
                      ; - com.mongodb.internal.async.AsyncSupplier::lambda$finish$0@23 (line 70)
                      ;   {static_call}
  0x000000011370f604: bfd7 ae95 

  0x000000011370f608: ;   {metadata('java/lang/StringBuilder')}
  0x000000011370f608: 03e7 9ed2 | 0300 a0f2 | 030e c0f2 | e097 00f9 | 8087 40f9 | 0b60 0091 | 888f 40f9 | 7f01 08eb 
  0x000000011370f628: 683b 0054 | 8b87 00f9 | ea03 40b2 | 0a00 00f9 | 6a08 5cd2 | 0a7c 0129 | 0a40 0091 | 5f01 00f9 
  0x000000011370f648: bf3a 03d5 | e203 00aa 

  0x000000011370f650: ;   {metadata(method data for {method} {0x0000007000107a50} '<init>' '()V' in 'java/util/Formatter')}
  0x000000011370f650: 010d 97d2 | c1e6 a5f2 | 2100 c0f2 | 2880 40f9 | 0805 0091 | 2880 00f9 

  0x000000011370f668: ;   {metadata(method data for {method} {0x0000007000420648} '<init>' '()V' in 'java/lang/StringBuilder')}
  0x000000011370f668: 0273 8dd2 | 42e0 a5f2 | 2200 c0f2 | 41ac 40b9 | 2108 0011 | 41ac 00b9 | 214c 1f12 | 3f00 0071 
  0x000000011370f688: a038 0054 | e203 00aa 

  0x000000011370f690: ;   {metadata(method data for {method} {0x0000007000420648} '<init>' '()V' in 'java/lang/StringBuilder')}
  0x000000011370f690: 0173 8dd2 | 41e0 a5f2 | 2100 c0f2 | 2878 40f9 | 0805 0091 | 2878 00f9 | e203 1c32 | e103 00aa 
  0x000000011370f6b0: e093 00f9 

  0x000000011370f6b4: ; ImmutableOopMap {[280]=Oop [272]=Oop [264]=Oop [256]=Oop [296]=Oop [288]=Oop }
                      ;*invokespecial <init> {reexecute=0 rethrow=0 return_oop=0}
                      ; - java.lang.StringBuilder::<init>@3 (line 106)
                      ; - java.util.Formatter::<init>@11 (line 1989)
                      ; - java.lang.String::format@4 (line 4145)
                      ; - com.mongodb.internal.async.AsyncSupplier::lambda$finish$0@23 (line 70)
                      ;   {optimized virtual_call}
  0x000000011370f6b4: 13d6 ae95 | e083 40f9 

  0x000000011370f6bc: ;   {metadata(method data for {method} {0x0000007000107a50} '<init>' '()V' in 'java/util/Formatter')}
  0x000000011370f6bc: 020d 97d2 | c2e6 a5f2 | 2200 c0f2 | 4888 40f9 | 0805 0091 | 4888 00f9 

  0x000000011370f6d4: ;   {metadata(method data for {method} {0x0000007000107b00} '<init>' '(Ljava/util/Locale;Ljava/lang/Appendable;)V' in 'java/util/Formatter')}
  0x000000011370f6d4: 027b 97d2 | c2e6 a5f2 | 2200 c0f2 | 43ac 40b9 | 6308 0011 | 43ac 00b9 | 634c 1f12 | 7f00 0071 
  0x000000011370f6f4: 4036 0054 | e083 40f9 

  0x000000011370f6fc: ;   {metadata(method data for {method} {0x0000007000107b00} '<init>' '(Ljava/util/Locale;Ljava/lang/Appendable;)V' in 'java/util/Formatter')}
  0x000000011370f6fc: 027b 97d2 | c2e6 a5f2 | 2200 c0f2 | 4878 40f9 | 0805 0091 | 4878 00f9 

  0x000000011370f714: ;   {metadata(method data for {method} {0x0000007000442c28} '<init>' '()V' in 'java/lang/Object')}
  0x000000011370f714: 023a 97d2 | 02e0 a5f2 | 2200 c0f2 | 43ac 40b9 | 6308 0011 | 43ac 00b9 | 634c 1f12 | 7f00 0071 
  0x000000011370f734: 4035 0054 | e23b 1f32 | e083 40f9 | 0218 0079 | 82e3 4039 | 5f00 0071 | 8135 0054 | e293 40f9 
  0x000000011370f754: 48fc 43d3 | 0810 00b9 | 0300 02ca | 63fc 55d3 | 7f00 00f1 | 6135 0054 | 82e3 4039 | 5f00 0071 
  0x000000011370f774: 8135 0054 | e297 40f9 | 48fc 43d3 | 0814 00b9 | 0300 02ca | 63fc 55d3 | 7f00 00f1 | 6135 0054 
  0x000000011370f794: bf3a 03d5 | e303 00aa 

  0x000000011370f79c: ;   {metadata(method data for {method} {0x000000700042b488} 'format' '(Ljava/lang/String;[Ljava/lang/Object;)Ljava/lang/String;' in 'java/lang/String')}
  0x000000011370f79c: 042f 8ed2 | 64e0 a5f2 | 2400 c0f2 | 8880 40f9 | 0805 0091 | 8880 00f9 

  0x000000011370f7b4: ;   {metadata(method data for {method} {0x0000007000107e18} 'format' '(Ljava/lang/String;[Ljava/lang/Object;)Ljava/util/Formatter;' in 'java/util/Formatter')}
  0x000000011370f7b4: 03a3 97d2 | c3e6 a5f2 | 2300 c0f2 | 64ac 40b9 | 8408 0011 | 64ac 00b9 | 844c 1f12 | 9f00 0071 
  0x000000011370f7d4: c033 0054 | e303 00aa 

  0x000000011370f7dc: ;   {metadata(method data for {method} {0x0000007000107e18} 'format' '(Ljava/lang/String;[Ljava/lang/Object;)Ljava/util/Formatter;' in 'java/util/Formatter')}
  0x000000011370f7dc: 04a3 97d2 | c4e6 a5f2 | 2400 c0f2 | 8878 40f9 | 0805 0091 | 8878 00f9 

  0x000000011370f7f4: ;   {oop("Callback has been already completed. It could happen if code throws an exception after invoking an async method. Value: %s"{0x00000004d7756550})}
  0x000000011370f7f4: 03aa 8cd2 | a3ee baf2 | 8300 c0f2 | e487 40f9 | e103 00aa 

  0x000000011370f808: ; ImmutableOopMap {[280]=Oop [272]=Oop }
                      ;*invokevirtual format {reexecute=0 rethrow=0 return_oop=0}
                      ; - java.util.Formatter::format@7 (line 2625)
                      ; - java.lang.String::format@9 (line 4145)
                      ; - com.mongodb.internal.async.AsyncSupplier::lambda$finish$0@23 (line 70)
                      ;   {optimized virtual_call}
  0x000000011370f808: bed5 ae95 

  0x000000011370f80c: ; implicit exception: dispatches to 0x000000011370fe6c
  0x000000011370f80c: 1f00 40f9 | e103 00aa 

  0x000000011370f814: ;   {metadata(method data for {method} {0x000000700042b488} 'format' '(Ljava/lang/String;[Ljava/lang/Object;)Ljava/lang/String;' in 'java/lang/String')}
  0x000000011370f814: 022f 8ed2 | 62e0 a5f2 | 2200 c0f2 | 489c 40f9 | 0805 0091 | 489c 00f9 

  0x000000011370f82c: ;   {metadata(method data for {method} {0x0000007000106c30} 'toString' '()Ljava/lang/String;' in 'java/util/Formatter')}
  0x000000011370f82c: 0192 99d2 | c1e6 a5f2 | 2100 c0f2 | 22ac 40b9 | 4208 0011 | 22ac 00b9 | 424c 1f12 | 5f00 0071 
  0x000000011370f84c: 2031 0054 | e103 00aa 

  0x000000011370f854: ;   {metadata(method data for {method} {0x0000007000106c30} 'toString' '()Ljava/lang/String;' in 'java/util/Formatter')}
  0x000000011370f854: 0292 99d2 | c2e6 a5f2 | 2200 c0f2 | 4878 40f9 | 0805 0091 | 4878 00f9 

  0x000000011370f86c: ;   {metadata(method data for {method} {0x0000007000108080} 'ensureOpen' '()V' in 'java/util/Formatter')}
  0x000000011370f86c: 01c6 99d2 | c1e6 a5f2 | 2100 c0f2 | 22ac 40b9 | 4208 0011 | 22ac 00b9 | 424c 1f12 | 5f00 0071 
  0x000000011370f88c: 2030 0054 | 0110 40b9 | 21f0 7dd3 | e203 1faa | 3f00 02eb 

  0x000000011370f8a0: ;   {metadata(method data for {method} {0x0000007000108080} 'ensureOpen' '()V' in 'java/util/Formatter')}
  0x000000011370f8a0: 02c6 99d2 | c2e6 a5f2 | 2200 c0f2 | e803 78b2 | e90f 7cb2 | 0301 899a | 4468 63f8 | 8404 0091 
  0x000000011370f8c0: 4468 23f8 | 800e 0054 

  0x000000011370f8c8: ; implicit exception: dispatches to 0x000000011370feb0
  0x000000011370f8c8: 3f00 40f9 | e003 01aa 

  0x000000011370f8d0: ;   {metadata(method data for {method} {0x0000007000106c30} 'toString' '()Ljava/lang/String;' in 'java/util/Formatter')}
  0x000000011370f8d0: 0292 99d2 | c2e6 a5f2 | 2200 c0f2 | 0008 40b9 | 0008 5cd2 | 49e0 0491 | 2801 40f9 | 1f00 08eb 
  0x000000011370f8f0: a100 0054 | 48a0 40f9 | 0805 0091 | 48a0 00f9 | 1c00 0014 | 4920 0591 | 2801 40f9 | 1f00 08eb 
  0x000000011370f910: a100 0054 | 48a8 40f9 | 0805 0091 | 48a8 00f9 | 1400 0014 | 49e0 0491 | 2801 40f9 | c800 00b5 
  0x000000011370f930: 2001 00f9 | e803 40b2 | 4900 0591 | 2801 00f9 | 0c00 0014 | 4920 0591 | 2801 40f9 | c800 00b5 
  0x000000011370f950: 2001 00f9 | e803 40b2 | 4940 0591 | 2801 00f9 | 0400 0014 | 4894 40f9 | 0805 0091 | 4894 00f9 
  0x000000011370f970: e9ff 9fd2 | e9ff bff2 | e9ff dff2 

  0x000000011370f97c: ; ImmutableOopMap {[280]=Oop [272]=Oop }
                      ;*invokevirtual toString {reexecute=0 rethrow=0 return_oop=0}
                      ; - java.util.Formatter::toString@8 (line 2525)
                      ; - java.lang.String::format@12 (line 4145)
                      ; - com.mongodb.internal.async.AsyncSupplier::lambda$finish$0@23 (line 70)
                      ;   {virtual_call}
  0x000000011370f97c: 21d6 ae95 | 3900 0014 

  0x000000011370f984: ; implicit exception: dispatches to 0x000000011370feb4
  0x000000011370f984: 5f00 40f9 | e303 02aa 

  0x000000011370f98c: ;   {metadata(method data for {method} {0x00000001308e02d0} 'lambda$finish$0' '(Ljava/util/concurrent/atomic/AtomicBoolean;Lcom/mongodb/internal/async/SingleResultCallback;Ljava/lang/Object;Ljava/lang/Throwable;)V' in 'com/mongodb/internal/async/AsyncSupplier')}
  0x000000011370f98c: 0124 8fd2 | 0117 a6f2 | 2100 c0f2 | 6308 40b9 | 6308 5cd2 | 29c0 0691 | 2801 40f9 | 7f00 08eb 
  0x000000011370f9ac: a100 0054 | 28dc 40f9 | 0805 0091 | 28dc 00f9 | 1c00 0014 | 2900 0791 | 2801 40f9 | 7f00 08eb 
  0x000000011370f9cc: a100 0054 | 28e4 40f9 | 0805 0091 | 28e4 00f9 | 1400 0014 | 29c0 0691 | 2801 40f9 | c800 00b5 
  0x000000011370f9ec: 2301 00f9 | e803 40b2 | 29e0 0691 | 2801 00f9 | 0c00 0014 | 2900 0791 | 2801 40f9 | c800 00b5 
  0x000000011370fa0c: 2301 00f9 | e803 40b2 | 2920 0791 | 2801 00f9 | 0400 0014 | 28d0 40f9 | 0805 0091 | 28d0 00f9 
  0x000000011370fa2c: e503 02aa | e203 06aa | e38b 40f9 | e103 05aa | 0904 94d2 | c9e3 bef2 | 4901 c0f2 

  0x000000011370fa48: ; ImmutableOopMap {}
                      ;*invokeinterface onResult {reexecute=0 rethrow=0 return_oop=0}
                      ; - com.mongodb.internal.async.AsyncSupplier::lambda$finish$0@34 (line 73)
                      ;   {virtual_call}
  0x000000011370fa48: 18bf b195 | fd7b 57a9 | ff03 0691 

  0x000000011370fa54: ;   {poll_return}
  0x000000011370fa54: 88a3 41f9 | ff63 28eb | e822 0054 | c003 5fd6 | e28f 40f9 

  0x000000011370fa68: ;   {metadata(method data for {method} {0x00000001308e02d0} 'lambda$finish$0' '(Ljava/util/concurrent/atomic/AtomicBoolean;Lcom/mongodb/internal/async/SingleResultCallback;Ljava/lang/Object;Ljava/lang/Throwable;)V' in 'com/mongodb/internal/async/AsyncSupplier')}
  0x000000011370fa68: 0324 8fd2 | 0317 a6f2 | 2300 c0f2 | 68c8 40f9 | 0805 0091 | 68c8 00f9 | e203 00aa | e307 51a9 
  0x000000011370fa88: ; ImmutableOopMap {[280]=Oop }
                      ;*invokespecial <init> {reexecute=0 rethrow=0 return_oop=0}
                      ; - com.mongodb.internal.async.AsyncSupplier::lambda$finish$0@27 (line 70)
                      ;   {optimized virtual_call}
  0x000000011370fa88: 1ed5 ae95 | e08f 40f9 | 1801 0014 | e09f 00f9 

  0x000000011370fa98: ; ImmutableOopMap {[280]=Oop [312]=Oop [272]=Oop }
                      ;*new {reexecute=0 rethrow=0 return_oop=0}
                      ; - java.util.Formatter::ensureOpen@7 (line 2577)
                      ; - java.util.Formatter::toString@1 (line 2524)
                      ; - java.lang.String::format@12 (line 4145)
                      ; - com.mongodb.internal.async.AsyncSupplier::lambda$finish$0@23 (line 70)
                      ;   {runtime_call load_mirror_patching Runtime1 stub}
  0x000000011370fa98: 5aa6 b195 | 0a01 0014 | e103 00aa 

  0x000000011370faa4: ;   {metadata(method data for {method} {0x0000007000108080} 'ensureOpen' '()V' in 'java/util/Formatter')}
  0x000000011370faa4: 03c6 99d2 | c3e6 a5f2 | 2300 c0f2 | 6888 40f9 | 0805 0091 | 6888 00f9 | e103 00aa | e09b 00f9 
  0x000000011370fac4: ; ImmutableOopMap {[272]=Oop [312]=Oop [280]=Oop [304]=Oop }
                      ;*invokespecial <init> {reexecute=0 rethrow=0 return_oop=0}
                      ; - java.util.Formatter::ensureOpen@11 (line 2577)
                      ; - java.util.Formatter::toString@1 (line 2524)
                      ; - java.lang.String::format@12 (line 4145)
                      ; - com.mongodb.internal.async.AsyncSupplier::lambda$finish$0@23 (line 70)
                      ;   {optimized virtual_call}
  0x000000011370fac4: 0fd5 ae95 | e09b 40f9 | 0901 0014 

  0x000000011370fad0: ; ImmutableOopMap {[336]=Oop [272]=Oop [328]=Oop }
                      ;*new {reexecute=0 rethrow=0 return_oop=0}
                      ; - java.util.Objects::requireNonNull@4 (line 209)
                      ; - java.lang.invoke.VarHandleInts$FieldInstanceReadWrite::compareAndSet@18 (line 178)
                      ; - java.lang.invoke.VarHandleGuards::guard_LII_Z@50 (line 137)
                      ; - java.util.concurrent.atomic.AtomicBoolean::compareAndSet@22 (line 102)
                      ; - com.mongodb.internal.async.AsyncSupplier::lambda$finish$0@3 (line 69)
                      ;   {runtime_call load_mirror_patching Runtime1 stub}
  0x000000011370fad0: 4ca6 b195 | 8087 40f9 | 0bc0 0091 | 888f 40f9 | 7f01 08eb | 481f 0054 | 8b87 00f9 | ea03 40b2 
  0x000000011370faf0: 0a00 00f9 | 6a08 5cd2 | 0a7c 0129 | 0a40 0091 | 5f7d 00a9 | 5f7d 01a9 | bf3a 03d5 | e103 00aa 
  0x000000011370fb10: ;   {metadata(method data for {method} {0x0000007000074a38} 'requireNonNull' '(Ljava/lang/Object;)Ljava/lang/Object;' in 'java/util/Objects')}
  0x000000011370fb10: 0305 9fd2 | 23e0 a5f2 | 2300 c0f2 | 6888 40f9 | 0805 0091 | 6888 00f9 | e103 00aa | e0a3 00f9 
  0x000000011370fb30: ; ImmutableOopMap {[272]=Oop [320]=Oop [336]=Oop [328]=Oop }
                      ;*invokespecial <init> {reexecute=0 rethrow=0 return_oop=0}
                      ; - java.util.Objects::requireNonNull@8 (line 209)
                      ; - java.lang.invoke.VarHandleInts$FieldInstanceReadWrite::compareAndSet@18 (line 178)
                      ; - java.lang.invoke.VarHandleGuards::guard_LII_Z@50 (line 137)
                      ; - java.util.concurrent.atomic.AtomicBoolean::compareAndSet@22 (line 102)
                      ; - com.mongodb.internal.async.AsyncSupplier::lambda$finish$0@3 (line 69)
                      ;   {optimized virtual_call}
  0x000000011370fb30: f4d4 ae95 | e0a3 40f9 | ee00 0014 

  0x000000011370fb3c: ; ImmutableOopMap {[272]=Oop [336]=Oop c_rarg1=Oop [328]=Oop }
                      ;*new {reexecute=0 rethrow=0 return_oop=0}
                      ; - java.lang.Class::cast@12 (line 3892)
                      ; - java.lang.invoke.VarHandleInts$FieldInstanceReadWrite::compareAndSet@15 (line 178)
                      ; - java.lang.invoke.VarHandleGuards::guard_LII_Z@50 (line 137)
                      ; - java.util.concurrent.atomic.AtomicBoolean::compareAndSet@22 (line 102)
                      ; - com.mongodb.internal.async.AsyncSupplier::lambda$finish$0@3 (line 69)
                      ;   {runtime_call load_mirror_patching Runtime1 stub}
  0x000000011370fb3c: 31a6 b195 | 8087 40f9 | 0ba0 0091 | 888f 40f9 | 7f01 08eb | 281c 0054 | 8b87 00f9 | ea03 40b2 
  0x000000011370fb5c: 0a00 00f9 | 6a08 5cd2 | 0a7c 0129 | 0a40 0091 | 5f01 00f9 | 5ffd 00a9 | bf3a 03d5 

  0x000000011370fb78: ;   {oop(a 'java/lang/Class'{0x00000004d55bacb8} = 'java/util/concurrent/atomic/AtomicBoolean')}
  0x000000011370fb78: 0397 95d2 | 63ab baf2 | 8300 c0f2 | e403 03aa 

  0x000000011370fb88: ;   {metadata(method data for {method} {0x000000700043f000} 'cast' '(Ljava/lang/Object;)Ljava/lang/Object;' in 'java/lang/Class')}
  0x000000011370fb88: 07b6 9fd2 | 47e5 a5f2 | 2700 c0f2 | e8b4 40f9 | 0805 0091 | e8b4 00f9 | e203 01aa | e103 03aa 
  0x000000011370fba8: e0af 00f9 

  0x000000011370fbac: ; ImmutableOopMap {[344]=Oop [272]=Oop [328]=Oop [336]=Oop }
                      ;*invokevirtual cannotCastMsg {reexecute=0 rethrow=0 return_oop=0}
                      ; - java.lang.Class::cast@18 (line 3892)
                      ; - java.lang.invoke.VarHandleInts$FieldInstanceReadWrite::compareAndSet@15 (line 178)
                      ; - java.lang.invoke.VarHandleGuards::guard_LII_Z@50 (line 137)
                      ; - java.util.concurrent.atomic.AtomicBoolean::compareAndSet@22 (line 102)
                      ; - com.mongodb.internal.async.AsyncSupplier::lambda$finish$0@3 (line 69)
                      ;   {optimized virtual_call}
  0x000000011370fbac: d5d4 ae95 | e2af 40f9 

  0x000000011370fbb4: ;   {metadata(method data for {method} {0x000000700043f000} 'cast' '(Ljava/lang/Object;)Ljava/lang/Object;' in 'java/lang/Class')}
  0x000000011370fbb4: 01b6 9fd2 | 41e5 a5f2 | 2100 c0f2 | 28d0 40f9 | 0805 0091 | 28d0 00f9 | e203 00aa | e1af 40f9 
  0x000000011370fbd4: ; ImmutableOopMap {[344]=Oop [272]=Oop [328]=Oop [336]=Oop }
                      ;*invokespecial <init> {reexecute=0 rethrow=0 return_oop=0}
                      ; - java.lang.Class::cast@21 (line 3892)
                      ; - java.lang.invoke.VarHandleInts$FieldInstanceReadWrite::compareAndSet@15 (line 178)
                      ; - java.lang.invoke.VarHandleGuards::guard_LII_Z@50 (line 137)
                      ; - java.util.concurrent.atomic.AtomicBoolean::compareAndSet@22 (line 102)
                      ; - com.mongodb.internal.async.AsyncSupplier::lambda$finish$0@3 (line 69)
                      ;   {optimized virtual_call}
  0x000000011370fbd4: cbd4 ae95 | e0af 40f9 | c500 0014 

  0x000000011370fbe0: ;   {metadata({method} {0x00000001308e02d0} 'lambda$finish$0' '(Ljava/util/concurrent/atomic/AtomicBoolean;Lcom/mongodb/internal/async/SingleResultCallback;Ljava/lang/Object;Ljava/lang/Throwable;)V' in 'com/mongodb/internal/async/AsyncSupplier')}
  0x000000011370fbe0: 085a 80d2 | c811 a6f2 | 2800 c0f2 | e807 00f9 | 0800 8092 | e803 00f9 

  0x000000011370fbf8: ; ImmutableOopMap {c_rarg1=Oop c_rarg2=Oop [336]=Oop c_rarg3=Oop [328]=Oop c_rarg4=Oop [272]=Oop }
                      ;*synchronization entry
                      ; - com.mongodb.internal.async.AsyncSupplier::lambda$finish$0@-1 (line 69)
                      ;   {runtime_call counter_overflow Runtime1 stub}
  0x000000011370fbf8: 42a8 b195 | 61fc ff17 

  0x000000011370fc00: ; ImmutableOopMap {c_rarg1=Oop c_rarg2=Oop [336]=Oop c_rarg3=Oop [328]=Oop c_rarg4=Oop [272]=Oop }
                      ;*invokevirtual compareAndSet {reexecute=0 rethrow=0 return_oop=0}
                      ; - com.mongodb.internal.async.AsyncSupplier::lambda$finish$0@3 (line 69)
                      ;   {runtime_call throw_null_pointer_exception Runtime1 stub}
  0x000000011370fc00: 4093 b195 

  0x000000011370fc04: ;   {metadata({method} {0x000000012f0db7c0} 'compareAndSet' '(ZZ)Z' in 'java/util/concurrent/atomic/AtomicBoolean')}
  0x000000011370fc04: 08f8 96d2 | a8e1 a5f2 | 2800 c0f2 | e807 00f9 | 0800 8092 | e803 00f9 

  0x000000011370fc1c: ; ImmutableOopMap {c_rarg1=Oop c_rarg2=Oop [336]=Oop c_rarg3=Oop [328]=Oop c_rarg4=Oop [272]=Oop }
                      ;*synchronization entry
                      ; - java.util.concurrent.atomic.AtomicBoolean::compareAndSet@-1 (line 102)
                      ; - com.mongodb.internal.async.AsyncSupplier::lambda$finish$0@3 (line 69)
                      ;   {runtime_call counter_overflow Runtime1 stub}
  0x000000011370fc1c: 39a8 b195 | 69fc ff17 

  0x000000011370fc24: ;   {metadata({method} {0x0000007000182e90} 'guard_LII_Z' '(Ljava/lang/invoke/VarHandle;Ljava/lang/Object;IILjava/lang/invoke/VarHandle$AccessDescriptor;)Z' in 'java/lang/invoke/VarHandleGuards')}
  0x000000011370fc24: 08d2 85d2 | 0803 a0f2 | 080e c0f2 | e807 00f9 | 0800 8092 | e803 00f9 

  0x000000011370fc3c: ; ImmutableOopMap {c_rarg1=Oop c_rarg2=Oop [336]=Oop c_rarg3=Oop [328]=Oop c_rarg4=Oop [272]=Oop r10=Oop }
                      ;*synchronization entry
                      ; - java.lang.invoke.VarHandleGuards::guard_LII_Z@-1 (line 135)
                      ; - java.util.concurrent.atomic.AtomicBoolean::compareAndSet@22 (line 102)
                      ; - com.mongodb.internal.async.AsyncSupplier::lambda$finish$0@3 (line 69)
                      ;   {runtime_call counter_overflow Runtime1 stub}
  0x000000011370fc3c: 31a8 b195 | 9dfc ff17 

  0x000000011370fc44: ;   {metadata({method} {0x00000070000c7648} 'checkExactAccessMode' '(Ljava/lang/invoke/VarHandle$AccessDescriptor;)V' in 'java/lang/invoke/VarHandle')}
  0x000000011370fc44: 08c9 8ed2 | 8801 a0f2 | 080e c0f2 | e807 00f9 | 0800 8092 | e803 00f9 

  0x000000011370fc5c: ; ImmutableOopMap {c_rarg1=Oop c_rarg2=Oop [336]=Oop c_rarg3=Oop [328]=Oop c_rarg4=Oop [272]=Oop }
                      ;*synchronization entry
                      ; - java.lang.invoke.VarHandle::checkExactAccessMode@-1 (line 2042)
                      ; - java.lang.invoke.VarHandleGuards::guard_LII_Z@3 (line 135)
                      ; - java.util.concurrent.atomic.AtomicBoolean::compareAndSet@22 (line 102)
                      ; - com.mongodb.internal.async.AsyncSupplier::lambda$finish$0@3 (line 69)
                      ;   {runtime_call counter_overflow Runtime1 stub}
  0x000000011370fc5c: 29a8 b195 | affc ff17 

  0x000000011370fc64: ;   {metadata({method} {0x00000070000c2310} 'isDirect' '()Z' in 'java/lang/invoke/VarHandle')}
  0x000000011370fc64: 0862 84d2 | 8801 a0f2 | 080e c0f2 | e807 00f9 | 0800 8092 | e803 00f9 

  0x000000011370fc7c: ; ImmutableOopMap {c_rarg1=Oop c_rarg2=Oop [336]=Oop c_rarg3=Oop [328]=Oop c_rarg4=Oop [272]=Oop }
                      ;*synchronization entry
                      ; - java.lang.invoke.VarHandle::isDirect@-1 (line 497)
                      ; - java.lang.invoke.VarHandleGuards::guard_LII_Z@7 (line 136)
                      ; - java.util.concurrent.atomic.AtomicBoolean::compareAndSet@22 (line 102)
                      ; - com.mongodb.internal.async.AsyncSupplier::lambda$finish$0@3 (line 69)
                      ;   {runtime_call counter_overflow Runtime1 stub}
  0x000000011370fc7c: 21a8 b195 | e1fc ff17 

  0x000000011370fc84: ;   {metadata({method} {0x0000007000180a40} 'getMemberName' '(I)Ljava/lang/invoke/MemberName;' in 'java/lang/invoke/VarForm')}
  0x000000011370fc84: 0848 81d2 | 0803 a0f2 | 080e c0f2 | e807 00f9 | 0800 8092 | e803 00f9 

  0x000000011370fc9c: ; ImmutableOopMap {c_rarg1=Oop c_rarg2=Oop [336]=Oop c_rarg3=Oop [328]=Oop c_rarg4=Oop [272]=Oop }
                      ;*synchronization entry
                      ; - java.lang.invoke.VarForm::getMemberName@-1 (line 114)
                      ; - java.lang.invoke.VarHandleGuards::guard_LII_Z@47 (line 137)
                      ; - java.util.concurrent.atomic.AtomicBoolean::compareAndSet@22 (line 102)
                      ; - com.mongodb.internal.async.AsyncSupplier::lambda$finish$0@3 (line 69)
                      ;   {runtime_call counter_overflow Runtime1 stub}
  0x000000011370fc9c: 19a8 b195 | f7fc ff17 

  0x000000011370fca4: ;   {metadata({method} {0x00000070002102d8} 'compareAndSet' '(Ljava/lang/invoke/VarHandle;Ljava/lang/Object;II)Z' in 'java/lang/invoke/VarHandleInts$FieldInstanceReadWrite')}
  0x000000011370fca4: 085b 80d2 | 2804 a0f2 | 080e c0f2 | e807 00f9 | 0800 8092 | e803 00f9 

  0x000000011370fcbc: ; ImmutableOopMap {c_rarg1=Oop c_rarg2=Oop [336]=Oop c_rarg3=Oop [328]=Oop c_rarg4=Oop [272]=Oop }
                      ;*synchronization entry
                      ; - java.lang.invoke.VarHandleInts$FieldInstanceReadWrite::compareAndSet@-1 (line 177)
                      ; - java.lang.invoke.VarHandleGuards::guard_LII_Z@50 (line 137)
                      ; - java.util.concurrent.atomic.AtomicBoolean::compareAndSet@22 (line 102)
                      ; - com.mongodb.internal.async.AsyncSupplier::lambda$finish$0@3 (line 69)
                      ;   {runtime_call counter_overflow Runtime1 stub}
  0x000000011370fcbc: 11a8 b195 | 1afd ff17 

  0x000000011370fcc4: ;   {metadata({method} {0x000000700043f000} 'cast' '(Ljava/lang/Object;)Ljava/lang/Object;' in 'java/lang/Class')}
  0x000000011370fcc4: 0800 9ed2 | 6808 a0f2 | 080e c0f2 | e807 00f9 | 0800 8092 | e803 00f9 

  0x000000011370fcdc: ; ImmutableOopMap {c_rarg1=Oop c_rarg2=Oop [336]=Oop c_rarg3=Oop [328]=Oop c_rarg4=Oop [272]=Oop }
                      ;*synchronization entry
                      ; - java.lang.Class::cast@-1 (line 3891)
                      ; - java.lang.invoke.VarHandleInts$FieldInstanceReadWrite::compareAndSet@15 (line 178)
                      ; - java.lang.invoke.VarHandleGuards::guard_LII_Z@50 (line 137)
                      ; - java.util.concurrent.atomic.AtomicBoolean::compareAndSet@22 (line 102)
                      ; - com.mongodb.internal.async.AsyncSupplier::lambda$finish$0@3 (line 69)
                      ;   {runtime_call counter_overflow Runtime1 stub}
  0x000000011370fcdc: 09a8 b195 | 24fd ff17 

  0x000000011370fce4: ;   {metadata({method} {0x0000007000074a38} 'requireNonNull' '(Ljava/lang/Object;)Ljava/lang/Object;' in 'java/util/Objects')}
  0x000000011370fce4: 0847 89d2 | e800 a0f2 | 080e c0f2 | e807 00f9 | 0800 8092 | e803 00f9 

  0x000000011370fcfc: ; ImmutableOopMap {c_rarg1=Oop c_rarg2=Oop [336]=Oop c_rarg3=Oop [328]=Oop c_rarg4=Oop [272]=Oop }
                      ;*synchronization entry
                      ; - java.util.Objects::requireNonNull@-1 (line 208)
                      ; - java.lang.invoke.VarHandleInts$FieldInstanceReadWrite::compareAndSet@18 (line 178)
                      ; - java.lang.invoke.VarHandleGuards::guard_LII_Z@50 (line 137)
                      ; - java.util.concurrent.atomic.AtomicBoolean::compareAndSet@22 (line 102)
                      ; - com.mongodb.internal.async.AsyncSupplier::lambda$finish$0@3 (line 69)
                      ;   {runtime_call counter_overflow Runtime1 stub}
  0x000000011370fcfc: 01a8 b195 | 58fd ff17 

  0x000000011370fd04: ; ImmutableOopMap {c_rarg6=Oop [328]=Oop [272]=Oop }
                      ;*new {reexecute=0 rethrow=0 return_oop=0}
                      ; - com.mongodb.internal.async.AsyncSupplier::lambda$finish$0@9 (line 70)
                      ;   {runtime_call throw_null_pointer_exception Runtime1 stub}
  0x000000011370fd04: ff92 b195 

  0x000000011370fd08: ; ImmutableOopMap {c_rarg6=Oop [328]=Oop [272]=Oop }
                      ;*new {reexecute=0 rethrow=0 return_oop=0}
                      ; - com.mongodb.internal.async.AsyncSupplier::lambda$finish$0@9 (line 70)
                      ;   {runtime_call fast_new_instance_init_check Runtime1 stub}
  0x000000011370fd08: 7e97 b195 | 8bfd ff17 

  0x000000011370fd10: ; ImmutableOopMap {c_rarg6=Oop [328]=Oop [272]=Oop [280]=Oop }
                      ;*anewarray {reexecute=0 rethrow=0 return_oop=0}
                      ; - com.mongodb.internal.async.AsyncSupplier::lambda$finish$0@16 (line 70)
                      ;   {runtime_call new_object_array Runtime1 stub}
  0x000000011370fd10: fc98 b195 | b1fd ff17 

  0x000000011370fd18: ; ImmutableOopMap {c_rarg6=Oop [328]=Oop [272]=Oop [280]=Oop c_rarg0=Oop }
                      ;*aastore {reexecute=1 rethrow=0 return_oop=0}
                      ; - (reexecute) com.mongodb.internal.async.AsyncSupplier::lambda$finish$0@22 (line 70)
                      ;   {runtime_call throw_null_pointer_exception Runtime1 stub}
  0x000000011370fd18: fa92 b195 | e803 06aa 

  0x000000011370fd20: ; ImmutableOopMap {c_rarg6=Oop [328]=Oop [272]=Oop [280]=Oop c_rarg0=Oop }
                      ;*aastore {reexecute=1 rethrow=0 return_oop=0}
                      ; - (reexecute) com.mongodb.internal.async.AsyncSupplier::lambda$finish$0@22 (line 70)
                      ;   {runtime_call throw_array_store_exception Runtime1 stub}
  0x000000011370fd20: b89c b195 | 6400 40b9 | 84f0 7dd3 | c4be ffb4 | e403 00f9 

  0x000000011370fd34: ;   {runtime_call g1_pre_barrier_slow}
  0x000000011370fd34: 73a9 b195 | f3fd ff17 | 06bf ffb4 | e303 00f9 

  0x000000011370fd44: ;   {runtime_call g1_post_barrier_slow}
  0x000000011370fd44: 2faa b195 | f5fd ff17 

  0x000000011370fd4c: ;   {metadata({method} {0x000000700042b488} 'format' '(Ljava/lang/String;[Ljava/lang/Object;)Ljava/lang/String;' in 'java/lang/String')}
  0x000000011370fd4c: 0891 96d2 | 4808 a0f2 | 080e c0f2 | e807 00f9 | 0800 8092 | e803 00f9 

  0x000000011370fd64: ; ImmutableOopMap {[272]=Oop [280]=Oop c_rarg0=Oop }
                      ;*synchronization entry
                      ; - java.lang.String::format@-1 (line 4145)
                      ; - com.mongodb.internal.async.AsyncSupplier::lambda$finish$0@23 (line 70)
                      ;   {runtime_call counter_overflow Runtime1 stub}
  0x000000011370fd64: e7a7 b195 | fcfd ff17 

  0x000000011370fd6c: ; ImmutableOopMap {[272]=Oop [280]=Oop [264]=Oop }
                      ;*new {reexecute=0 rethrow=0 return_oop=0}
                      ; - java.lang.String::format@0 (line 4145)
                      ; - com.mongodb.internal.async.AsyncSupplier::lambda$finish$0@23 (line 70)
                      ;   {runtime_call fast_new_instance Runtime1 stub}
  0x000000011370fd6c: e595 b195 | 0bfe ff17 

  0x000000011370fd74: ;   {metadata({method} {0x0000007000107a50} '<init>' '()V' in 'java/util/Formatter')}
  0x000000011370fd74: 084a 8fd2 | 0802 a0f2 | 080e c0f2 | e807 00f9 | 0800 8092 | e803 00f9 

  0x000000011370fd8c: ; ImmutableOopMap {[272]=Oop [280]=Oop [264]=Oop c_rarg0=Oop }
                      ;*synchronization entry
                      ; - java.util.Formatter::<init>@-1 (line 1989)
                      ; - java.lang.String::format@4 (line 4145)
                      ; - com.mongodb.internal.async.AsyncSupplier::lambda$finish$0@23 (line 70)
                      ;   {runtime_call counter_overflow Runtime1 stub}
  0x000000011370fd8c: dda7 b195 | 13fe ff17 

  0x000000011370fd94: ; ImmutableOopMap {[280]=Oop [272]=Oop [264]=Oop [256]=Oop [296]=Oop }
                      ;*new {reexecute=0 rethrow=0 return_oop=0}
                      ; - java.util.Formatter::<init>@7 (line 1989)
                      ; - java.lang.String::format@4 (line 4145)
                      ; - com.mongodb.internal.async.AsyncSupplier::lambda$finish$0@23 (line 70)
                      ;   {runtime_call fast_new_instance Runtime1 stub}
  0x000000011370fd94: db95 b195 | 2dfe ff17 

  0x000000011370fd9c: ;   {metadata({method} {0x0000007000420648} '<init>' '()V' in 'java/lang/StringBuilder')}
  0x000000011370fd9c: 08c9 80d2 | 4808 a0f2 | 080e c0f2 | e807 00f9 | 0800 8092 | e803 00f9 

  0x000000011370fdb4: ; ImmutableOopMap {[280]=Oop [272]=Oop [264]=Oop [256]=Oop [296]=Oop c_rarg0=Oop }
                      ;*synchronization entry
                      ; - java.lang.StringBuilder::<init>@-1 (line 106)
                      ; - java.util.Formatter::<init>@11 (line 1989)
                      ; - java.lang.String::format@4 (line 4145)
                      ; - com.mongodb.internal.async.AsyncSupplier::lambda$finish$0@23 (line 70)
                      ;   {runtime_call counter_overflow Runtime1 stub}
  0x000000011370fdb4: d3a7 b195 | 35fe ff17 

  0x000000011370fdbc: ;   {metadata({method} {0x0000007000107b00} '<init>' '(Ljava/util/Locale;Ljava/lang/Appendable;)V' in 'java/util/Formatter')}
  0x000000011370fdbc: 0860 8fd2 | 0802 a0f2 | 080e c0f2 | e807 00f9 | 0800 8092 | e803 00f9 

  0x000000011370fdd4: ; ImmutableOopMap {[280]=Oop [272]=Oop [264]=Oop [256]=Oop [296]=Oop [288]=Oop }
                      ;*synchronization entry
                      ; - java.util.Formatter::<init>@-1 (line 1965)
                      ; - java.util.Formatter::<init>@14 (line 1989)
                      ; - java.lang.String::format@4 (line 4145)
                      ; - com.mongodb.internal.async.AsyncSupplier::lambda$finish$0@23 (line 70)
                      ;   {runtime_call counter_overflow Runtime1 stub}
  0x000000011370fdd4: cba7 b195 | 48fe ff17 

  0x000000011370fddc: ;   {metadata({method} {0x0000007000442c28} '<init>' '()V' in 'java/lang/Object')}
  0x000000011370fddc: 0885 85d2 | 8808 a0f2 | 080e c0f2 | e807 00f9 | 0800 8092 | e803 00f9 

  0x000000011370fdf4: ; ImmutableOopMap {[280]=Oop [272]=Oop [264]=Oop [256]=Oop [296]=Oop [288]=Oop }
                      ;*synchronization entry
                      ; - java.lang.Object::<init>@-1 (line 44)
                      ; - java.util.Formatter::<init>@1 (line 1965)
                      ; - java.util.Formatter::<init>@14 (line 1989)
                      ; - java.lang.String::format@4 (line 4145)
                      ; - com.mongodb.internal.async.AsyncSupplier::lambda$finish$0@23 (line 70)
                      ;   {runtime_call counter_overflow Runtime1 stub}
  0x000000011370fdf4: c3a7 b195 | 50fe ff17 | 0210 40b9 | 42f0 7dd3 | 62ca ffb4 | e203 00f9 

  0x000000011370fe0c: ;   {runtime_call g1_pre_barrier_slow}
  0x000000011370fe0c: 3da9 b195 | 50fe ff17 | c2ca ffb4 | e003 00f9 

  0x000000011370fe1c: ;   {runtime_call g1_post_barrier_slow}
  0x000000011370fe1c: f9a9 b195 | 53fe ff17 | 0214 40b9 | 42f0 7dd3 | 62ca ffb4 | e203 00f9 

  0x000000011370fe34: ;   {runtime_call g1_pre_barrier_slow}
  0x000000011370fe34: 33a9 b195 | 50fe ff17 | c2ca ffb4 | e003 00f9 

  0x000000011370fe44: ;   {runtime_call g1_post_barrier_slow}
  0x000000011370fe44: efa9 b195 | 53fe ff17 

  0x000000011370fe4c: ;   {metadata({method} {0x0000007000107e18} 'format' '(Ljava/lang/String;[Ljava/lang/Object;)Ljava/util/Formatter;' in 'java/util/Formatter')}
  0x000000011370fe4c: 08c3 8fd2 | 0802 a0f2 | 080e c0f2 | e807 00f9 | 0800 8092 | e803 00f9 

  0x000000011370fe64: ; ImmutableOopMap {[280]=Oop [272]=Oop [264]=Oop c_rarg0=Oop c_rarg2=Oop }
                      ;*synchronization entry
                      ; - java.util.Formatter::format@-1 (line 2625)
                      ; - java.lang.String::format@9 (line 4145)
                      ; - com.mongodb.internal.async.AsyncSupplier::lambda$finish$0@23 (line 70)
                      ;   {runtime_call counter_overflow Runtime1 stub}
  0x000000011370fe64: a7a7 b195 | 5cfe ff17 

  0x000000011370fe6c: ; ImmutableOopMap {[280]=Oop [272]=Oop c_rarg0=Oop }
                      ;*invokevirtual toString {reexecute=0 rethrow=0 return_oop=0}
                      ; - java.lang.String::format@12 (line 4145)
                      ; - com.mongodb.internal.async.AsyncSupplier::lambda$finish$0@23 (line 70)
                      ;   {runtime_call throw_null_pointer_exception Runtime1 stub}
  0x000000011370fe6c: a592 b195 

  0x000000011370fe70: ;   {metadata({method} {0x0000007000106c30} 'toString' '()Ljava/lang/String;' in 'java/util/Formatter')}
  0x000000011370fe70: 0886 8dd2 | 0802 a0f2 | 080e c0f2 | e807 00f9 | 0800 8092 | e803 00f9 

  0x000000011370fe88: ; ImmutableOopMap {[280]=Oop [272]=Oop c_rarg0=Oop }
                      ;*synchronization entry
                      ; - java.util.Formatter::toString@-1 (line 2524)
                      ; - java.lang.String::format@12 (line 4145)
                      ; - com.mongodb.internal.async.AsyncSupplier::lambda$finish$0@23 (line 70)
                      ;   {runtime_call counter_overflow Runtime1 stub}
  0x000000011370fe88: 9ea7 b195 | 71fe ff17 

  0x000000011370fe90: ;   {metadata({method} {0x0000007000108080} 'ensureOpen' '()V' in 'java/util/Formatter')}
  0x000000011370fe90: 0810 90d2 | 0802 a0f2 | 080e c0f2 | e807 00f9 | 0800 8092 | e803 00f9 

  0x000000011370fea8: ; ImmutableOopMap {[280]=Oop [272]=Oop c_rarg0=Oop }
                      ;*synchronization entry
                      ; - java.util.Formatter::ensureOpen@-1 (line 2576)
                      ; - java.util.Formatter::toString@1 (line 2524)
                      ; - java.lang.String::format@12 (line 4145)
                      ; - com.mongodb.internal.async.AsyncSupplier::lambda$finish$0@23 (line 70)
                      ;   {runtime_call counter_overflow Runtime1 stub}
  0x000000011370fea8: 96a7 b195 | 79fe ff17 

  0x000000011370feb0: ; ImmutableOopMap {[280]=Oop [272]=Oop c_rarg1=Oop }
                      ;*invokevirtual toString {reexecute=0 rethrow=0 return_oop=0}
                      ; - java.util.Formatter::toString@8 (line 2525)
                      ; - java.lang.String::format@12 (line 4145)
                      ; - com.mongodb.internal.async.AsyncSupplier::lambda$finish$0@23 (line 70)
                      ;   {runtime_call throw_null_pointer_exception Runtime1 stub}
  0x000000011370feb0: 9492 b195 

  0x000000011370feb4: ; ImmutableOopMap {[272]=Oop c_rarg2=Oop [336]=Oop c_rarg6=Oop [328]=Oop }
                      ;*invokeinterface onResult {reexecute=0 rethrow=0 return_oop=0}
                      ; - com.mongodb.internal.async.AsyncSupplier::lambda$finish$0@34 (line 73)
                      ;   {runtime_call throw_null_pointer_exception Runtime1 stub}
  0x000000011370feb4: 9392 b195 

  0x000000011370feb8: ;   {internal_word}
  0x000000011370feb8: e8dc ff10 | 88af 01f9 

  0x000000011370fec0: ;   {runtime_call SafepointBlob}
  0x000000011370fec0: d0ec ae15 

  0x000000011370fec4: ; ImmutableOopMap {[280]=Oop [272]=Oop [312]=Oop }
                      ;*new {reexecute=0 rethrow=0 return_oop=0}
                      ; - java.util.Formatter::ensureOpen@7 (line 2577)
                      ; - java.util.Formatter::toString@1 (line 2524)
                      ; - java.lang.String::format@12 (line 4145)
                      ; - com.mongodb.internal.async.AsyncSupplier::lambda$finish$0@23 (line 70)
                      ;   {runtime_call new_instance Runtime1 stub}
  0x000000011370fec4: cf94 b195 | f6fe ff17 

  0x000000011370fecc: ; ImmutableOopMap {[336]=Oop [272]=Oop [328]=Oop }
                      ;*new {reexecute=0 rethrow=0 return_oop=0}
                      ; - java.util.Objects::requireNonNull@4 (line 209)
                      ; - java.lang.invoke.VarHandleInts$FieldInstanceReadWrite::compareAndSet@18 (line 178)
                      ; - java.lang.invoke.VarHandleGuards::guard_LII_Z@50 (line 137)
                      ; - java.util.concurrent.atomic.AtomicBoolean::compareAndSet@22 (line 102)
                      ; - com.mongodb.internal.async.AsyncSupplier::lambda$finish$0@3 (line 69)
                      ;   {runtime_call fast_new_instance Runtime1 stub}
  0x000000011370fecc: 8d95 b195 | 0fff ff17 

  0x000000011370fed4: ; ImmutableOopMap {[336]=Oop c_rarg1=Oop [328]=Oop [272]=Oop }
                      ;*new {reexecute=0 rethrow=0 return_oop=0}
                      ; - java.lang.Class::cast@12 (line 3892)
                      ; - java.lang.invoke.VarHandleInts$FieldInstanceReadWrite::compareAndSet@15 (line 178)
                      ; - java.lang.invoke.VarHandleGuards::guard_LII_Z@50 (line 137)
                      ; - java.util.concurrent.atomic.AtomicBoolean::compareAndSet@22 (line 102)
                      ; - com.mongodb.internal.async.AsyncSupplier::lambda$finish$0@3 (line 69)
                      ;   {runtime_call fast_new_instance Runtime1 stub}
  0x000000011370fed4: 8b95 b195 | 28ff ff17 | 1f20 03d5 | 1f20 03d5 | 80eb 41f9 | 9feb 01f9 | 9fef 01f9 | fd7b 57a9 
  0x000000011370fef4: ff03 0691 

  0x000000011370fef8: ;   {runtime_call unwind_exception Runtime1 stub}
  0x000000011370fef8: 2259 af15 | 0000 0000 
[Stub Code]
  0x000000011370ff00: ;   {no_reloc}
  0x000000011370ff00: df3f 03d5 

  0x000000011370ff04: ;   {metadata(NULL)}
  0x000000011370ff04: 0c00 80d2 | 0c00 a0f2 | 0c00 c0f2 | 0800 80d2 | 0800 a0f2 | 0800 c0f2 | 0001 1fd6 

  0x000000011370ff20: ;   {trampoline_stub}
  0x000000011370ff20: 4800 0058 | 0001 1fd6 | 0055 2c1a | 0100 0000 

  0x000000011370ff30: ;   {static_stub}
  0x000000011370ff30: df3f 03d5 

  0x000000011370ff34: ;   {metadata(NULL)}
  0x000000011370ff34: 0c00 80d2 | 0c00 a0f2 | 0c00 c0f2 | 0800 80d2 | 0800 a0f2 | 0800 c0f2 | 0001 1fd6 

  0x000000011370ff50: ;   {trampoline_stub}
  0x000000011370ff50: 4800 0058 | 0001 1fd6 | 004f 2c1a | 0100 0000 

  0x000000011370ff60: ;   {static_stub}
  0x000000011370ff60: df3f 03d5 

  0x000000011370ff64: ;   {metadata(NULL)}
  0x000000011370ff64: 0c00 80d2 | 0c00 a0f2 | 0c00 c0f2 | 0800 80d2 | 0800 a0f2 | 0800 c0f2 | 0001 1fd6 

  0x000000011370ff80: ;   {trampoline_stub}
  0x000000011370ff80: 4800 0058 | 0001 1fd6 | 004f 2c1a | 0100 0000 

  0x000000011370ff90: ;   {static_stub}
  0x000000011370ff90: df3f 03d5 

  0x000000011370ff94: ;   {metadata(NULL)}
  0x000000011370ff94: 0c00 80d2 | 0c00 a0f2 | 0c00 c0f2 | 0800 80d2 | 0800 a0f2 | 0800 c0f2 | 0001 1fd6 

  0x000000011370ffb0: ;   {trampoline_stub}
  0x000000011370ffb0: 4800 0058 | 0001 1fd6 | 0052 2c1a | 0100 0000 

  0x000000011370ffc0: ;   {static_stub}
  0x000000011370ffc0: df3f 03d5 

  0x000000011370ffc4: ;   {metadata(NULL)}
  0x000000011370ffc4: 0c00 80d2 | 0c00 a0f2 | 0c00 c0f2 | 0800 80d2 | 0800 a0f2 | 0800 c0f2 | 0001 1fd6 

  0x000000011370ffe0: ;   {trampoline_stub}
  0x000000011370ffe0: 4800 0058 | 0001 1fd6 | a8f6 371a | 0100 0000 

  0x000000011370fff0: ;   {static_stub}
  0x000000011370fff0: df3f 03d5 

  0x000000011370fff4: ;   {metadata(NULL)}
  0x000000011370fff4: 0c00 80d2 | 0c00 a0f2 | 0c00 c0f2 | 0800 80d2 | 0800 a0f2 | 0800 c0f2 | 0001 1fd6 

  0x0000000113710010: ;   {trampoline_stub}
  0x0000000113710010: 4800 0058 | 0001 1fd6 | 004f 2c1a | 0100 0000 

  0x0000000113710020: ;   {static_stub}
  0x0000000113710020: df3f 03d5 

  0x0000000113710024: ;   {metadata(NULL)}
  0x0000000113710024: 0c00 80d2 | 0c00 a0f2 | 0c00 c0f2 | 0800 80d2 | 0800 a0f2 | 0800 c0f2 | 0001 1fd6 

  0x0000000113710040: ;   {trampoline_stub}
  0x0000000113710040: 4800 0058 | 0001 1fd6 | 004f 2c1a | 0100 0000 

  0x0000000113710050: ;   {static_stub}
  0x0000000113710050: df3f 03d5 

  0x0000000113710054: ;   {metadata(NULL)}
  0x0000000113710054: 0c00 80d2 | 0c00 a0f2 | 0c00 c0f2 | 0800 80d2 | 0800 a0f2 | 0800 c0f2 | 0001 1fd6 

  0x0000000113710070: ;   {trampoline_stub}
  0x0000000113710070: 4800 0058 | 0001 1fd6 | 004f 2c1a | 0100 0000 

  0x0000000113710080: ;   {static_stub}
  0x0000000113710080: df3f 03d5 

  0x0000000113710084: ;   {metadata(NULL)}
  0x0000000113710084: 0c00 80d2 | 0c00 a0f2 | 0c00 c0f2 | 0800 80d2 | 0800 a0f2 | 0800 c0f2 | 0001 1fd6 

  0x00000001137100a0: ;   {trampoline_stub}
  0x00000001137100a0: 4800 0058 | 0001 1fd6 | 004f 2c1a | 0100 0000 

  0x00000001137100b0: ;   {static_stub}
  0x00000001137100b0: df3f 03d5 

  0x00000001137100b4: ;   {metadata(NULL)}
  0x00000001137100b4: 0c00 80d2 | 0c00 a0f2 | 0c00 c0f2 | 0800 80d2 | 0800 a0f2 | 0800 c0f2 | 0001 1fd6 

  0x00000001137100d0: ;   {trampoline_stub}
  0x00000001137100d0: 4800 0058 | 0001 1fd6 | 004f 2c1a | 0100 0000 
[Exception Handler]
  0x00000001137100e0: ;   {runtime_call handle_exception_from_callee Runtime1 stub}
  0x00000001137100e0: 089b b195 | c1d5 bbd4 | 0e66 d90a | 0100 0000 
[Deopt Handler Code]
  0x00000001137100f0: 1e00 0010 

  0x00000001137100f4: ;   {runtime_call DeoptimizationBlob}
  0x00000001137100f4: 13ed ae15 
[/MachCode]


---------------  P R O C E S S  ---------------

Threads class SMR info:
_java_thread_list=0x0000000af723a5a0, length=44, elements={
0x0000000104ee4010, 0x0000000104ef4250, 0x0000000af4e30000, 0x0000000af4e30c00,
0x0000000af4e31200, 0x0000000af4e31800, 0x0000000af4e31e00, 0x0000000af4e32400,
0x0000000af4e32a00, 0x0000000af4e6c000, 0x0000000af4e6c600, 0x0000000af4e6e400,
0x0000000af4e6ea00, 0x0000000af4e6f000, 0x0000000af4610600, 0x0000000af4610c00,
0x0000000af4611200, 0x0000000af4611800, 0x0000000af467c000, 0x0000000af467c600,
0x0000000af467cc00, 0x0000000af467d200, 0x0000000af467d800, 0x0000000af467de00,
0x0000000af467e400, 0x0000000af467ea00, 0x0000000af467f000, 0x0000000af467f600,
0x0000000af4688000, 0x0000000af4688600, 0x0000000af4688c00, 0x0000000af4689200,
0x0000000af4689800, 0x0000000af4689e00, 0x0000000af468a400, 0x0000000af468aa00,
0x0000000af468b600, 0x0000000af4697000, 0x0000000af4613600, 0x0000000af4611e00,
0x0000000af4529800, 0x0000000af4528c00, 0x0000000af4529200, 0x0000000af4694600
}

Java Threads: ( => current thread )
  0x0000000104ee4010 JavaThread "Test worker" [_thread_blocked, id=4867, stack(0x000000016b748000,0x000000016b94b000)]
  0x0000000104ef4250 JavaThread "Reference Handler" daemon [_thread_blocked, id=31747, stack(0x000000016c59c000,0x000000016c79f000)]
  0x0000000af4e30000 JavaThread "Finalizer" daemon [_thread_blocked, id=31235, stack(0x000000016c7a8000,0x000000016c9ab000)]
  0x0000000af4e30c00 JavaThread "Signal Dispatcher" daemon [_thread_blocked, id=25347, stack(0x000000016cacc000,0x000000016cccf000)]
  0x0000000af4e31200 JavaThread "Service Thread" daemon [_thread_blocked, id=25859, stack(0x000000016ccd8000,0x000000016cedb000)]
  0x0000000af4e31800 JavaThread "Monitor Deflation Thread" daemon [_thread_blocked, id=29443, stack(0x000000016cee4000,0x000000016d0e7000)]
  0x0000000af4e31e00 JavaThread "C2 CompilerThread0" daemon [_thread_blocked, id=26115, stack(0x000000016d0f0000,0x000000016d2f3000)]
  0x0000000af4e32400 JavaThread "C1 CompilerThread0" daemon [_thread_blocked, id=28931, stack(0x000000016d2fc000,0x000000016d4ff000)]
  0x0000000af4e32a00 JavaThread "Sweeper thread" daemon [_thread_blocked, id=28419, stack(0x000000016d508000,0x000000016d70b000)]
  0x0000000af4e6c000 JavaThread "Common-Cleaner" daemon [_thread_blocked, id=26883, stack(0x000000016db2c000,0x000000016dd2f000)]
  0x0000000af4e6c600 JavaThread "Notification Thread" daemon [_thread_blocked, id=32771, stack(0x000000016dd38000,0x000000016df3b000)]
  0x0000000af4e6e400 JavaThread "/127.0.0.1:60169 to /127.0.0.1:60168 workers" [_thread_blocked, id=33283, stack(0x000000016e150000,0x000000016e353000)]
  0x0000000af4e6ea00 JavaThread "/127.0.0.1:60169 to /127.0.0.1:60168 workers Thread 2" [_thread_blocked, id=42755, stack(0x000000016e35c000,0x000000016e55f000)]
  0x0000000af4e6f000 JavaThread "/127.0.0.1:60169 to /127.0.0.1:60168 workers Thread 3" [_thread_in_native, id=33795, stack(0x000000016e568000,0x000000016e76b000)]
  0x0000000af4610600 JavaThread "BufferPoolPruner-1-thread-1" daemon [_thread_blocked, id=37891, stack(0x000000017041c000,0x000000017061f000)]
  0x0000000af4610c00 JavaThread "cluster-ClusterId{value='699b7e095cbb183d148d954b', description='null'}-localhost:27017" daemon [_thread_in_native, id=38407, stack(0x0000000170628000,0x000000017082b000)]
  0x0000000af4611200 JavaThread "cluster-rtt-ClusterId{value='699b7e095cbb183d148d954b', description='null'}-localhost:27017" daemon [_thread_blocked, id=43527, stack(0x0000000170834000,0x0000000170a37000)]
  0x0000000af4611800 JavaThread "MaintenanceTimer-3-thread-1" daemon [_thread_blocked, id=65291, stack(0x0000000170a40000,0x0000000170c43000)]
  0x0000000af467c000 JavaThread "Thread-4" daemon [_thread_in_native, id=44547, stack(0x0000000171270000,0x0000000171473000)]
  0x0000000af467c600 JavaThread "Thread-5" daemon [_thread_blocked, id=44803, stack(0x000000017147c000,0x000000017167f000)]
  0x0000000af467cc00 JavaThread "Thread-6" daemon [_thread_blocked, id=63235, stack(0x0000000171688000,0x000000017188b000)]
  0x0000000af467d200 JavaThread "Thread-7" daemon [_thread_blocked, id=62979, stack(0x0000000171894000,0x0000000171a97000)]
  0x0000000af467d800 JavaThread "Thread-8" daemon [_thread_blocked, id=45571, stack(0x0000000171aa0000,0x0000000171ca3000)]
  0x0000000af467de00 JavaThread "Thread-9" daemon [_thread_blocked, id=62467, stack(0x0000000171cac000,0x0000000171eaf000)]
  0x0000000af467e400 JavaThread "Thread-10" daemon [_thread_blocked, id=45827, stack(0x0000000171eb8000,0x00000001720bb000)]
  0x0000000af467ea00 JavaThread "Thread-11" daemon [_thread_blocked, id=46083, stack(0x00000001720c4000,0x00000001722c7000)]
  0x0000000af467f000 JavaThread "Thread-12" daemon [_thread_blocked, id=61443, stack(0x00000001722d0000,0x00000001724d3000)]
  0x0000000af467f600 JavaThread "Thread-13" daemon [_thread_blocked, id=46339, stack(0x00000001724dc000,0x00000001726df000)]
  0x0000000af4688000 JavaThread "Thread-14" daemon [_thread_blocked, id=46851, stack(0x00000001726e8000,0x00000001728eb000)]
=>0x0000000af4688600 JavaThread "Thread-15" daemon [_thread_in_native, id=47363, stack(0x00000001728f4000,0x0000000172af7000)]
  0x0000000af4688c00 JavaThread "Thread-16" daemon [_thread_blocked, id=47875, stack(0x0000000172b00000,0x0000000172d03000)]

Other Threads:
  0x0000000104ef35d0 VMThread "VM Thread" [stack: 0x000000016c390000,0x000000016c593000] [id=18179]
  0x0000000af4e48000 WatcherThread [stack: 0x000000016df44000,0x000000016e147000] [id=43267]
  0x0000000104eea980 GCTaskThread "GC Thread#0" [stack: 0x000000016b954000,0x000000016bb57000] [id=13571]
  0x0000000af44dd500 GCTaskThread "GC Thread#1" [stack: 0x000000016e774000,0x000000016e977000] [id=42243]
  0x0000000af44dd800 GCTaskThread "GC Thread#2" [stack: 0x000000016e980000,0x000000016eb83000] [id=34307]
  0x0000000af44ddb00 GCTaskThread "GC Thread#3" [stack: 0x000000016eb8c000,0x000000016ed8f000] [id=34819]
  0x0000000af44dde00 GCTaskThread "GC Thread#4" [stack: 0x000000016ed98000,0x000000016ef9b000] [id=41731]
  0x0000000af44de100 GCTaskThread "GC Thread#5" [stack: 0x000000016efa4000,0x000000016f1a7000] [id=35587]
  0x0000000af44de400 GCTaskThread "GC Thread#6" [stack: 0x000000016f1b0000,0x000000016f3b3000] [id=35843]
  0x0000000af44de700 GCTaskThread "GC Thread#7" [stack: 0x000000016f3bc000,0x000000016f5bf000] [id=40963]
  0x0000000af44dea00 GCTaskThread "GC Thread#8" [stack: 0x000000016f5c8000,0x000000016f7cb000] [id=40707]
  0x0000000af44ded00 GCTaskThread "GC Thread#9" [stack: 0x000000016f7d4000,0x000000016f9d7000] [id=36355]
  0x0000000af44df000 GCTaskThread "GC Thread#10" [stack: 0x000000016f9e0000,0x000000016fbe3000] [id=40195]
  0x0000000af44df300 GCTaskThread "GC Thread#11" [stack: 0x000000016fbec000,0x000000016fdef000] [id=36867]
  0x0000000af44df600 GCTaskThread "GC Thread#12" [stack: 0x000000016fdf8000,0x000000016fffb000] [id=37379]
  0x0000000104eeb670 ConcurrentGCThread "G1 Main Marker" [stack: 0x000000016bb60000,0x000000016bd63000] [id=15107]
  0x0000000104eebfe0 ConcurrentGCThread "G1 Conc#0" [stack: 0x000000016bd6c000,0x000000016bf6f000] [id=13827]
  0x0000000af45a8c00 ConcurrentGCThread "G1 Conc#1" [stack: 0x0000000170004000,0x0000000170207000] [id=39427]
  0x0000000af45a8f00 ConcurrentGCThread "G1 Conc#2" [stack: 0x0000000170210000,0x0000000170413000] [id=39171]
  0x0000000104eede30 ConcurrentGCThread "G1 Refine#0" [stack: 0x000000016bf78000,0x000000016c17b000] [id=21507]
  0x0000000104eee5a0 ConcurrentGCThread "G1 Service" [stack: 0x000000016c184000,0x000000016c387000] [id=16643]

Threads with active compile tasks:

VM state: not at safepoint (normal execution)

VM Mutex/Monitor currently owned by a thread: None

Heap address: 0x00000004d5000000, size: 4096 MB, Compressed Oops mode: Zero based, Oop shift amount: 3

CDS archive(s) mapped at: [0x0000007000000000-0x0000007000bc0000-0x0000007000bc0000), size 12320768, SharedBaseAddress: 0x0000007000000000, ArchiveRelocationMode: 1.
Compressed class space mapped at: 0x0000007001000000-0x0000007041000000, reserved size: 1073741824
Narrow klass base: 0x0000007000000000, Narrow klass shift: 0, Narrow klass range: 0x100000000

GC Precious Log:
 CPUs: 16 total, 16 available
 Memory: 49152M
 Large Page Support: Disabled
 NUMA Support: Disabled
 Compressed Oops: Enabled (Zero based)
 Heap Region Size: 2M
 Heap Min Capacity: 8M
 Heap Initial Capacity: 768M
 Heap Max Capacity: 4G
 Pre-touch: Disabled
 Parallel Workers: 13
 Concurrent Workers: 3
 Concurrent Refinement Workers: 13
 Periodic GC: Disabled

Heap:
 garbage-first heap   total 90112K, used 38928K [0x00000004d5000000, 0x00000005d5000000)
  region size 2048K, 9 young (18432K), 2 survivors (4096K)
 Metaspace       used 34046K, committed 34432K, reserved 1114112K
  class space    used 4469K, committed 4672K, reserved 1048576K

Heap Regions: E=young(eden), S=young(survivor), O=old, HS=humongous(starts), HC=humongous(continues), CS=collection set, F=free, OA=open archive, CA=closed archive, TAMS=top-at-mark-start (previous, next)
|   0|0x00000004d5000000, 0x00000004d5200000, 0x00000004d5200000|100%|HS|  |TAMS 0x00000004d5200000, 0x00000004d5000000| Complete 
|   1|0x00000004d5200000, 0x00000004d5400000, 0x00000004d5400000|100%| O|  |TAMS 0x00000004d5400000, 0x00000004d5200000| Untracked 
|   2|0x00000004d5400000, 0x00000004d5600000, 0x00000004d5600000|100%| O|  |TAMS 0x00000004d5600000, 0x00000004d5400000| Untracked 
|   3|0x00000004d5600000, 0x00000004d5800000, 0x00000004d5800000|100%| O|  |TAMS 0x00000004d5800000, 0x00000004d5600000| Untracked 
|   4|0x00000004d5800000, 0x00000004d5a00000, 0x00000004d5a00000|100%| O|  |TAMS 0x00000004d5a00000, 0x00000004d5800000| Untracked 
|   5|0x00000004d5a00000, 0x00000004d5a00000, 0x00000004d5c00000|  0%| F|  |TAMS 0x00000004d5a00000, 0x00000004d5a00000| Untracked 
|   6|0x00000004d5c00000, 0x00000004d5e00000, 0x00000004d5e00000|100%| O|  |TAMS 0x00000004d5c00000, 0x00000004d5c00000| Untracked 
|   7|0x00000004d5e00000, 0x00000004d6000000, 0x00000004d6000000|100%| O|  |TAMS 0x00000004d5e00000, 0x00000004d5e00000| Untracked 
|   8|0x00000004d6000000, 0x00000004d6000000, 0x00000004d6200000|  0%| F|  |TAMS 0x00000004d6000000, 0x00000004d6000000| Untracked 
|   9|0x00000004d6200000, 0x00000004d6200000, 0x00000004d6400000|  0%| F|  |TAMS 0x00000004d6200000, 0x00000004d6200000| Untracked 
|  10|0x00000004d6400000, 0x00000004d6400000, 0x00000004d6600000|  0%| F|  |TAMS 0x00000004d6400000, 0x00000004d6400000| Untracked 
|  11|0x00000004d6600000, 0x00000004d6600000, 0x00000004d6800000|  0%| F|  |TAMS 0x00000004d6600000, 0x00000004d6600000| Untracked 
|  12|0x00000004d6800000, 0x00000004d6800000, 0x00000004d6a00000|  0%| F|  |TAMS 0x00000004d6800000, 0x00000004d6800000| Untracked 
|  13|0x00000004d6a00000, 0x00000004d6a4b110, 0x00000004d6c00000| 14%| S|CS|TAMS 0x00000004d6a00000, 0x00000004d6a00000| Complete 
|  14|0x00000004d6c00000, 0x00000004d6c00000, 0x00000004d6e00000|  0%| F|  |TAMS 0x00000004d6c00000, 0x00000004d6c00000| Untracked 
|  15|0x00000004d6e00000, 0x00000004d7000000, 0x00000004d7000000|100%| O|  |TAMS 0x00000004d6e00000, 0x00000004d6e00000| Untracked 
|  16|0x00000004d7000000, 0x00000004d7200000, 0x00000004d7200000|100%| O|  |TAMS 0x00000004d7000000, 0x00000004d7000000| Untracked 
|  17|0x00000004d7200000, 0x00000004d7400000, 0x00000004d7400000|100%| O|  |TAMS 0x00000004d7200000, 0x00000004d7200000| Untracked 
|  18|0x00000004d7400000, 0x00000004d75d1200, 0x00000004d7600000| 90%| O|  |TAMS 0x00000004d7400000, 0x00000004d7400000| Untracked 
|  19|0x00000004d7600000, 0x00000004d7800000, 0x00000004d7800000|100%| S|CS|TAMS 0x00000004d7600000, 0x00000004d7600000| Complete 
|  20|0x00000004d7800000, 0x00000004d7800000, 0x00000004d7a00000|  0%| F|  |TAMS 0x00000004d7800000, 0x00000004d7800000| Untracked 
|  21|0x00000004d7a00000, 0x00000004d7a00000, 0x00000004d7c00000|  0%| F|  |TAMS 0x00000004d7a00000, 0x00000004d7a00000| Untracked 
|  22|0x00000004d7c00000, 0x00000004d7c00000, 0x00000004d7e00000|  0%| F|  |TAMS 0x00000004d7c00000, 0x00000004d7c00000| Untracked 
|  23|0x00000004d7e00000, 0x00000004d7e00000, 0x00000004d8000000|  0%| F|  |TAMS 0x00000004d7e00000, 0x00000004d7e00000| Untracked 
|  24|0x00000004d8000000, 0x00000004d8000000, 0x00000004d8200000|  0%| F|  |TAMS 0x00000004d8000000, 0x00000004d8000000| Untracked 
|  25|0x00000004d8200000, 0x00000004d8200000, 0x00000004d8400000|  0%| F|  |TAMS 0x00000004d8200000, 0x00000004d8200000| Untracked 
|  26|0x00000004d8400000, 0x00000004d8400000, 0x00000004d8600000|  0%| F|  |TAMS 0x00000004d8400000, 0x00000004d8400000| Untracked 
|  27|0x00000004d8600000, 0x00000004d8600000, 0x00000004d8800000|  0%| F|  |TAMS 0x00000004d8600000, 0x00000004d8600000| Untracked 
|  28|0x00000004d8800000, 0x00000004d8800000, 0x00000004d8a00000|  0%| F|  |TAMS 0x00000004d8800000, 0x00000004d8800000| Untracked 
|  29|0x00000004d8a00000, 0x00000004d8a00000, 0x00000004d8c00000|  0%| F|  |TAMS 0x00000004d8a00000, 0x00000004d8a00000| Untracked 
|  30|0x00000004d8c00000, 0x00000004d8c00000, 0x00000004d8e00000|  0%| F|  |TAMS 0x00000004d8c00000, 0x00000004d8c00000| Untracked 
|  31|0x00000004d8e00000, 0x00000004d8e00000, 0x00000004d9000000|  0%| F|  |TAMS 0x00000004d8e00000, 0x00000004d8e00000| Untracked 
|  32|0x00000004d9000000, 0x00000004d9000000, 0x00000004d9200000|  0%| F|  |TAMS 0x00000004d9000000, 0x00000004d9000000| Untracked 
|  33|0x00000004d9200000, 0x00000004d9200000, 0x00000004d9400000|  0%| F|  |TAMS 0x00000004d9200000, 0x00000004d9200000| Untracked 
|  34|0x00000004d9400000, 0x00000004d9400000, 0x00000004d9600000|  0%| F|  |TAMS 0x00000004d9400000, 0x00000004d9400000| Untracked 
|  35|0x00000004d9600000, 0x00000004d961e640, 0x00000004d9800000|  5%| E|  |TAMS 0x00000004d9600000, 0x00000004d9600000| Complete 
|  36|0x00000004d9800000, 0x00000004d9a00000, 0x00000004d9a00000|100%| E|CS|TAMS 0x00000004d9800000, 0x00000004d9800000| Complete 
| 349|0x0000000500a00000, 0x0000000500c00000, 0x0000000500c00000|100%| E|CS|TAMS 0x0000000500a00000, 0x0000000500a00000| Complete 
| 350|0x0000000500c00000, 0x0000000500e00000, 0x0000000500e00000|100%| E|CS|TAMS 0x0000000500c00000, 0x0000000500c00000| Complete 
| 351|0x0000000500e00000, 0x0000000501000000, 0x0000000501000000|100%| E|CS|TAMS 0x0000000500e00000, 0x0000000500e00000| Complete 
| 352|0x0000000501000000, 0x0000000501200000, 0x0000000501200000|100%| E|CS|TAMS 0x0000000501000000, 0x0000000501000000| Complete 
| 383|0x0000000504e00000, 0x0000000505000000, 0x0000000505000000|100%| E|CS|TAMS 0x0000000504e00000, 0x0000000504e00000| Complete 
|2046|0x00000005d4c00000, 0x00000005d4d74000, 0x00000005d4e00000| 72%|OA|  |TAMS 0x00000005d4d74000, 0x00000005d4c00000| Untracked 
|2047|0x00000005d4e00000, 0x00000005d4e74000, 0x00000005d5000000| 22%|CA|  |TAMS 0x00000005d4e74000, 0x00000005d4e00000| Untracked 

Card table byte_map: [0x0000000121e28000,0x0000000122628000] _byte_map_base: 0x000000011f780000

Marking Bits (Prev, Next): (CMBitMap*) 0x0000000104eeaf40, (CMBitMap*) 0x0000000104eeaf00
 Prev Bits: [0x0000000126e28000, 0x000000012ae28000)
 Next Bits: [0x0000000122e28000, 0x0000000126e28000)

Polling page: 0x000000010476c000

Metaspace:

Usage:
  Non-class:     28.88 MB used.
      Class:      4.36 MB used.
       Both:     33.25 MB used.

Virtual space:
  Non-class space:       64.00 MB reserved,      29.06 MB ( 45%) committed,  1 nodes.
      Class space:        1.00 GB reserved,       4.56 MB ( <1%) committed,  1 nodes.
             Both:        1.06 GB reserved,      33.62 MB (  3%) committed. 

Chunk freelists:
   Non-Class:  2.16 MB
       Class:  11.42 MB
        Both:  13.57 MB

MaxMetaspaceSize: unlimited
CompressedClassSpaceSize: 1.00 GB
Initial GC threshold: 21.00 MB
Current GC threshold: 35.56 MB
CDS: on
MetaspaceReclaimPolicy: balanced
 - commit_granule_bytes: 65536.
 - commit_granule_words: 8192.
 - virtual_space_node_default_size: 8388608.
 - enlarge_chunks_in_place: 1.
 - new_chunks_are_fully_committed: 0.
 - uncommit_free_chunks: 1.
 - use_allocation_guard: 0.
 - handle_deallocations: 1.


Internal statistics:

num_allocs_failed_limit: 3.
num_arena_births: 366.
num_arena_deaths: 0.
num_vsnodes_births: 2.
num_vsnodes_deaths: 0.
num_space_committed: 538.
num_space_uncommitted: 0.
num_chunks_returned_to_freelist: 3.
num_chunks_taken_from_freelist: 1561.
num_chunk_merges: 0.
num_chunk_splits: 1038.
num_chunks_enlarged: 783.
num_inconsistent_stats: 0.

CodeHeap 'non-profiled nmethods': size=119168Kb used=3581Kb max_used=3581Kb free=115586Kb
 bounds [0x000000011a9c8000, 0x000000011ad48000, 0x0000000121e28000]
CodeHeap 'profiled nmethods': size=119152Kb used=13018Kb max_used=13018Kb free=106133Kb
 bounds [0x0000000112e28000, 0x0000000113ae8000, 0x000000011a284000]
CodeHeap 'non-nmethods': size=7440Kb used=1872Kb max_used=3110Kb free=5567Kb
 bounds [0x000000011a284000, 0x000000011a5a4000, 0x000000011a9c8000]
 total_blobs=7683 nmethods=6848 adapters=750
 compilation: enabled
              stopped_count=0, restarted_count=0
 full_count=0

Compilation events (20 events):
Event: 9.720 Thread 0x0000000af4e32400 7975       3       com.mongodb.internal.connection.ClusterClockAdvancingSessionContext::<init> (15 bytes)
Event: 9.720 Thread 0x0000000af4e32400 nmethod 7975 0x0000000113aca990 code [0x0000000113acab40, 0x0000000113acad58]
Event: 9.720 Thread 0x0000000af4e32400 7976       3       com.mongodb.internal.connection.CommandProtocolImpl::withSessionContext (6 bytes)
Event: 9.720 Thread 0x0000000af4e32400 nmethod 7976 0x0000000113acae10 code [0x0000000113acafc0, 0x0000000113acb108]
Event: 9.720 Thread 0x0000000af4e32400 7977       3       com.mongodb.internal.connection.CommandProtocolImpl::withSessionContext (48 bytes)
Event: 9.720 Thread 0x0000000af4e32400 nmethod 7977 0x0000000113acb210 code [0x0000000113acb3c0, 0x0000000113acb638]
Event: 9.720 Thread 0x0000000af4e32400 7978       3       com.mongodb.internal.connection.CommandProtocolImpl::getCommandMessage (58 bytes)
Event: 9.721 Thread 0x0000000af4e32400 nmethod 7978 0x0000000113acb790 code [0x0000000113acb980, 0x0000000113acbe18]
Event: 9.725 Thread 0x0000000af4e32400 7979       3       org.bson.BsonDocumentWriter::doWriteInt32 (13 bytes)
Event: 9.725 Thread 0x0000000af4e32400 nmethod 7979 0x0000000113acc010 code [0x0000000113acc240, 0x0000000113acc748]
Event: 9.727 Thread 0x0000000af4e32400 7980       3       java.util.concurrent.CompletableFuture::completeValue (20 bytes)
Event: 9.727 Thread 0x0000000af4e32400 nmethod 7980 0x0000000113acc990 code [0x0000000113accc80, 0x0000000113acd758]
Event: 9.727 Thread 0x0000000af4e32400 7981       3       com.mongodb.internal.connection.EventHelper::exceptionsEquals (53 bytes)
Event: 9.728 Thread 0x0000000af4e32400 nmethod 7981 0x0000000113acdb90 code [0x0000000113acde00, 0x0000000113ace618]
Event: 10.671 Thread 0x0000000af4e32400 7982       3       com.mongodb.internal.connection.InternalOperationContextFactory::create (15 bytes)
Event: 10.671 Thread 0x0000000af4e32400 nmethod 7982 0x0000000113ace810 code [0x0000000113ace9c0, 0x0000000113acebb8]
Event: 10.671 Thread 0x0000000af4e32400 7983       3       com.mongodb.internal.connection.OperationContext::simpleOperationContext (27 bytes)
Event: 10.671 Thread 0x0000000af4e32400 nmethod 7983 0x0000000113aced10 code [0x0000000113acef40, 0x0000000113acf368]
Event: 10.671 Thread 0x0000000af4e32400 7984       3       com.mongodb.internal.connection.OperationContext::<init> (15 bytes)
Event: 10.671 Thread 0x0000000af4e32400 nmethod 7984 0x0000000113acf610 code [0x0000000113acf7c0, 0x0000000113acf908]

GC Heap History (20 events):
Event: 0.687 GC heap before
{Heap before GC invocations=4 (full 0):
 garbage-first heap   total 90112K, used 65912K [0x00000004d5000000, 0x00000005d5000000)
  region size 2048K, 27 young (55296K), 4 survivors (8192K)
 Metaspace       used 26509K, committed 26816K, reserved 1114112K
  class space    used 3507K, committed 3648K, reserved 1048576K
}
Event: 0.690 GC heap after
{Heap after GC invocations=5 (full 0):
 garbage-first heap   total 90112K, used 27546K [0x00000004d5000000, 0x00000005d5000000)
  region size 2048K, 7 young (14336K), 7 survivors (14336K)
 Metaspace       used 26509K, committed 26816K, reserved 1114112K
  class space    used 3507K, committed 3648K, reserved 1048576K
}
Event: 0.695 GC heap before
{Heap before GC invocations=5 (full 0):
 garbage-first heap   total 90112K, used 29594K [0x00000004d5000000, 0x00000005d5000000)
  region size 2048K, 8 young (16384K), 7 survivors (14336K)
 Metaspace       used 26672K, committed 26944K, reserved 1114112K
  class space    used 3540K, committed 3648K, reserved 1048576K
}
Event: 0.698 GC heap after
{Heap after GC invocations=6 (full 0):
 garbage-first heap   total 90112K, used 26340K [0x00000004d5000000, 0x00000005d5000000)
  region size 2048K, 1 young (2048K), 1 survivors (2048K)
 Metaspace       used 26672K, committed 26944K, reserved 1114112K
  class space    used 3540K, committed 3648K, reserved 1048576K
}
Event: 1.068 GC heap before
{Heap before GC invocations=6 (full 0):
 garbage-first heap   total 90112K, used 57060K [0x00000004d5000000, 0x00000005d5000000)
  region size 2048K, 17 young (34816K), 1 survivors (2048K)
 Metaspace       used 31834K, committed 32192K, reserved 1114112K
  class space    used 4323K, committed 4480K, reserved 1048576K
}
Event: 1.068 GC heap after
{Heap after GC invocations=7 (full 0):
 garbage-first heap   total 90112K, used 25975K [0x00000004d5000000, 0x00000005d5000000)
  region size 2048K, 1 young (2048K), 1 survivors (2048K)
 Metaspace       used 31834K, committed 32192K, reserved 1114112K
  class space    used 4323K, committed 4480K, reserved 1048576K
}
Event: 1.815 GC heap before
{Heap before GC invocations=7 (full 0):
 garbage-first heap   total 90112K, used 60791K [0x00000004d5000000, 0x00000005d5000000)
  region size 2048K, 18 young (36864K), 1 survivors (2048K)
 Metaspace       used 32234K, committed 32576K, reserved 1114112K
  class space    used 4333K, committed 4480K, reserved 1048576K
}
Event: 1.816 GC heap after
{Heap after GC invocations=8 (full 0):
 garbage-first heap   total 90112K, used 25905K [0x00000004d5000000, 0x00000005d5000000)
  region size 2048K, 1 young (2048K), 1 survivors (2048K)
 Metaspace       used 32234K, committed 32576K, reserved 1114112K
  class space    used 4333K, committed 4480K, reserved 1048576K
}
Event: 2.467 GC heap before
{Heap before GC invocations=8 (full 0):
 garbage-first heap   total 90112K, used 62769K [0x00000004d5000000, 0x00000005d5000000)
  region size 2048K, 19 young (38912K), 1 survivors (2048K)
 Metaspace       used 32754K, committed 33088K, reserved 1114112K
  class space    used 4387K, committed 4544K, reserved 1048576K
}
Event: 2.468 GC heap after
{Heap after GC invocations=9 (full 0):
 garbage-first heap   total 90112K, used 26095K [0x00000004d5000000, 0x00000005d5000000)
  region size 2048K, 1 young (2048K), 1 survivors (2048K)
 Metaspace       used 32754K, committed 33088K, reserved 1114112K
  class space    used 4387K, committed 4544K, reserved 1048576K
}
Event: 2.992 GC heap before
{Heap before GC invocations=9 (full 0):
 garbage-first heap   total 90112K, used 65007K [0x00000004d5000000, 0x00000005d5000000)
  region size 2048K, 20 young (40960K), 1 survivors (2048K)
 Metaspace       used 32996K, committed 33280K, reserved 1114112K
  class space    used 4390K, committed 4544K, reserved 1048576K
}
Event: 2.993 GC heap after
{Heap after GC invocations=10 (full 0):
 garbage-first heap   total 90112K, used 26058K [0x00000004d5000000, 0x00000005d5000000)
  region size 2048K, 1 young (2048K), 1 survivors (2048K)
 Metaspace       used 32996K, committed 33280K, reserved 1114112K
  class space    used 4390K, committed 4544K, reserved 1048576K
}
Event: 3.604 GC heap before
{Heap before GC invocations=10 (full 0):
 garbage-first heap   total 90112K, used 67018K [0x00000004d5000000, 0x00000005d5000000)
  region size 2048K, 21 young (43008K), 1 survivors (2048K)
 Metaspace       used 33237K, committed 33600K, reserved 1114112K
  class space    used 4405K, committed 4608K, reserved 1048576K
}
Event: 3.606 GC heap after
{Heap after GC invocations=11 (full 0):
 garbage-first heap   total 90112K, used 26175K [0x00000004d5000000, 0x00000005d5000000)
  region size 2048K, 1 young (2048K), 1 survivors (2048K)
 Metaspace       used 33237K, committed 33600K, reserved 1114112K
  class space    used 4405K, committed 4608K, reserved 1048576K
}
Event: 4.045 GC heap before
{Heap before GC invocations=11 (full 0):
 garbage-first heap   total 90112K, used 69183K [0x00000004d5000000, 0x00000005d5000000)
  region size 2048K, 22 young (45056K), 1 survivors (2048K)
 Metaspace       used 33311K, committed 33728K, reserved 1114112K
  class space    used 4405K, committed 4608K, reserved 1048576K
}
Event: 4.046 GC heap after
{Heap after GC invocations=12 (full 0):
 garbage-first heap   total 90112K, used 26223K [0x00000004d5000000, 0x00000005d5000000)
  region size 2048K, 1 young (2048K), 1 survivors (2048K)
 Metaspace       used 33311K, committed 33728K, reserved 1114112K
  class space    used 4405K, committed 4608K, reserved 1048576K
}
Event: 5.895 GC heap before
{Heap before GC invocations=12 (full 0):
 garbage-first heap   total 90112K, used 71279K [0x00000004d5000000, 0x00000005d5000000)
  region size 2048K, 23 young (47104K), 1 survivors (2048K)
 Metaspace       used 33593K, committed 33984K, reserved 1114112K
  class space    used 4430K, committed 4608K, reserved 1048576K
}
Event: 5.897 GC heap after
{Heap after GC invocations=13 (full 0):
 garbage-first heap   total 90112K, used 26266K [0x00000004d5000000, 0x00000005d5000000)
  region size 2048K, 1 young (2048K), 1 survivors (2048K)
 Metaspace       used 33593K, committed 33984K, reserved 1114112K
  class space    used 4430K, committed 4608K, reserved 1048576K
}
Event: 8.537 GC heap before
{Heap before GC invocations=13 (full 0):
 garbage-first heap   total 90112K, used 71322K [0x00000004d5000000, 0x00000005d5000000)
  region size 2048K, 23 young (47104K), 1 survivors (2048K)
 Metaspace       used 34009K, committed 34432K, reserved 1114112K
  class space    used 4469K, committed 4672K, reserved 1048576K
}
Event: 8.539 GC heap after
{Heap after GC invocations=14 (full 0):
 garbage-first heap   total 90112K, used 26640K [0x00000004d5000000, 0x00000005d5000000)
  region size 2048K, 2 young (4096K), 2 survivors (4096K)
 Metaspace       used 34009K, committed 34432K, reserved 1114112K
  class space    used 4469K, committed 4672K, reserved 1048576K
}

Dll operation events (10 events):
Event: 0.004 Loaded shared library /Users/jeff/.sdkman/candidates/java/17.0.18-tem/lib/libjava.dylib
Event: 0.026 Loaded shared library /Users/jeff/.sdkman/candidates/java/17.0.18-tem/lib/libnio.dylib
Event: 0.028 Loaded shared library /Users/jeff/.sdkman/candidates/java/17.0.18-tem/lib/libzip.dylib
Event: 0.045 Loaded shared library /Users/jeff/.sdkman/candidates/java/17.0.18-tem/lib/libverify.dylib
Event: 0.046 Loaded shared library /Users/jeff/.sdkman/candidates/java/17.0.18-tem/lib/libjimage.dylib
Event: 0.057 Loaded shared library /Users/jeff/.sdkman/candidates/java/17.0.18-tem/lib/libnet.dylib
Event: 0.144 Loaded shared library /Users/jeff/.sdkman/candidates/java/17.0.18-tem/lib/libextnet.dylib
Event: 0.822 Loading shared library /Users/jeff/.sdkman/candidates/java/17.0.18-tem/lib/libmongo_rust_core.dylib failed, dlopen(/Users/jeff/.sdkman/candidates/java/17.0.18-tem/lib/libmongo_rust_core.dylib, 0x0001): tried: '/Users/jeff/.sdkman/candidates/java/17.0.18-t
Event: 0.822 Loading shared library /Users/jeff/.sdkman/candidates/java/17.0.18-tem/lib/libmongo_rust_core.jnilib failed, dlopen(/Users/jeff/.sdkman/candidates/java/17.0.18-tem/lib/libmongo_rust_core.jnilib, 0x0001): tried: '/Users/jeff/.sdkman/candidates/java/17.0.18
Event: 0.913 Loaded shared library /Users/jeff/git/m/mongo-java-driver/build/jnaLibs/rust-core/libmongo_rust_core.dylib

Deoptimization events (20 events):
Event: 6.108 Thread 0x0000000104ee4010 DEOPT PACKING pc=0x00000001135bbfa4 sp=0x000000016b945ae0
Event: 6.108 Thread 0x0000000104ee4010 DEOPT UNPACKING pc=0x000000011a2cb77c sp=0x000000016b945790 mode 0
Event: 6.497 Thread 0x0000000104ee4010 DEOPT PACKING pc=0x0000000113359b5c sp=0x000000016b9455c0
Event: 6.497 Thread 0x0000000104ee4010 DEOPT UNPACKING pc=0x000000011a2cb77c sp=0x000000016b945260 mode 0
Event: 6.844 Thread 0x0000000104ee4010 Uncommon trap: trap_request=0xffffff45 fr.pc=0x000000011acaa6d8 relative=0x0000000000001c18
Event: 6.844 Thread 0x0000000104ee4010 Uncommon trap: reason=unstable_if action=reinterpret pc=0x000000011acaa6d8 method=org.bson.json.StrictCharacterStreamJsonWriter.writeEndArray()V @ 47 c2
Event: 6.844 Thread 0x0000000104ee4010 DEOPT PACKING pc=0x000000011acaa6d8 sp=0x000000016b945300
Event: 6.844 Thread 0x0000000104ee4010 DEOPT UNPACKING pc=0x000000011a2cb91c sp=0x000000016b9450c0 mode 2
Event: 6.844 Thread 0x0000000104ee4010 Uncommon trap: trap_request=0xffffff45 fr.pc=0x000000011acaf5fc relative=0x0000000000001b7c
Event: 6.844 Thread 0x0000000104ee4010 Uncommon trap: reason=unstable_if action=reinterpret pc=0x000000011acaf5fc method=org.bson.json.StrictCharacterStreamJsonWriter.writeEndArray()V @ 47 c2
Event: 6.844 Thread 0x0000000104ee4010 DEOPT PACKING pc=0x000000011acaf5fc sp=0x000000016b945030
Event: 6.844 Thread 0x0000000104ee4010 DEOPT UNPACKING pc=0x000000011a2cb91c sp=0x000000016b944e90 mode 2
Event: 6.844 Thread 0x0000000104ee4010 Uncommon trap: trap_request=0xffffff45 fr.pc=0x000000011acb50c4 relative=0x0000000000001884
Event: 6.844 Thread 0x0000000104ee4010 Uncommon trap: reason=unstable_if action=reinterpret pc=0x000000011acb50c4 method=org.bson.json.StrictCharacterStreamJsonWriter.writeEndArray()V @ 47 c2
Event: 6.844 Thread 0x0000000104ee4010 DEOPT PACKING pc=0x000000011acb50c4 sp=0x000000016b944e80
Event: 6.844 Thread 0x0000000104ee4010 DEOPT UNPACKING pc=0x000000011a2cb91c sp=0x000000016b944d80 mode 2
Event: 6.845 Thread 0x0000000af4611e00 Uncommon trap: trap_request=0xffffff45 fr.pc=0x000000011ad20ecc relative=0x000000000000014c
Event: 6.845 Thread 0x0000000af4611e00 Uncommon trap: reason=unstable_if action=reinterpret pc=0x000000011ad20ecc method=java.util.concurrent.locks.ReentrantLock$Sync.lockInterruptibly()V @ 3 c2
Event: 6.845 Thread 0x0000000af4611e00 DEOPT PACKING pc=0x000000011ad20ecc sp=0x000000016db201d0
Event: 6.845 Thread 0x0000000af4611e00 DEOPT UNPACKING pc=0x000000011a2cb91c sp=0x000000016db200f0 mode 2

Classes loaded (20 events):
Event: 2.176 Loading class java/util/concurrent/BlockingDeque
Event: 2.176 Loading class java/util/concurrent/BlockingDeque done
Event: 2.176 Loading class java/util/concurrent/LinkedBlockingDeque
Event: 2.176 Loading class java/util/concurrent/LinkedBlockingDeque done
Event: 2.177 Loading class java/util/concurrent/atomic/AtomicLongFieldUpdater
Event: 2.177 Loading class java/util/concurrent/atomic/AtomicLongFieldUpdater done
Event: 2.177 Loading class java/util/concurrent/atomic/AtomicLongFieldUpdater$CASUpdater
Event: 2.177 Loading class java/util/concurrent/atomic/AtomicLongFieldUpdater$CASUpdater done
Event: 2.177 Loading class java/util/concurrent/atomic/AtomicLongFieldUpdater$CASUpdater$1
Event: 2.177 Loading class java/util/concurrent/atomic/AtomicLongFieldUpdater$CASUpdater$1 done
Event: 2.223 Loading class java/util/concurrent/LinkedBlockingDeque$Node
Event: 2.223 Loading class java/util/concurrent/LinkedBlockingDeque$Node done
Event: 2.982 Loading class jdk/internal/access/foreign/MemorySegmentProxy
Event: 2.982 Loading class jdk/internal/access/foreign/MemorySegmentProxy done
Event: 4.436 Loading class java/util/concurrent/locks/StampedLock$WriterNode
Event: 4.436 Loading class java/util/concurrent/locks/StampedLock$Node
Event: 4.436 Loading class java/util/concurrent/locks/StampedLock$Node done
Event: 4.436 Loading class java/util/concurrent/locks/StampedLock$WriterNode done
Event: 6.832 Loading class java/util/concurrent/CompletableFuture$Signaller
Event: 6.832 Loading class java/util/concurrent/CompletableFuture$Signaller done

Classes unloaded (0 events):
No events

Classes redefined (0 events):
No events

Internal exceptions (20 events):
Event: 6.250 Thread 0x0000000af4529800 Exception <a 'java/lang/InterruptedException'{0x00000004d961e668}: sleep interrupted> (0x00000004d961e668) 
thrown [src/hotspot/share/prims/jvm.cpp, line 3064]
Event: 6.358 Thread 0x0000000af4e6de00 Exception <a 'java/lang/InterruptedException'{0x00000004d94da198}: sleep interrupted> (0x00000004d94da198) 
thrown [src/hotspot/share/prims/jvm.cpp, line 3064]
Event: 6.428 Thread 0x0000000af4e6f600 Exception <a 'java/lang/InterruptedException'{0x00000004d9305200}: sleep interrupted> (0x00000004d9305200) 
thrown [src/hotspot/share/prims/jvm.cpp, line 3064]
Event: 6.496 Thread 0x0000000af4528c00 Exception <a 'java/lang/InterruptedException'{0x00000004d912f678}: sleep interrupted> (0x00000004d912f678) 
thrown [src/hotspot/share/prims/jvm.cpp, line 3064]
Event: 6.566 Thread 0x0000000af4e33000 Exception <a 'java/lang/InterruptedException'{0x00000004d8f5ab40}: sleep interrupted> (0x00000004d8f5ab40) 
thrown [src/hotspot/share/prims/jvm.cpp, line 3064]
Event: 6.632 Thread 0x0000000af4e33000 Exception <a 'java/lang/InterruptedException'{0x00000004d8d603f8}: sleep interrupted> (0x00000004d8d603f8) 
thrown [src/hotspot/share/prims/jvm.cpp, line 3064]
Event: 6.699 Thread 0x0000000af4e33000 Exception <a 'java/lang/InterruptedException'{0x00000004d8816cd8}: sleep interrupted> (0x00000004d8816cd8) 
thrown [src/hotspot/share/prims/jvm.cpp, line 3064]
Event: 6.782 Thread 0x0000000af4694c00 Exception <a 'java/lang/InterruptedException'{0x00000004d861e668}: sleep interrupted> (0x00000004d861e668) 
thrown [src/hotspot/share/prims/jvm.cpp, line 3064]
Event: 6.782 Thread 0x0000000af4e33000 Exception <a 'java/lang/InterruptedException'{0x00000004d862d840}: sleep interrupted> (0x00000004d862d840) 
thrown [src/hotspot/share/prims/jvm.cpp, line 3064]
Event: 6.843 Thread 0x0000000af467cc00 Exception <a 'java/lang/NoSuchMethodError'{0x00000004d841e370}: 'long java.lang.invoke.DirectMethodHandle$Holder.invokeVirtual(java.lang.Object, java.lang.Object)'> (0x00000004d841e370) 
thrown [src/hotspot/share/interpreter/linkResolver.cpp, line 759]
Event: 6.844 Thread 0x0000000af467cc00 Exception <a 'java/lang/NoSuchMethodError'{0x00000004d8439688}: 'java.lang.Object java.lang.invoke.DirectMethodHandle$Holder.newInvokeSpecial(java.lang.Object, java.lang.Object, java.lang.Object, java.lang.Object, java.lang.Object, java.lang.Object, int)'> (0x00000004d8439688) 
thrown [src/hotspot/share/interpreter/linkResolver.cpp, line 759]
Event: 6.844 Thread 0x0000000af467cc00 Exception <a 'java/lang/NoSuchMethodError'{0x00000004d843f7b0}: 'java.lang.Object java.lang.invoke.DirectMethodHandle$Holder.invokeSpecial(java.lang.Object, java.lang.Object, java.lang.Object, java.lang.Object, java.lang.Object, java.lang.Object, java.lang.Object, int)'> (0x00000004d843f7b0) 
thrown [src/hotspot/share/interpreter/linkResolver.cpp, line 759]
Event: 6.844 Thread 0x0000000af467cc00 Exception <a 'java/lang/NoSuchMethodError'{0x00000004d84452b0}: 'java.lang.Object java.lang.invoke.Invokers$Holder.linkToTargetMethod(java.lang.Object, java.lang.Object, java.lang.Object, java.lang.Object, java.lang.Object, int, java.lang.Object)'> (0x00000004d84452b0) 
thrown [src/hotspot/share/interpreter/linkResolver.cpp, line 759]
Event: 6.845 Thread 0x0000000af4e33000 Exception <a 'java/lang/InterruptedException'{0x00000004d851cce0}: sleep interrupted> (0x00000004d851cce0) 
thrown [src/hotspot/share/prims/jvm.cpp, line 3064]
Event: 7.207 Thread 0x0000000af4613600 Exception <a 'java/lang/InterruptedException'{0x00000004d834f818}: sleep interrupted> (0x00000004d834f818) 
thrown [src/hotspot/share/prims/jvm.cpp, line 3064]
Event: 8.349 Thread 0x0000000af4e33600 Exception <a 'java/lang/InterruptedException'{0x00000004d7cda2b8}: sleep interrupted> (0x00000004d7cda2b8) 
thrown [src/hotspot/share/prims/jvm.cpp, line 3064]
Event: 8.350 Thread 0x0000000af4613600 Exception <a 'java/lang/InterruptedException'{0x00000004d7ce9490}: sleep interrupted> (0x00000004d7ce9490) 
thrown [src/hotspot/share/prims/jvm.cpp, line 3064]
Event: 8.478 Thread 0x0000000af4529800 Exception <a 'java/lang/InterruptedException'{0x00000004d7a445e0}: sleep interrupted> (0x00000004d7a445e0) 
thrown [src/hotspot/share/prims/jvm.cpp, line 3064]
Event: 8.588 Thread 0x0000000af4694c00 Exception <a 'java/lang/InterruptedException'{0x0000000504f0c0d0}: sleep interrupted> (0x0000000504f0c0d0) 
thrown [src/hotspot/share/prims/jvm.cpp, line 3064]
Event: 9.727 Thread 0x0000000af4695800 Exception <a 'java/lang/InterruptedException'{0x0000000500d7fdc0}: sleep interrupted> (0x0000000500d7fdc0) 
thrown [src/hotspot/share/prims/jvm.cpp, line 3064]

VM Operations (20 events):
Event: 4.044 Executing VM operation: G1CollectForAllocation
Event: 4.046 Executing VM operation: G1CollectForAllocation done
Event: 5.050 Executing VM operation: Cleanup
Event: 5.051 Executing VM operation: Cleanup done
Event: 5.833 Executing VM operation: ICBufferFull
Event: 5.833 Executing VM operation: ICBufferFull done
Event: 5.895 Executing VM operation: G1CollectForAllocation
Event: 5.897 Executing VM operation: G1CollectForAllocation done
Event: 6.700 Executing VM operation: ICBufferFull
Event: 6.700 Executing VM operation: ICBufferFull done
Event: 6.844 Executing VM operation: HandshakeAllThreads
Event: 6.844 Executing VM operation: HandshakeAllThreads done
Event: 7.849 Executing VM operation: Cleanup
Event: 7.849 Executing VM operation: Cleanup done
Event: 8.537 Executing VM operation: G1CollectForAllocation
Event: 8.539 Executing VM operation: G1CollectForAllocation done
Event: 9.544 Executing VM operation: Cleanup
Event: 9.544 Executing VM operation: Cleanup done
Event: 10.549 Executing VM operation: Cleanup
Event: 10.549 Executing VM operation: Cleanup done

Memory protections (20 events):
Event: 9.715 Protecting memory [0x000000017459c000,0x00000001745a8000] with protection modes 0
Event: 9.716 Protecting memory [0x000000017459c000,0x00000001745a8000] with protection modes 3
Event: 9.716 Protecting memory [0x000000017459c000,0x00000001745a8000] with protection modes 0
Event: 9.716 Protecting memory [0x000000017459c000,0x00000001745a8000] with protection modes 3
Event: 9.726 Protecting memory [0x000000017459c000,0x00000001745a8000] with protection modes 0
Event: 9.726 Protecting memory [0x000000017459c000,0x00000001745a8000] with protection modes 3
Event: 9.727 Protecting memory [0x00000001751e4000,0x00000001751f0000] with protection modes 0
Event: 9.727 Protecting memory [0x00000001751e4000,0x00000001751f0000] with protection modes 3
Event: 9.727 Protecting memory [0x00000001751e4000,0x00000001751f0000] with protection modes 0
Event: 9.727 Protecting memory [0x00000001751e4000,0x00000001751f0000] with protection modes 3
Event: 9.727 Protecting memory [0x00000001751e4000,0x00000001751f0000] with protection modes 0
Event: 9.727 Protecting memory [0x00000001751e4000,0x00000001751f0000] with protection modes 3
Event: 9.727 Protecting memory [0x0000000175c20000,0x0000000175c2c000] with protection modes 3
Event: 9.727 Protecting memory [0x000000016d920000,0x000000016d92c000] with protection modes 3
Event: 9.727 Protecting memory [0x0000000175a14000,0x0000000175a20000] with protection modes 3
Event: 9.727 Protecting memory [0x0000000170c4c000,0x0000000170c58000] with protection modes 3
Event: 9.727 Protecting memory [0x000000016d714000,0x000000016d720000] with protection modes 3
Event: 9.727 Protecting memory [0x0000000171064000,0x0000000171070000] with protection modes 0
Event: 9.728 Protecting memory [0x0000000171064000,0x0000000171070000] with protection modes 3
Event: 9.728 Protecting memory [0x0000000170e58000,0x0000000170e64000] with protection modes 3

Nmethod flushes (20 events):
Event: 2.312 Thread 0x0000000af4e32a00 flushing  nmethod 0x0000000113690290
Event: 2.312 Thread 0x0000000af4e32a00 flushing  nmethod 0x0000000113690810
Event: 2.312 Thread 0x0000000af4e32a00 flushing  nmethod 0x0000000113691090
Event: 2.312 Thread 0x0000000af4e32a00 flushing  nmethod 0x0000000113695010
Event: 2.312 Thread 0x0000000af4e32a00 flushing  nmethod 0x0000000113697490
Event: 2.312 Thread 0x0000000af4e32a00 flushing  nmethod 0x000000011369d690
Event: 2.312 Thread 0x0000000af4e32a00 flushing  nmethod 0x00000001136b0690
Event: 2.312 Thread 0x0000000af4e32a00 flushing  nmethod 0x00000001136b0a10
Event: 2.312 Thread 0x0000000af4e32a00 flushing  nmethod 0x00000001136b3490
Event: 2.312 Thread 0x0000000af4e32a00 flushing  nmethod 0x00000001136b5490
Event: 2.312 Thread 0x0000000af4e32a00 flushing  nmethod 0x00000001136b5b10
Event: 2.312 Thread 0x0000000af4e32a00 flushing  nmethod 0x00000001136b9110
Event: 2.312 Thread 0x0000000af4e32a00 flushing  nmethod 0x00000001136bca10
Event: 2.312 Thread 0x0000000af4e32a00 flushing  nmethod 0x00000001136bd390
Event: 2.312 Thread 0x0000000af4e32a00 flushing  nmethod 0x00000001136d6810
Event: 2.312 Thread 0x0000000af4e32a00 flushing  nmethod 0x00000001136d6f10
Event: 2.312 Thread 0x0000000af4e32a00 flushing  nmethod 0x0000000113700490
Event: 2.312 Thread 0x0000000af4e32a00 flushing  nmethod 0x0000000113703410
Event: 2.312 Thread 0x0000000af4e32a00 flushing  nmethod 0x0000000113802a10
Event: 2.312 Thread 0x0000000af4e32a00 flushing  nmethod 0x000000011384ba90

Events (20 events):
Event: 9.715 Thread 0x0000000af4613600 Thread added: 0x0000000af4613600
Event: 9.716 Thread 0x0000000af4613600 Thread exited: 0x0000000af4613600
Event: 9.716 Thread 0x0000000af4613600 Thread added: 0x0000000af4613600
Event: 9.716 Thread 0x0000000af4613600 Thread exited: 0x0000000af4613600
Event: 9.726 Thread 0x0000000af4613600 Thread added: 0x0000000af4613600
Event: 9.726 Thread 0x0000000af4613600 Thread exited: 0x0000000af4613600
Event: 9.727 Thread 0x0000000af4613600 Thread added: 0x0000000af4613600
Event: 9.727 Thread 0x0000000af4613600 Thread exited: 0x0000000af4613600
Event: 9.727 Thread 0x0000000af4613600 Thread added: 0x0000000af4613600
Event: 9.727 Thread 0x0000000af4613600 Thread exited: 0x0000000af4613600
Event: 9.727 Thread 0x0000000af4613600 Thread added: 0x0000000af4613600
Event: 9.727 Thread 0x0000000af4613600 Thread exited: 0x0000000af4613600
Event: 9.727 Thread 0x0000000af4694c00 Thread exited: 0x0000000af4694c00
Event: 9.727 Thread 0x0000000af4529200 Thread exited: 0x0000000af4529200
Event: 9.727 Thread 0x0000000af4695800 Thread exited: 0x0000000af4695800
Event: 9.727 Thread 0x0000000af4528c00 Thread exited: 0x0000000af4528c00
Event: 9.727 Thread 0x0000000af4529800 Thread exited: 0x0000000af4529800
Event: 9.727 Thread 0x0000000af4613600 Thread added: 0x0000000af4613600
Event: 9.728 Thread 0x0000000af4613600 Thread exited: 0x0000000af4613600
Event: 9.728 Thread 0x0000000af4694600 Thread exited: 0x0000000af4694600


Dynamic libraries:
0x0000000104784000 	/Users/jeff/.sdkman/candidates/java/17.0.18-tem/lib/libjli.dylib
0x00000001a6a2e000 	/System/Library/Frameworks/Cocoa.framework/Versions/A/Cocoa
0x000000018bdf3000 	/System/Library/Frameworks/AppKit.framework/Versions/C/AppKit
0x000000018f446000 	/System/Library/Frameworks/CoreData.framework/Versions/A/CoreData
0x00000001891ed000 	/System/Library/Frameworks/Foundation.framework/Versions/C/Foundation
0x00000001973fc000 	/usr/lib/libSystem.B.dylib
0x000000018d51f000 	/System/Library/PrivateFrameworks/UIFoundation.framework/Versions/A/UIFoundation
0x000000024117d000 	/System/Library/PrivateFrameworks/CollectionViewCore.framework/Versions/A/CollectionViewCore
0x000000019478d000 	/System/Library/PrivateFrameworks/XCTTargetBootstrap.framework/Versions/A/XCTTargetBootstrap
0x0000000199e5d000 	/System/Library/PrivateFrameworks/InternationalSupport.framework/Versions/A/InternationalSupport
0x000000019a1b7000 	/System/Library/PrivateFrameworks/UserActivity.framework/Versions/A/UserActivity
0x000000018fad6000 	/System/Library/PrivateFrameworks/BaseBoard.framework/Versions/A/BaseBoard
0x0000000249948000 	/System/Library/PrivateFrameworks/FrontBoard.framework/Versions/A/FrontBoard
0x00000001a1870000 	/System/Library/PrivateFrameworks/FrontBoardServices.framework/Versions/A/FrontBoardServices
0x0000000285885000 	/usr/lib/libRosetta.dylib
0x000000027913e000 	/System/Library/PrivateFrameworks/UIIntelligenceSupport.framework/Versions/A/UIIntelligenceSupport
0x00000002360da000 	/System/Library/Frameworks/SwiftUICore.framework/Versions/A/SwiftUICore
0x000000027f6ee000 	/System/Library/PrivateFrameworks/WritingTools.framework/Versions/A/WritingTools
0x000000027e53f000 	/System/Library/PrivateFrameworks/WindowManagement.framework/Versions/A/WindowManagement
0x0000000188e4c000 	/System/Library/Frameworks/SystemConfiguration.framework/Versions/A/SystemConfiguration
0x0000000199097000 	/usr/lib/libspindump.dylib
0x000000018d6da000 	/System/Library/Frameworks/UniformTypeIdentifiers.framework/Versions/A/UniformTypeIdentifiers
0x0000000196693000 	/usr/lib/libbsm.0.dylib
0x0000000191e97000 	/usr/lib/libapp_launch_measurement.dylib
0x0000000191199000 	/System/Library/PrivateFrameworks/CoreAnalytics.framework/Versions/A/CoreAnalytics
0x0000000191e9b000 	/System/Library/PrivateFrameworks/CoreAutoLayout.framework/Versions/A/CoreAutoLayout
0x0000000193cd8000 	/System/Library/Frameworks/Metal.framework/Versions/A/Metal
0x00000001950e0000 	/usr/lib/liblangid.dylib
0x0000000194793000 	/System/Library/PrivateFrameworks/CoreSVG.framework/Versions/A/CoreSVG
0x000000018e13b000 	/System/Library/PrivateFrameworks/SkyLight.framework/Versions/A/SkyLight
0x0000000249681000 	/System/Library/PrivateFrameworks/FocusEngine.framework/Versions/A/FocusEngine
0x000000018e6e2000 	/System/Library/Frameworks/CoreGraphics.framework/Versions/A/CoreGraphics
0x000000024727c000 	/System/Library/PrivateFrameworks/DesignLibrary.framework/Versions/A/DesignLibrary
0x000000019fb38000 	/System/Library/Frameworks/Accelerate.framework/Versions/A/Accelerate
0x0000000198e8c000 	/System/Library/PrivateFrameworks/IconServices.framework/Versions/A/IconServices
0x0000000193cb0000 	/System/Library/Frameworks/IOSurface.framework/Versions/A/IOSurface
0x00000001911c9000 	/usr/lib/libDiagnosticMessagesClient.dylib
0x0000000197345000 	/usr/lib/libz.1.dylib
0x00000001a3e60000 	/System/Library/Frameworks/ApplicationServices.framework/Versions/A/ApplicationServices
0x0000000194778000 	/System/Library/PrivateFrameworks/DFRFoundation.framework/Versions/A/DFRFoundation
0x000000018b642000 	/usr/lib/libicucore.A.dylib
0x000000019b3f4000 	/System/Library/Frameworks/AudioToolbox.framework/Versions/A/AudioToolbox
0x000000019a165000 	/System/Library/PrivateFrameworks/DataDetectorsCore.framework/Versions/A/DataDetectorsCore
0x0000000279d4d000 	/System/Library/PrivateFrameworks/UpdateCycle.framework/Versions/A/UpdateCycle
0x00000001b8050000 	/System/Library/PrivateFrameworks/TextInput.framework/Versions/A/TextInput
0x000000018e07d000 	/usr/lib/libMobileGestalt.dylib
0x0000000194474000 	/System/Library/Frameworks/Carbon.framework/Versions/A/Frameworks/HIToolbox.framework/Versions/A/HIToolbox
0x00000001916fe000 	/System/Library/Frameworks/QuartzCore.framework/Versions/A/QuartzCore
0x000000018b21d000 	/System/Library/Frameworks/Security.framework/Versions/A/Security
0x000000019f4b7000 	/System/Library/Frameworks/Carbon.framework/Versions/A/Frameworks/SpeechRecognition.framework/Versions/A/SpeechRecognition
0x0000000191b66000 	/System/Library/PrivateFrameworks/CoreUI.framework/Versions/A/CoreUI
0x000000018aa6b000 	/System/Library/Frameworks/CoreAudio.framework/Versions/A/CoreAudio
0x00000001912bd000 	/System/Library/Frameworks/DiskArbitration.framework/Versions/A/DiskArbitration
0x0000000199637000 	/System/Library/PrivateFrameworks/MultitouchSupport.framework/Versions/A/MultitouchSupport
0x000000018e07b000 	/usr/lib/libenergytrace.dylib
0x00000001ab53c000 	/System/Library/PrivateFrameworks/RenderBox.framework/Versions/A/RenderBox
0x000000018bc9a000 	/System/Library/Frameworks/IOKit.framework/Versions/A/IOKit
0x000000019f8c1000 	/System/Library/Frameworks/CoreServices.framework/Versions/A/CoreServices
0x0000000191e28000 	/System/Library/PrivateFrameworks/PerformanceAnalysis.framework/Versions/A/PerformanceAnalysis
0x000000022bac4000 	/System/Library/Frameworks/OpenGL.framework/Versions/A/OpenGL
0x0000000191ee5000 	/usr/lib/libxml2.2.dylib
0x0000000196574000 	/System/Library/PrivateFrameworks/MobileKeyBag.framework/Versions/A/MobileKeyBag
0x0000000187504000 	/usr/lib/libobjc.A.dylib
0x000000018786a000 	/usr/lib/libc++.1.dylib
0x000000019f83e000 	/System/Library/Frameworks/Accessibility.framework/Versions/A/Accessibility
0x000000018ee3c000 	/System/Library/Frameworks/ColorSync.framework/Versions/A/ColorSync
0x000000018799b000 	/System/Library/Frameworks/CoreFoundation.framework/Versions/A/CoreFoundation
0x0000000194b20000 	/System/Library/Frameworks/CoreImage.framework/Versions/A/CoreImage
0x000000018a83e000 	/System/Library/Frameworks/CoreText.framework/Versions/A/CoreText
0x000000022d3ce000 	/System/Library/Frameworks/CoreTransferable.framework/Versions/A/CoreTransferable
0x000000022d90a000 	/System/Library/Frameworks/DataDetection.framework/Versions/A/DataDetection
0x000000022d91f000 	/System/Library/Frameworks/DeveloperToolsSupport.framework/Versions/A/DeveloperToolsSupport
0x00000001947d1000 	/System/Library/Frameworks/ImageIO.framework/Versions/A/ImageIO
0x0000000237050000 	/System/Library/Frameworks/Symbols.framework/Versions/A/Symbols
0x00000001bd275000 	/System/Library/PrivateFrameworks/AttributeGraph.framework/Versions/A/AttributeGraph
0x00000001a194f000 	/System/Library/PrivateFrameworks/BoardServices.framework/Versions/A/BoardServices
0x00000001e1a31000 	/System/Library/PrivateFrameworks/FeatureFlags.framework/Versions/A/FeatureFlags
0x00000002528c1000 	/System/Library/PrivateFrameworks/Gestures.framework/Versions/A/Gestures
0x0000000197401000 	/System/Library/PrivateFrameworks/SoftLinking.framework/Versions/A/SoftLinking
0x00000001cbb16000 	/usr/lib/swift/libswiftAccelerate.dylib
0x00000001c1f90000 	/usr/lib/swift/libswiftCompression.dylib
0x000000019ad5c000 	/usr/lib/swift/libswiftCore.dylib
0x00000001b4326000 	/usr/lib/swift/libswiftCoreFoundation.dylib
0x00000001b437f000 	/usr/lib/swift/libswiftCoreImage.dylib
0x00000001a15eb000 	/usr/lib/swift/libswiftDispatch.dylib
0x00000001b4380000 	/usr/lib/swift/libswiftIOKit.dylib
0x00000001c1f83000 	/usr/lib/swift/libswiftMetal.dylib
0x00000001d1305000 	/usr/lib/swift/libswiftOSLog.dylib
0x00000001a44b1000 	/usr/lib/swift/libswiftObjectiveC.dylib
0x0000000286ac3000 	/usr/lib/swift/libswiftObservation.dylib
0x00000001c729c000 	/usr/lib/swift/libswiftQuartzCore.dylib
0x0000000286c02000 	/usr/lib/swift/libswiftSynchronization.dylib
0x00000001cbb07000 	/usr/lib/swift/libswiftUniformTypeIdentifiers.dylib
0x00000001b4338000 	/usr/lib/swift/libswiftXPC.dylib
0x0000000286c3c000 	/usr/lib/swift/libswift_Builtin_float.dylib
0x0000000286c3f000 	/usr/lib/swift/libswift_Concurrency.dylib
0x00000001a44b5000 	/usr/lib/swift/libswiftos.dylib
0x00000001b7de0000 	/usr/lib/swift/libswiftsimd.dylib
0x0000000197628000 	/usr/lib/libcompression.dylib
0x0000000199dbd000 	/System/Library/PrivateFrameworks/TextureIO.framework/Versions/A/TextureIO
0x000000018efe8000 	/System/Library/Frameworks/ApplicationServices.framework/Versions/A/Frameworks/HIServices.framework/Versions/A/HIServices
0x0000000198b15000 	/usr/lib/libate.dylib
0x00000001973f6000 	/usr/lib/system/libcache.dylib
0x00000001973b1000 	/usr/lib/system/libcommonCrypto.dylib
0x00000001973dc000 	/usr/lib/system/libcompiler_rt.dylib
0x00000001973d1000 	/usr/lib/system/libcopyfile.dylib
0x00000001876a4000 	/usr/lib/system/libcorecrypto.dylib
0x000000018779d000 	/usr/lib/system/libdispatch.dylib
0x0000000187558000 	/usr/lib/system/libdyld.dylib
0x00000001973ec000 	/usr/lib/system/libkeymgr.dylib
0x0000000197394000 	/usr/lib/system/libmacho.dylib
0x000000019666b000 	/usr/lib/system/libquarantine.dylib
0x00000001973e9000 	/usr/lib/system/libremovefile.dylib
0x000000018e0fe000 	/usr/lib/system/libsystem_asl.dylib
0x0000000187629000 	/usr/lib/system/libsystem_blocks.dylib
0x00000001877e7000 	/usr/lib/system/libsystem_c.dylib
0x00000001973e0000 	/usr/lib/system/libsystem_collections.dylib
0x00000001950cd000 	/usr/lib/system/libsystem_configuration.dylib
0x0000000193c77000 	/usr/lib/system/libsystem_containermanager.dylib
0x0000000196dfb000 	/usr/lib/system/libsystem_coreservices.dylib
0x000000018b914000 	/usr/lib/system/libsystem_darwin.dylib
0x0000000286f92000 	/usr/lib/system/libsystem_darwindirectory.dylib
0x00000001973ed000 	/usr/lib/system/libsystem_dnssd.dylib
0x0000000286f96000 	/usr/lib/system/libsystem_eligibility.dylib
0x00000001877e4000 	/usr/lib/system/libsystem_featureflags.dylib
0x000000018796b000 	/usr/lib/system/libsystem_info.dylib
0x0000000197355000 	/usr/lib/system/libsystem_m.dylib
0x0000000187751000 	/usr/lib/system/libsystem_malloc.dylib
0x000000018e060000 	/usr/lib/system/libsystem_networkextension.dylib
0x000000018bd85000 	/usr/lib/system/libsystem_notify.dylib
0x00000001950d2000 	/usr/lib/system/libsystem_sandbox.dylib
0x0000000286fa0000 	/usr/lib/system/libsystem_sanitizers.dylib
0x00000001973e5000 	/usr/lib/system/libsystem_secinit.dylib
0x0000000187918000 	/usr/lib/system/libsystem_kernel.dylib
0x0000000187962000 	/usr/lib/system/libsystem_platform.dylib
0x0000000187955000 	/usr/lib/system/libsystem_pthread.dylib
0x000000018fcba000 	/usr/lib/system/libsystem_symptoms.dylib
0x0000000187683000 	/usr/lib/system/libsystem_trace.dylib
0x0000000286fa8000 	/usr/lib/system/libsystem_trial.dylib
0x00000001973bf000 	/usr/lib/system/libunwind.dylib
0x000000018762d000 	/usr/lib/system/libxpc.dylib
0x00000001878fd000 	/usr/lib/libc++abi.dylib
0x00000002867d3000 	/usr/lib/libswiftPrespecialized.dylib
0x00000001973fe000 	/usr/lib/libfakelink.dylib
0x000000018dca4000 	/System/Library/Frameworks/CFNetwork.framework/Versions/A/CFNetwork
0x0000000197452000 	/usr/lib/libarchive.2.dylib
0x000000019d5cc000 	/System/Library/Frameworks/Combine.framework/Versions/A/Combine
0x00000002411a2000 	/System/Library/PrivateFrameworks/CollectionsInternal.framework/Versions/A/CollectionsInternal
0x00000002682e7000 	/System/Library/PrivateFrameworks/ReflectionInternal.framework/Versions/A/ReflectionInternal
0x0000000269173000 	/System/Library/PrivateFrameworks/RuntimeInternal.framework/Versions/A/RuntimeInternal
0x00000001b11d0000 	/usr/lib/swift/libswiftDarwin.dylib
0x0000000286c0a000 	/usr/lib/swift/libswiftSystem.dylib
0x0000000286cc9000 	/usr/lib/swift/libswift_DarwinFoundation1.dylib
0x0000000286daa000 	/usr/lib/swift/libswift_StringProcessing.dylib
0x000000018bc19000 	/System/Library/PrivateFrameworks/CoreServicesInternal.framework/Versions/A/CoreServicesInternal
0x00000001973c9000 	/usr/lib/liboah.dylib
0x00000001a38fe000 	/System/Library/PrivateFrameworks/DiskImages.framework/Versions/A/DiskImages
0x00000001b0c92000 	/System/Library/Frameworks/NetFS.framework/Versions/A/NetFS
0x0000000191e5f000 	/System/Library/Frameworks/CoreServices.framework/Versions/A/Frameworks/FSEvents.framework/Versions/A/FSEvents
0x000000018b91f000 	/System/Library/Frameworks/CoreServices.framework/Versions/A/Frameworks/CarbonCore.framework/Versions/A/CarbonCore
0x0000000191231000 	/System/Library/Frameworks/CoreServices.framework/Versions/A/Frameworks/Metadata.framework/Versions/A/Metadata
0x0000000196e03000 	/System/Library/Frameworks/CoreServices.framework/Versions/A/Frameworks/OSServices.framework/Versions/A/OSServices
0x000000019754a000 	/System/Library/Frameworks/CoreServices.framework/Versions/A/Frameworks/SearchKit.framework/Versions/A/SearchKit
0x000000018fc33000 	/System/Library/Frameworks/CoreServices.framework/Versions/A/Frameworks/AE.framework/Versions/A/AE
0x0000000187ee5000 	/System/Library/Frameworks/CoreServices.framework/Versions/A/Frameworks/LaunchServices.framework/Versions/A/LaunchServices
0x000000019896b000 	/System/Library/Frameworks/CoreServices.framework/Versions/A/Frameworks/DictionaryServices.framework/Versions/A/DictionaryServices
0x0000000191e6d000 	/System/Library/Frameworks/CoreServices.framework/Versions/A/Frameworks/SharedFileList.framework/Versions/A/SharedFileList
0x00000001975df000 	/usr/lib/libapple_nghttp2.dylib
0x000000018f84d000 	/usr/lib/libsqlite3.dylib
0x00000001a3b46000 	/System/Library/PrivateFrameworks/AppSupport.framework/Versions/A/AppSupport
0x000000019ba8e000 	/System/Library/Frameworks/GSS.framework/Versions/A/GSS
0x000000018fbc7000 	/System/Library/PrivateFrameworks/RunningBoardServices.framework/Versions/A/RunningBoardServices
0x00000001a443f000 	/System/Library/PrivateFrameworks/StreamingZip.framework/Versions/A/StreamingZip
0x000000018fcc3000 	/System/Library/Frameworks/Network.framework/Versions/A/Network
0x0000000197398000 	/usr/lib/system/libkxld.dylib
0x000000023ca41000 	/System/Library/PrivateFrameworks/AppleKeyStore.framework/Versions/A/AppleKeyStore
0x0000000285568000 	/usr/lib/libCoreEntitlements.dylib
0x000000025e1f0000 	/System/Library/PrivateFrameworks/MessageSecurity.framework/Versions/A/MessageSecurity
0x000000018f831000 	/System/Library/PrivateFrameworks/ProtocolBuffer.framework/Versions/A/ProtocolBuffer
0x00000001a09ec000 	/System/Library/PrivateFrameworks/SymptomDiagnosticReporter.framework/Versions/A/SymptomDiagnosticReporter
0x0000000198baf000 	/System/Library/PrivateFrameworks/CrashReporterSupport.framework/Versions/A/CrashReporterSupport
0x0000000196de2000 	/System/Library/PrivateFrameworks/AppleFSCompression.framework/Versions/A/AppleFSCompression
0x000000019667b000 	/usr/lib/libcoretls.dylib
0x00000001989e2000 	/usr/lib/libcoretls_cfhelpers.dylib
0x0000000197621000 	/usr/lib/libpam.2.dylib
0x0000000198a54000 	/usr/lib/libxar.1.dylib
0x00000001989e4000 	/System/Library/PrivateFrameworks/APFS.framework/Versions/A/APFS
0x0000000273bf9000 	/System/Library/PrivateFrameworks/SwiftASN1Internal.framework/Versions/A/SwiftASN1Internal
0x0000000198a63000 	/usr/lib/libutil.dylib
0x00000001950db000 	/System/Library/PrivateFrameworks/AppleSystemInfo.framework/Versions/A/AppleSystemInfo
0x0000000196363000 	/System/Library/PrivateFrameworks/IOMobileFramebuffer.framework/Versions/A/IOMobileFramebuffer
0x00000001b41ec000 	/System/Library/PrivateFrameworks/LoggingSupport.framework/Versions/A/LoggingSupport
0x000000019baf1000 	/System/Library/PrivateFrameworks/MobileAsset.framework/Versions/A/MobileAsset
0x00000001a09fc000 	/System/Library/PrivateFrameworks/PowerLog.framework/Versions/A/PowerLog
0x0000000235f6c000 	/System/Library/Frameworks/SwiftData.framework/Versions/A/SwiftData
0x0000000192092000 	/System/Library/PrivateFrameworks/UserManagement.framework/Versions/A/UserManagement
0x000000018dbcf000 	/usr/lib/libboringssl.dylib
0x000000018fca8000 	/usr/lib/libdns_services.dylib
0x00000001b3226000 	/usr/lib/libquic.dylib
0x000000019acec000 	/usr/lib/libusrtcp.dylib
0x000000023d833000 	/System/Library/PrivateFrameworks/AtomicsInternal.framework/Versions/A/AtomicsInternal
0x00000001d9b91000 	/System/Library/PrivateFrameworks/InternalSwiftProtobuf.framework/Versions/A/InternalSwiftProtobuf
0x0000000286a9a000 	/usr/lib/swift/libswiftDistributed.dylib
0x00000001950d9000 	/System/Library/PrivateFrameworks/AggregateDictionary.framework/Versions/A/AggregateDictionary
0x000000023dfc6000 	/System/Library/PrivateFrameworks/BiomeLibrary.framework/Versions/A/BiomeLibrary
0x00000001c2fa3000 	/System/Library/PrivateFrameworks/BiomeStreams.framework/Versions/A/BiomeStreams
0x00000001bf16e000 	/System/Library/PrivateFrameworks/BiomeFoundation.framework/Versions/A/BiomeFoundation
0x00000001c9061000 	/System/Library/PrivateFrameworks/BiomePubSub.framework/Versions/A/BiomePubSub
0x00000001a5469000 	/System/Library/PrivateFrameworks/ProactiveSupport.framework/Versions/A/ProactiveSupport
0x00000001989c3000 	/usr/lib/liblzma.5.dylib
0x00000001a3e61000 	/System/Library/PrivateFrameworks/InternationalTextSearch.framework/Versions/A/InternationalTextSearch
0x00000001bb672000 	/System/Library/PrivateFrameworks/SoftwareUpdateCoreSupport.framework/Versions/A/SoftwareUpdateCoreSupport
0x00000001c3a27000 	/System/Library/PrivateFrameworks/SoftwareUpdateCoreConnect.framework/Versions/A/SoftwareUpdateCoreConnect
0x00000001a39fc000 	/System/Library/PrivateFrameworks/RemoteServiceDiscovery.framework/Versions/A/RemoteServiceDiscovery
0x00000001bb269000 	/System/Library/PrivateFrameworks/MSUDataAccessor.framework/Versions/A/MSUDataAccessor
0x00000001b6348000 	/usr/lib/libbootpolicy.dylib
0x00000001a3a13000 	/System/Library/PrivateFrameworks/RemoteXPC.framework/Versions/A/RemoteXPC
0x00000001c2e6f000 	/usr/lib/libFDR.dylib
0x00000001c8c82000 	/usr/lib/libamsupport.dylib
0x000000028587d000 	/usr/lib/libReverseProxyDevice.dylib
0x000000023c36a000 	/System/Library/PrivateFrameworks/AppleDeviceQuerySupport.framework/Versions/A/AppleDeviceQuerySupport
0x00000001cbd16000 	/usr/lib/libpartition2_dynamic.dylib
0x00000001975bb000 	/System/Library/PrivateFrameworks/AppleSauce.framework/Versions/A/AppleSauce
0x0000000285409000 	/usr/lib/libAppleArchive.dylib
0x0000000196dee000 	/usr/lib/libbz2.1.0.dylib
0x00000001912c7000 	/System/Library/Frameworks/Accelerate.framework/Versions/A/Frameworks/vImage.framework/Versions/A/vImage
0x000000019f89b000 	/System/Library/Frameworks/Accelerate.framework/Versions/A/Frameworks/vecLib.framework/Versions/A/vecLib
0x0000000198a9a000 	/System/Library/Frameworks/Accelerate.framework/Versions/A/Frameworks/vecLib.framework/Versions/A/libvMisc.dylib
0x00000001883e5000 	/System/Library/Frameworks/Accelerate.framework/Versions/A/Frameworks/vecLib.framework/Versions/A/libBLAS.dylib
0x0000000191fcc000 	/System/Library/Frameworks/CoreVideo.framework/Versions/A/CoreVideo
0x000000019b695000 	/System/Library/Frameworks/ApplicationServices.framework/Versions/A/Frameworks/ATS.framework/Versions/A/ATS
0x0000000199d46000 	/System/Library/Frameworks/ApplicationServices.framework/Versions/A/Frameworks/PrintCore.framework/Versions/A/PrintCore
0x000000019ba57000 	/System/Library/Frameworks/ApplicationServices.framework/Versions/A/Frameworks/QD.framework/Versions/A/QD
0x000000019ba52000 	/System/Library/Frameworks/ApplicationServices.framework/Versions/A/Frameworks/ColorSyncLegacy.framework/Versions/A/ColorSyncLegacy
0x000000019b667000 	/System/Library/Frameworks/ApplicationServices.framework/Versions/A/Frameworks/SpeechSynthesis.framework/Versions/A/SpeechSynthesis
0x00000001941a2000 	/System/Library/PrivateFrameworks/FontServices.framework/libFontParser.dylib
0x00000001a3722000 	/System/Library/PrivateFrameworks/BackBoardServices.framework/Versions/A/BackBoardServices
0x000000023dedf000 	/System/Library/PrivateFrameworks/BackBoardHIDEventFoundation.framework/Versions/A/BackBoardHIDEventFoundation
0x000000018a34f000 	/System/Library/Frameworks/CoreDisplay.framework/Versions/A/CoreDisplay
0x000000019967d000 	/System/Library/Frameworks/VideoToolbox.framework/Versions/A/VideoToolbox
0x000000019761f000 	/System/Library/Frameworks/MetalPerformanceShaders.framework/Versions/A/MetalPerformanceShaders
0x000000026738a000 	/System/Library/PrivateFrameworks/ProDisplayLibrary.framework/Versions/A/ProDisplayLibrary
0x00000001a7500000 	/System/Library/PrivateFrameworks/IOSurfaceAccelerator.framework/Versions/A/IOSurfaceAccelerator
0x0000000193ccd000 	/System/Library/PrivateFrameworks/IOAccelerator.framework/Versions/A/IOAccelerator
0x0000000193fe5000 	/System/Library/Frameworks/CoreMedia.framework/Versions/A/CoreMedia
0x000000018e116000 	/System/Library/PrivateFrameworks/TCC.framework/Versions/A/TCC
0x0000000199635000 	/System/Library/PrivateFrameworks/WatchdogClient.framework/Versions/A/WatchdogClient
0x00000001c90bf000 	/System/Library/PrivateFrameworks/BiomeStorage.framework/Versions/A/BiomeStorage
0x0000000258850000 	/System/Library/PrivateFrameworks/IntelligencePlatformLibrary.framework/Versions/A/IntelligencePlatformLibrary
0x0000000266689000 	/System/Library/PrivateFrameworks/PoirotSchematizer.framework/Versions/A/PoirotSchematizer
0x000000023e80e000 	/System/Library/PrivateFrameworks/BiomeSync.framework/Versions/A/BiomeSync
0x000000023dfac000 	/System/Library/PrivateFrameworks/BiomeDSL.framework/Versions/A/BiomeDSL
0x00000002666f3000 	/System/Library/PrivateFrameworks/PoirotUDFs.framework/Versions/A/PoirotUDFs
0x0000000266658000 	/System/Library/PrivateFrameworks/PoirotSQLite.framework/Versions/A/PoirotSQLite
0x00000001a1e6c000 	/System/Library/PrivateFrameworks/CoreTime.framework/Versions/A/CoreTime
0x0000000197437000 	/usr/lib/libiconv.2.dylib
0x0000000197393000 	/usr/lib/libcharset.1.dylib
0x0000000286d0a000 	/usr/lib/swift/libswift_RegexParser.dylib
0x000000023fe1c000 	/System/Library/PrivateFrameworks/CascadeSets.framework/Versions/A/CascadeSets
0x000000019bc61000 	/System/Library/PrivateFrameworks/CorePhoneNumbers.framework/Versions/A/CorePhoneNumbers
0x000000019941d000 	/System/Library/PrivateFrameworks/AppleJPEG.framework/Versions/A/AppleJPEG
0x0000000198e07000 	/usr/lib/libexpat.1.dylib
0x0000000199c19000 	/System/Library/Frameworks/ImageIO.framework/Versions/A/Resources/libPng.dylib
0x0000000199c45000 	/System/Library/Frameworks/ImageIO.framework/Versions/A/Resources/libTIFF.dylib
0x0000000199d2f000 	/System/Library/Frameworks/ImageIO.framework/Versions/A/Resources/libGIF.dylib
0x0000000199462000 	/System/Library/Frameworks/ImageIO.framework/Versions/A/Resources/libJP2.dylib
0x0000000199cd5000 	/System/Library/Frameworks/ImageIO.framework/Versions/A/Resources/libJPEG.dylib
0x0000000199ccc000 	/System/Library/Frameworks/ImageIO.framework/Versions/A/Resources/libRadiance.dylib
0x000000024f02f000 	/System/Library/PrivateFrameworks/GPUCompiler.framework/Versions/32023/Libraries/libllvm-flatbuffers.dylib
0x000000024993b000 	/System/Library/PrivateFrameworks/FramePacing.framework/Versions/A/FramePacing
0x000000022bab6000 	/System/Library/Frameworks/OpenGL.framework/Versions/A/Libraries/libCoreFSCache.dylib
0x000000024aa7c000 	/System/Library/PrivateFrameworks/GPUCompiler.framework/Versions/32023/Libraries/libGPUCompilerUtils.dylib
0x00000001a1a1c000 	/System/Library/PrivateFrameworks/GraphicsServices.framework/Versions/A/GraphicsServices
0x00000001a55f5000 	/System/Library/PrivateFrameworks/ASEProcessing.framework/Versions/A/ASEProcessing
0x00000001d5360000 	/System/Library/PrivateFrameworks/Symbolication.framework/Versions/A/Symbolication
0x0000000266275000 	/System/Library/PrivateFrameworks/PhotosensitivityProcessing.framework/Versions/A/PhotosensitivityProcessing
0x0000000199039000 	/System/Library/PrivateFrameworks/GraphVisualizer.framework/Versions/A/GraphVisualizer
0x000000022bb15000 	/System/Library/Frameworks/OpenGL.framework/Versions/A/Libraries/libGLU.dylib
0x000000022bad8000 	/System/Library/Frameworks/OpenGL.framework/Versions/A/Libraries/libGFXShared.dylib
0x000000022bca4000 	/System/Library/Frameworks/OpenGL.framework/Versions/A/Libraries/libGL.dylib
0x000000022bae1000 	/System/Library/Frameworks/OpenGL.framework/Versions/A/Libraries/libGLImage.dylib
0x000000022bad5000 	/System/Library/Frameworks/OpenGL.framework/Versions/A/Libraries/libCVMSPluginSupport.dylib
0x000000022babe000 	/System/Library/Frameworks/OpenGL.framework/Versions/A/Libraries/libCoreVMClient.dylib
0x0000000249846000 	/System/Library/PrivateFrameworks/FontServices.framework/Versions/A/FontServices
0x0000000199049000 	/System/Library/PrivateFrameworks/OTSVG.framework/Versions/A/OTSVG
0x0000000191b13000 	/System/Library/Frameworks/ApplicationServices.framework/Versions/A/Frameworks/ATS.framework/Versions/A/Resources/libFontRegistry.dylib
0x0000000285d8d000 	/usr/lib/libhvf.dylib
0x00000002630ad000 	/System/Library/PrivateFrameworks/ParsingInternal.framework/Versions/A/ParsingInternal
0x000000024984a000 	/System/Library/PrivateFrameworks/FontServices.framework/libXTFontStaticRegistryData.dylib
0x0000000195018000 	/System/Library/Frameworks/MetalPerformanceShaders.framework/Versions/A/Frameworks/MPSCore.framework/Versions/A/MPSCore
0x0000000196d4d000 	/System/Library/Frameworks/MetalPerformanceShaders.framework/Versions/A/Frameworks/MPSImage.framework/Versions/A/MPSImage
0x000000019671e000 	/System/Library/Frameworks/MetalPerformanceShaders.framework/Versions/A/Frameworks/MPSNeuralNetwork.framework/Versions/A/MPSNeuralNetwork
0x0000000196b56000 	/System/Library/Frameworks/MetalPerformanceShaders.framework/Versions/A/Frameworks/MPSMatrix.framework/Versions/A/MPSMatrix
0x000000019696b000 	/System/Library/Frameworks/MetalPerformanceShaders.framework/Versions/A/Frameworks/MPSRayIntersector.framework/Versions/A/MPSRayIntersector
0x0000000196b88000 	/System/Library/Frameworks/MetalPerformanceShaders.framework/Versions/A/Frameworks/MPSNDArray.framework/Versions/A/MPSNDArray
0x000000022fc4d000 	/System/Library/Frameworks/MetalPerformanceShaders.framework/Versions/A/Frameworks/MPSFunctions.framework/Versions/A/MPSFunctions
0x000000022fc2e000 	/System/Library/Frameworks/MetalPerformanceShaders.framework/Versions/A/Frameworks/MPSBenchmarkLoop.framework/Versions/A/MPSBenchmarkLoop
0x000000022fc62000 	/System/Library/Frameworks/MetalPerformanceShaders.framework/Versions/A/Frameworks/MPSHost.framework/Versions/A/MPSHost
0x0000000188201000 	/System/Library/PrivateFrameworks/MetalTools.framework/Versions/A/MetalTools
0x00000001b948c000 	/System/Library/PrivateFrameworks/IOAccelMemoryInfo.framework/Versions/A/IOAccelMemoryInfo
0x00000001c7692000 	/System/Library/PrivateFrameworks/kperf.framework/Versions/A/kperf
0x00000001b4302000 	/System/Library/PrivateFrameworks/GPURawCounter.framework/Versions/A/GPURawCounter
0x00000001a1d55000 	/System/Library/PrivateFrameworks/CoreSymbolication.framework/Versions/A/CoreSymbolication
0x00000001b4279000 	/System/Library/PrivateFrameworks/MallocStackLogging.framework/Versions/A/MallocStackLogging
0x00000001a1d32000 	/System/Library/PrivateFrameworks/DebugSymbols.framework/Versions/A/DebugSymbols
0x00000001c5ef8000 	/System/Library/PrivateFrameworks/OSAnalytics.framework/Versions/A/OSAnalytics
0x0000000247733000 	/System/Library/PrivateFrameworks/DeviceRecovery.framework/Versions/A/DeviceRecovery
0x000000022da64000 	/System/Library/Frameworks/ExtensionFoundation.framework/Versions/A/ExtensionFoundation
0x000000019908a000 	/System/Library/PrivateFrameworks/AppServerSupport.framework/Versions/A/AppServerSupport
0x000000022edcc000 	/System/Library/Frameworks/LightweightCodeRequirements.framework/Versions/A/LightweightCodeRequirements
0x0000000198d06000 	/System/Library/PrivateFrameworks/PlugInKit.framework/Versions/A/PlugInKit
0x000000019658c000 	/System/Library/PrivateFrameworks/AssertionServices.framework/Versions/A/AssertionServices
0x0000000198e2c000 	/System/Library/PrivateFrameworks/IconFoundation.framework/Versions/A/IconFoundation
0x0000000255752000 	/System/Library/PrivateFrameworks/IconRendering.framework/Versions/A/IconRendering
0x0000000269324000 	/System/Library/PrivateFrameworks/SFSymbols.framework/Versions/A/SFSymbols
0x000000018a473000 	/System/Library/PrivateFrameworks/AudioToolboxCore.framework/Versions/A/AudioToolboxCore
0x000000019b5cf000 	/System/Library/PrivateFrameworks/AudioSession.framework/Versions/A/AudioSession
0x00000001a6841000 	/System/Library/Frameworks/CoreMIDI.framework/Versions/A/CoreMIDI
0x000000019b64e000 	/usr/lib/libAudioStatistics.dylib
0x0000000193fbc000 	/System/Library/PrivateFrameworks/caulk.framework/Versions/A/caulk
0x0000000199bf3000 	/usr/lib/libAudioToolboxUtility.dylib
0x00000001b4306000 	/usr/lib/swift/libswiftCoreAudio.dylib
0x00000001baab2000 	/usr/lib/swift/libswiftCoreMIDI.dylib
0x000000019ba60000 	/System/Library/PrivateFrameworks/perfdata.framework/Versions/A/perfdata
0x00000001b3323000 	/System/Library/PrivateFrameworks/SystemPolicy.framework/Versions/A/SystemPolicy
0x000000019b905000 	/usr/lib/libSMC.dylib
0x000000019ba6e000 	/usr/lib/libperfcheck.dylib
0x000000023d8f3000 	/System/Library/PrivateFrameworks/AudioAnalytics.framework/Versions/A/AudioAnalytics
0x0000000286ccd000 	/usr/lib/swift/libswift_DarwinFoundation2.dylib
0x0000000286cce000 	/usr/lib/swift/libswift_DarwinFoundation3.dylib
0x00000001d988e000 	/System/Library/Frameworks/OSLog.framework/Versions/A/OSLog
0x00000001b42ab000 	/usr/lib/libmis.dylib
0x0000000198f4a000 	/System/Library/PrivateFrameworks/MediaExperience.framework/Versions/A/MediaExperience
0x000000019b39d000 	/System/Library/PrivateFrameworks/AudioSession.framework/libSessionUtility.dylib
0x0000000199d35000 	/System/Library/PrivateFrameworks/CMCaptureCore.framework/Versions/A/CMCaptureCore
0x00000001a08e6000 	/System/Library/Frameworks/CoreBluetooth.framework/Versions/A/CoreBluetooth
0x00000001963f8000 	/System/Library/PrivateFrameworks/CoreUtils.framework/Versions/A/CoreUtils
0x00000001ac263000 	/System/Library/PrivateFrameworks/HID.framework/Versions/A/HID
0x0000000246b30000 	/System/Library/PrivateFrameworks/CoreUtilsExtras.framework/Versions/A/CoreUtilsExtras
0x00000002556a7000 	/System/Library/PrivateFrameworks/IO80211.framework/Versions/A/IO80211
0x000000019d31f000 	/System/Library/Frameworks/IOBluetooth.framework/Versions/A/IOBluetooth
0x000000023d4e1000 	/System/Library/PrivateFrameworks/ArgumentParserInternal.framework/Versions/A/ArgumentParserInternal
0x0000000198ba6000 	/usr/lib/libIOReport.dylib
0x000000019659b000 	/System/Library/Frameworks/SecurityFoundation.framework/Versions/A/SecurityFoundation
0x0000000188bc4000 	/System/Library/PrivateFrameworks/Lexicon.framework/Versions/A/Lexicon
0x0000000196706000 	/usr/lib/libgermantok.dylib
0x0000000195204000 	/System/Library/PrivateFrameworks/LinguisticData.framework/Versions/A/LinguisticData
0x00000001a0aee000 	/System/Library/PrivateFrameworks/MediaKit.framework/Versions/A/MediaKit
0x00000001a0a39000 	/System/Library/Frameworks/DiscRecording.framework/Versions/A/DiscRecording
0x0000000198e22000 	/usr/lib/libheimdal-asn1.dylib
0x00000001a4415000 	/System/Library/Frameworks/AudioUnit.framework/Versions/A/AudioUnit
0x0000000191e32000 	/System/Library/Frameworks/OpenDirectory.framework/Versions/A/OpenDirectory
0x0000000191e40000 	/System/Library/Frameworks/OpenDirectory.framework/Versions/A/Frameworks/CFOpenDirectory.framework/Versions/A/CFOpenDirectory
0x000000022c028000 	/System/Library/Frameworks/AVFAudio.framework/Versions/A/AVFAudio
0x00000001ad234000 	/usr/lib/libAccessibility.dylib
0x00000002593f7000 	/System/Library/PrivateFrameworks/IsolatedCoreAudioClient.framework/Versions/A/IsolatedCoreAudioClient
0x00000001cfb5e000 	/usr/lib/swift/libswiftCoreMedia.dylib
0x00000002771d4000 	/System/Library/PrivateFrameworks/Tightbeam.framework/Versions/A/Tightbeam
0x0000000242a30000 	/System/Library/PrivateFrameworks/CoreAudioOrchestration.framework/Versions/A/CoreAudioOrchestration
0x00000001cc269000 	/System/Library/PrivateFrameworks/AFKUser.framework/Versions/A/AFKUser
0x000000019fb88000 	/System/Library/Frameworks/MediaAccessibility.framework/Versions/A/MediaAccessibility
0x000000027b3ef000 	/System/Library/PrivateFrameworks/VideoToolboxParavirtualizationSupport.framework/Versions/A/VideoToolboxParavirtualizationSupport
0x0000000198dbe000 	/System/Library/PrivateFrameworks/AppleVA.framework/Versions/A/AppleVA
0x0000000199cc7000 	/System/Library/PrivateFrameworks/GPUWrangler.framework/Versions/A/GPUWrangler
0x0000000199ca7000 	/System/Library/PrivateFrameworks/IOPresentment.framework/Versions/A/IOPresentment
0x0000000199ccf000 	/System/Library/PrivateFrameworks/DSExternalDisplay.framework/Versions/A/DSExternalDisplay
0x000000023d338000 	/System/Library/PrivateFrameworks/AppleMobileFileIntegrity.framework/Versions/A/AppleMobileFileIntegrity
0x000000028590a000 	/usr/lib/libTLE.dylib
0x00000001eab94000 	/System/Library/PrivateFrameworks/ConfigProfileHelper.framework/Versions/A/ConfigProfileHelper
0x00000001df9a1000 	/usr/lib/libedit.3.dylib
0x000000025a977000 	/System/Library/PrivateFrameworks/MIL.framework/Versions/A/MIL
0x00000001b944f000 	/usr/lib/libncurses.5.4.dylib
0x000000019632d000 	/System/Library/PrivateFrameworks/CoreEmoji.framework/Versions/A/CoreEmoji
0x0000000188ee0000 	/usr/lib/libCRFSuite.dylib
0x00000001950e2000 	/System/Library/PrivateFrameworks/CoreNLP.framework/Versions/A/CoreNLP
0x00000001966a5000 	/usr/lib/libmecab.dylib
0x00000001975b2000 	/usr/lib/libThaiTokenizer.dylib
0x00000001d9d59000 	/System/Library/PrivateFrameworks/HIDDisplay.framework/Versions/A/HIDDisplay
0x0000000199d01000 	/System/Library/Frameworks/ApplicationServices.framework/Versions/A/Frameworks/ATSUI.framework/Versions/A/ATSUI
0x000000019b9e6000 	/usr/lib/libcups.2.dylib
0x000000019ba7c000 	/System/Library/Frameworks/Kerberos.framework/Versions/A/Kerberos
0x000000019b6dd000 	/usr/lib/libresolv.9.dylib
0x000000019909e000 	/System/Library/PrivateFrameworks/Heimdal.framework/Versions/A/Heimdal
0x00000001a4414000 	/System/Library/Frameworks/Kerberos.framework/Versions/A/Libraries/libHeimdalProxy.dylib
0x000000019bae0000 	/System/Library/PrivateFrameworks/CommonAuth.framework/Versions/A/CommonAuth
0x00000001ad12f000 	/System/Library/PrivateFrameworks/AXCoreUtilities.framework/Versions/A/AXCoreUtilities
0x0000000285323000 	/usr/lib/libAXSafeCategoryBundle.dylib
0x00000001961f3000 	/System/Library/Frameworks/Accelerate.framework/Versions/A/Frameworks/vecLib.framework/Versions/A/libvDSP.dylib
0x00000001976ff000 	/System/Library/Frameworks/Accelerate.framework/Versions/A/Frameworks/vecLib.framework/Versions/A/libLAPACK.dylib
0x0000000196709000 	/System/Library/Frameworks/Accelerate.framework/Versions/A/Frameworks/vecLib.framework/Versions/A/libLinearAlgebra.dylib
0x00000001975f8000 	/System/Library/Frameworks/Accelerate.framework/Versions/A/Frameworks/vecLib.framework/Versions/A/libSparseBLAS.dylib
0x00000001976fa000 	/System/Library/Frameworks/Accelerate.framework/Versions/A/Frameworks/vecLib.framework/Versions/A/libQuadrature.dylib
0x000000019520b000 	/System/Library/Frameworks/Accelerate.framework/Versions/A/Frameworks/vecLib.framework/Versions/A/libBNNS.dylib
0x0000000188cd9000 	/System/Library/Frameworks/Accelerate.framework/Versions/A/Frameworks/vecLib.framework/Versions/A/libSparse.dylib
0x000000019ba45000 	/System/Library/PrivateFrameworks/NetAuth.framework/Versions/A/NetAuth
0x0000000192051000 	/System/Library/PrivateFrameworks/login.framework/Versions/A/Frameworks/loginsupport.framework/Versions/A/loginsupport
0x000000019666f000 	/usr/lib/libCheckFix.dylib
0x00000001911cb000 	/System/Library/PrivateFrameworks/MetadataUtilities.framework/Versions/A/MetadataUtilities
0x000000025616f000 	/System/Library/PrivateFrameworks/InstalledContentLibrary.framework/Versions/A/InstalledContentLibrary
0x000000018bc5a000 	/System/Library/PrivateFrameworks/CoreServicesStore.framework/Versions/A/CoreServicesStore
0x00000001c7799000 	/System/Library/PrivateFrameworks/MobileSystemServices.framework/Versions/A/MobileSystemServices
0x0000000198a67000 	/usr/lib/libxslt.1.dylib
0x000000019662e000 	/System/Library/PrivateFrameworks/BackgroundTaskManagement.framework/Versions/A/BackgroundTaskManagement
0x00000001a3abe000 	/usr/lib/libcurl.4.dylib
0x0000000285b43000 	/usr/lib/libcrypto.46.dylib
0x0000000286760000 	/usr/lib/libssl.48.dylib
0x00000001a3794000 	/System/Library/Frameworks/LDAP.framework/Versions/A/LDAP
0x00000001a37d0000 	/System/Library/PrivateFrameworks/TrustEvaluationAgent.framework/Versions/A/TrustEvaluationAgent
0x000000019b6fa000 	/usr/lib/libsasl2.2.dylib
0x00000001b11cf000 	/usr/lib/swift/libswiftCoreGraphics.dylib
0x00000001a0284000 	/usr/lib/swift/libswiftFoundation.dylib
0x00000001ea550000 	/usr/lib/swift/libswiftSwiftOnoneSupport.dylib
0x0000000286e3f000 	/usr/lib/swift/libswiftsys_time.dylib
0x00000001d5b1d000 	/System/Library/PrivateFrameworks/CoreMaterial.framework/Versions/A/CoreMaterial
0x0000000286b85000 	/usr/lib/swift/libswiftSpatial.dylib
0x0000000285907000 	/usr/lib/libSpatial.dylib
0x0000000285241000 	/System/Library/SubFrameworks/UIUtilities.framework/Versions/A/UIUtilities
0x000000010a2e0000 	/Users/jeff/.sdkman/candidates/java/17.0.18-tem/lib/server/libjvm.dylib
0x00000001047ac000 	/Users/jeff/.sdkman/candidates/java/17.0.18-tem/lib/libjimage.dylib
0x0000000104834000 	/Users/jeff/.sdkman/candidates/java/17.0.18-tem/lib/libjava.dylib
0x0000000104988000 	/Users/jeff/.sdkman/candidates/java/17.0.18-tem/lib/libnio.dylib
0x00000001049cc000 	/Users/jeff/.sdkman/candidates/java/17.0.18-tem/lib/libnet.dylib
0x0000000109ca4000 	/Users/jeff/.sdkman/candidates/java/17.0.18-tem/lib/libzip.dylib
0x00000001049a8000 	/Users/jeff/.sdkman/candidates/java/17.0.18-tem/lib/libverify.dylib
0x00000001049f0000 	/Users/jeff/.sdkman/candidates/java/17.0.18-tem/lib/libextnet.dylib
0x000000012d79c000 	/Users/jeff/git/m/mongo-java-driver/build/jnaLibs/rust-core/libmongo_rust_core.dylib


VM Arguments:
jvm_args: -Djava.library.path=/Users/jeff/git/m/mongo-java-driver/build/jnaLibs/rust-core -Djna.library.path=/Users/jeff/git/m/mongo-java-driver/build/jnaLibs/rust-core -Dorg.gradle.internal.worker.tmpdir=/Users/jeff/git/m/mongo-java-driver/driver-reactive-streams/build/tmp/test/work -Dspock.configuration=/Users/jeff/git/m/mongo-java-driver/config/spock/ExcludeSlow.groovy --add-opens=java.base/java.lang=ALL-UNNAMED -Xmx4g -Dfile.encoding=UTF-8 -Duser.country=US -Duser.language=en -Duser.variant -ea 
java_command: worker.org.gradle.process.internal.worker.GradleWorkerMain 'Gradle Test Executor 24'
java_class_path (initial): /Users/jeff/.gradle/caches/8.12.1/workerMain/gradle-worker.jar:/Users/jeff/git/m/mongo-java-driver/driver-reactive-streams/build/classes/java/test:/Users/jeff/git/m/mongo-java-driver/driver-reactive-streams/build/classes/groovy/test:/Users/jeff/git/m/mongo-java-driver/driver-reactive-streams/build/resources/test:/Users/jeff/git/m/mongo-java-driver/driver-reactive-streams/build/classes/java/main:/Users/jeff/git/m/mongo-java-driver/driver-sync/build/libs/mongodb-driver-sync-5.7.0-SNAPSHOT.jar:/Users/jeff/git/m/mongo-java-driver/driver-sync/build/libs/driver-sync-test-5.7.0-SNAPSHOT.jar:/Users/jeff/git/m/mongo-java-driver/driver-core/build/libs/mongodb-driver-core-5.7.0-SNAPSHOT.jar:/Users/jeff/git/m/mongo-java-driver/driver-core/build/libs/driver-core-test-5.7.0-SNAPSHOT.jar:/Users/jeff/git/m/mongo-java-driver/rust-bindings/build/libs/rust-bindings-5.7.0-SNAPSHOT.jar:/Users/jeff/git/m/mongo-java-driver/mongodb-crypt/build/libs/mongodb-crypt-5.7.0-SNAPSHOT.jar:/Users/jeff/git/m/mongo-java-driver/bson-record-codec/build/libs/bson-record-codec-5.7.0-SNAPSHOT.jar:/Users/jeff/git/m/mongo-java-driver/bson/build/libs/bson-5.7.0-SNAPSHOT.jar:/Users/jeff/git/m/mongo-java-driver/bson/build/libs/bson-test-5.7.0-SNAPSHOT.jar:/Users/jeff/.gradle/caches/modules-2/files-2.1/org.reactivestreams/reactive-streams-tck/1.0.4/73211657ca6ea0b6facc7a717be54b14a304ac93/reactive-streams-tck-1.0.4.jar:/Users/jeff/.gradle/caches/modules-2/files-2.1/io.projectreactor/reactor-test/3.5.0/9e6a84687467185ef93a490393523e7eb320d627/reactor-test-3.5.0.jar:/Users/jeff/.gradle/caches/modules-2/files-2.1/io.projectreactor/reactor-core/3.5.0/83749d14f5795905e5b8e8c258c917d4707b586c/reactor-core-3.5.0.jar:/Users/jeff/.gradle/caches/modules-2/files-2.1/org.reactivestreams/reactive-streams-examples/1.0.4/f8cd2110c300bbc4ceec7cbbe386e12d3d47a765/reactive-streams-examples-1.0.4.jar:/Users/jeff/.gradle/caches/modules-2/files-2.1/org.reactivestreams/reactive-streams/1.0.4/3864a1320d97
Launcher Type: SUN_STANDARD

[Global flags]
     intx CICompilerCount                          = 12                                        {product} {ergonomic}
     uint ConcGCThreads                            = 3                                         {product} {ergonomic}
     uint G1ConcRefinementThreads                  = 13                                        {product} {ergonomic}
   size_t G1HeapRegionSize                         = 2097152                                   {product} {ergonomic}
    uintx GCDrainStackTargetSize                   = 64                                        {product} {ergonomic}
   size_t InitialHeapSize                          = 805306368                                 {product} {ergonomic}
   size_t MarkStackSize                            = 4194304                                   {product} {ergonomic}
   size_t MaxHeapSize                              = 4294967296                                {product} {command line}
   size_t MaxNewSize                               = 2575302656                                {product} {ergonomic}
   size_t MinHeapDeltaBytes                        = 2097152                                   {product} {ergonomic}
   size_t MinHeapSize                              = 8388608                                   {product} {ergonomic}
    uintx NonNMethodCodeHeapSize                   = 7602992                                {pd product} {ergonomic}
    uintx NonProfiledCodeHeapSize                  = 122027624                              {pd product} {ergonomic}
    uintx ProfiledCodeHeapSize                     = 122027624                              {pd product} {ergonomic}
    uintx ReservedCodeCacheSize                    = 251658240                              {pd product} {ergonomic}
     bool SegmentedCodeCache                       = true                                      {product} {ergonomic}
   size_t SoftMaxHeapSize                          = 4294967296                             {manageable} {ergonomic}
     bool UseCompressedClassPointers               = true                           {product lp64_product} {ergonomic}
     bool UseCompressedOops                        = true                           {product lp64_product} {ergonomic}
     bool UseG1GC                                  = true                                      {product} {ergonomic}
     bool UseNUMA                                  = false                                     {product} {ergonomic}
     bool UseNUMAInterleaving                      = false                                     {product} {ergonomic}

Logging:
Log output configuration:
 #0: stdout all=warning uptime,level,tags
 #1: stderr all=off uptime,level,tags

Environment Variables:
JAVA_HOME=/Users/jeff/.sdkman/candidates/java/current
PATH=/opt/homebrew/bin:/opt/homebrew/sbin:/usr/local/bin:/System/Cryptexes/App/usr/bin:/usr/bin:/bin:/usr/sbin:/sbin:/var/run/com.apple.security.cryptexd/codex.system/bootstrap/usr/local/bin:/var/run/com.apple.security.cryptexd/codex.system/bootstrap/usr/bin:/var/run/com.apple.security.cryptexd/codex.system/bootstrap/usr/appleinternal/bin:/opt/pmk/env/global/bin:/Users/jeff/.sdkman/candidates/java/current/bin:/opt/homebrew/opt/coreutils/libexec/gnubin:/Users/jeff/.cargo/bin:/Applications/iTerm.app/Contents/Resources/utilities:/Users/jeff/Library/Application Support/JetBrains/Toolbox/scripts:/Users/jeff/.local/bin:/Users/jeff/Library/Application Support/JetBrains/Toolbox/scripts:/Users/jeff/.local/bin
SHELL=/bin/zsh
LANG=en_US.UTF-8
TERM=xterm-256color
TMPDIR=/var/folders/mj/w08tt40s2vn8hf1mn6h763x00000gp/T/

Active Locale:
LC_ALL=en_US.UTF-8
LC_COLLATE=en_US.UTF-8
LC_CTYPE=en_US.UTF-8
LC_MESSAGES=en_US.UTF-8
LC_MONETARY=en_US.UTF-8
LC_NUMERIC=en_US.UTF-8
LC_TIME=en_US.UTF-8

Signal Handlers:
   SIGSEGV: crash_handler in libjvm.dylib, mask=11100110000111110111111111111111, flags=SA_RESTART|SA_SIGINFO, unblocked
    SIGBUS: crash_handler in libjvm.dylib, mask=11100110000111110111111111111111, flags=SA_RESTART|SA_SIGINFO, unblocked
    SIGFPE: crash_handler in libjvm.dylib, mask=11100110000111110111111111111111, flags=SA_RESTART|SA_SIGINFO, unblocked
   SIGPIPE: javaSignalHandler in libjvm.dylib, mask=11100110000111110111111111111111, flags=SA_RESTART|SA_SIGINFO, blocked
   SIGXFSZ: javaSignalHandler in libjvm.dylib, mask=11100110000111110111111111111111, flags=SA_RESTART|SA_SIGINFO, blocked
    SIGILL: crash_handler in libjvm.dylib, mask=11100110000111110111111111111111, flags=SA_RESTART|SA_SIGINFO, unblocked
   SIGUSR2: SR_handler in libjvm.dylib, mask=00000000000000000000000000000000, flags=SA_RESTART|SA_SIGINFO, blocked
    SIGHUP: UserHandler in libjvm.dylib, mask=11100110000111110111111111111111, flags=SA_RESTART|SA_SIGINFO, blocked
    SIGINT: UserHandler in libjvm.dylib, mask=11100110000111110111111111111111, flags=SA_RESTART|SA_SIGINFO, blocked
   SIGTERM: UserHandler in libjvm.dylib, mask=11100110000111110111111111111111, flags=SA_RESTART|SA_SIGINFO, blocked
   SIGQUIT: UserHandler in libjvm.dylib, mask=11100110000111110111111111111111, flags=SA_RESTART|SA_SIGINFO, blocked
   SIGTRAP: crash_handler in libjvm.dylib, mask=11100110000111110111111111111111, flags=SA_RESTART|SA_SIGINFO, unblocked


Periodic native trim disabled


---------------  S Y S T E M  ---------------

OS:
uname: Darwin 25.3.0 Darwin Kernel Version 25.3.0: Wed Jan 28 20:48:41 PST 2026; root:xnu-12377.81.4~5/RELEASE_ARM64_T6041 arm64
OS uptime: 3 days 20:58 hours
rlimit (soft/hard): STACK 8176k/65520k , CORE 0k/infinity , NPROC 8000/8000 , NOFILE 1048576/infinity , AS infinity/infinity , CPU infinity/infinity , DATA infinity/infinity , FSIZE infinity/infinity , MEMLOCK infinity/infinity , RSS infinity/infinity
load average: 41.54 26.52 13.31

CPU: total 16 (initial active 16) 0x61:0x0:0x17d5b93a:0, fp, simd, crc, lse
machdep.cpu.brand_string:Apple M4 Max
hw.cachelinesize:128
hw.l1icachesize:131072
hw.l1dcachesize:65536
hw.l2cachesize:4194304

Memory: 16k page, physical 50331648k(164112k free), swap 0k(0k free)

vm_info: OpenJDK 64-Bit Server VM (17.0.18+8) for bsd-aarch64 JRE (17.0.18+8), built on Jan 20 2026 00:00:00 by "admin" with clang Apple LLVM 15.0.0 (clang-1500.1.0.2.5)

END.
