#
# A fatal error has been detected by the Java Runtime Environment:
#
#  SIGSEGV (0xb) at pc=0x0000000133efa918, pid=99193, tid=46851
#
# JRE version: OpenJDK Runtime Environment Temurin-17.0.18+8 (17.0.18+8) (build 17.0.18+8)
# Java VM: OpenJDK 64-Bit Server VM Temurin-17.0.18+8 (17.0.18+8, mixed mode, sharing, tiered, compressed oops, compressed class ptrs, g1 gc, bsd-aarch64)
# Problematic frame:
# C  [libmongo_rust_core.dylib+0x4f2918]  std::sys::sync::rwlock::queue::RwLock::unlock_queue::he3dbad77ba887382+0x38
#
# No core dump will be written. Core dumps have been disabled. To enable core dumping, try "ulimit -c unlimited" before starting Java again
#
# If you would like to submit a bug report, please visit:
#   https://github.com/adoptium/adoptium-support/issues
# The crash happened outside the Java Virtual Machine in native code.
# See problematic frame for where to report the bug.
#

---------------  S U M M A R Y ------------

Command Line: -Djava.library.path=/Users/jeff/git/m/mongo-java-driver/build/jnaLibs/rust-core -Djna.library.path=/Users/jeff/git/m/mongo-java-driver/build/jnaLibs/rust-core -Dorg.gradle.internal.worker.tmpdir=/Users/jeff/git/m/mongo-java-driver/driver-reactive-streams/build/tmp/test/work -Dspock.configuration=/Users/jeff/git/m/mongo-java-driver/config/spock/ExcludeSlow.groovy --add-opens=java.base/java.lang=ALL-UNNAMED -Xmx4g -Dfile.encoding=UTF-8 -Duser.country=US -Duser.language=en -Duser.variant -ea worker.org.gradle.process.internal.worker.GradleWorkerMain 'Gradle Test Executor 10'

Host: "Mac16,5" arm64, 16 cores, 48G, Darwin 25.3.0, macOS 26.3 (25D125)
Time: Sun Feb 22 16:47:36 2026 EST elapsed time: 339.389373 seconds (0d 0h 5m 39s)

---------------  T H R E A D  ---------------

Current thread (0x00000007df941e00):  JavaThread "Thread-6" daemon [_thread_in_native, id=46851, stack(0x0000000172378000,0x000000017257b000)]

Stack: [0x0000000172378000,0x000000017257b000],  sp=0x00000001725777a0,  free space=2045k
Native frames: (J=compiled Java code, j=interpreted, Vv=VM code, C=native code)
C  [libmongo_rust_core.dylib+0x4f2918]  std::sys::sync::rwlock::queue::RwLock::unlock_queue::he3dbad77ba887382+0x38
C  [libmongo_rust_core.dylib+0x86cfc]  Java_com_mongodb_internal_rust_JniBindings_releaseSession+0x1c
J 10604  com.mongodb.internal.rust.JniBindings.releaseSession(JJ)V (0 bytes) @ 0x000000011ae018c0 [0x000000011ae01840+0x0000000000000080]
J 16731 c1 java.util.concurrent.atomic.AtomicIntegerFieldUpdater$AtomicIntegerFieldUpdaterImpl.addAndGet(Ljava/lang/Object;I)I java.base@17.0.18 (9 bytes) @ 0x00000001142e2ce4 [0x00000001142e2c40+0x00000000000000a4]
J 18537 c1 com.mongodb.internal.session.BaseClientSessionImpl.close()V (37 bytes) @ 0x00000001138fbe6c [0x00000001138fb780+0x00000000000006ec]
J 15445 c1 com.mongodb.reactivestreams.client.internal.ClientSessionPublisherImpl.close()V (38 bytes) @ 0x0000000113ee81c4 [0x0000000113ee7500+0x0000000000000cc4]
J 18505 c1 com.mongodb.reactivestreams.client.internal.ClientSessionBinding.release()I (37 bytes) @ 0x00000001139411e0 [0x0000000113940ec0+0x0000000000000320]
J 12293 c1 com.mongodb.reactivestreams.client.internal.ClientSessionBinding$SessionBindingAsyncConnectionSource.release()I (24 bytes) @ 0x0000000113648a74 [0x00000001136488c0+0x00000000000001b4]
J 14216 c1 com.mongodb.internal.operation.CursorResourceManager.releaseClientResources()V (51 bytes) @ 0x000000011361ff3c [0x000000011361fd40+0x00000000000001fc]
J 14284 c1 com.mongodb.internal.operation.AsyncCommandCursor$ResourceManager$$Lambda$1367+0x0000008801698a00.run()V (8 bytes) @ 0x0000000113b9c1a4 [0x0000000113b9bf40+0x0000000000000264]
J 13941 c1 com.mongodb.internal.async.AsyncSupplier.lambda$thenAlwaysRunAndFinish$2(Ljava/lang/Runnable;Lcom/mongodb/internal/async/SingleResultCallback;Ljava/lang/Object;Ljava/lang/Throwable;)V (39 bytes) @ 0x000000011341ff78 [0x000000011341fe80+0x00000000000000f8]
J 13940 c1 com.mongodb.internal.async.AsyncSupplier$$Lambda$1369+0x0000008801698e90.onResult(Ljava/lang/Object;Ljava/lang/Throwable;)V (14 bytes) @ 0x000000011342077c [0x00000001134206c0+0x00000000000000bc]
J 11478 c2 com.mongodb.internal.async.AsyncSupplier$$Lambda$739+0x00000088013cf838.onResult(Ljava/lang/Object;Ljava/lang/Throwable;)V (14 bytes) @ 0x000000011ab33928 [0x000000011ab338c0+0x0000000000000068]
J 11478 c2 com.mongodb.internal.async.AsyncSupplier$$Lambda$739+0x00000088013cf838.onResult(Ljava/lang/Object;Ljava/lang/Throwable;)V (14 bytes) @ 0x000000011ab33928 [0x000000011ab338c0+0x0000000000000068]
J 11478 c2 com.mongodb.internal.async.AsyncSupplier$$Lambda$739+0x00000088013cf838.onResult(Ljava/lang/Object;Ljava/lang/Throwable;)V (14 bytes) @ 0x000000011ab33928 [0x000000011ab338c0+0x0000000000000068]
J 16918 c1 com.mongodb.internal.async.AsyncFunction.lambda$finish$0(Ljava/util/concurrent/atomic/AtomicBoolean;Lcom/mongodb/internal/async/SingleResultCallback;Ljava/lang/Object;Ljava/lang/Throwable;)V (40 bytes) @ 0x0000000114370740 [0x000000011436fa40+0x0000000000000d00]
J 16917 c1 com.mongodb.internal.async.AsyncFunction$$Lambda$1378+0x000000880169aae0.onResult(Ljava/lang/Object;Ljava/lang/Throwable;)V (14 bytes) @ 0x000000011436f47c [0x000000011436f3c0+0x00000000000000bc]
J 13017 c2 com.mongodb.internal.async.SingleResultCallback.complete(Lcom/mongodb/internal/async/SingleResultCallback;)V (23 bytes) @ 0x000000011ab29604 [0x000000011ab295c0+0x0000000000000044]
j  com.mongodb.internal.operation.AsyncCommandCursor$ResourceManager.lambda$releaseResourcesAsync$6(Ljava/lang/Throwable;Lcom/mongodb/internal/async/SingleResultCallback;)V+2
j  com.mongodb.internal.operation.AsyncCommandCursor$ResourceManager$$Lambda$1365+0x00000088016985a8.unsafeFinish(Ljava/lang/Object;Lcom/mongodb/internal/async/SingleResultCallback;)V+5
J 16913 c1 com.mongodb.internal.async.AsyncFunction.finish(Ljava/lang/Object;Lcom/mongodb/internal/async/SingleResultCallback;)V (49 bytes) @ 0x000000011436e264 [0x000000011436dc00+0x0000000000000664]
J 10838 c1 com.mongodb.internal.async.AsyncSupplier.lambda$onErrorIf$7(Lcom/mongodb/internal/async/SingleResultCallback;Ljava/util/function/Predicate;Lcom/mongodb/internal/async/AsyncFunction;Ljava/lang/Object;Ljava/lang/Throwable;)V (70 bytes) @ 0x00000001138fcdbc [0x00000001138fcb80+0x000000000000023c]
J 10837 c1 com.mongodb.internal.async.AsyncSupplier$$Lambda$1130+0x00000088015ab888.onResult(Ljava/lang/Object;Ljava/lang/Throwable;)V (18 bytes) @ 0x0000000113eae980 [0x0000000113eae8c0+0x00000000000000c0]
J 11478 c2 com.mongodb.internal.async.AsyncSupplier$$Lambda$739+0x00000088013cf838.onResult(Ljava/lang/Object;Ljava/lang/Throwable;)V (14 bytes) @ 0x000000011ab33928 [0x000000011ab338c0+0x0000000000000068]
J 11478 c2 com.mongodb.internal.async.AsyncSupplier$$Lambda$739+0x00000088013cf838.onResult(Ljava/lang/Object;Ljava/lang/Throwable;)V (14 bytes) @ 0x000000011ab33928 [0x000000011ab338c0+0x0000000000000068]
J 11478 c2 com.mongodb.internal.async.AsyncSupplier$$Lambda$739+0x00000088013cf838.onResult(Ljava/lang/Object;Ljava/lang/Throwable;)V (14 bytes) @ 0x000000011ab33928 [0x000000011ab338c0+0x0000000000000068]
j  com.mongodb.internal.async.SingleResultCallback.completeExceptionally(Ljava/lang/Throwable;)V+9
J 16919 c1 com.mongodb.internal.async.AsyncSupplier$$Lambda$1375+0x000000880169a110.onResult(Ljava/lang/Object;Ljava/lang/Throwable;)V (14 bytes) @ 0x0000000114372120 [0x0000000114371e80+0x00000000000002a0]
J 11478 c2 com.mongodb.internal.async.AsyncSupplier$$Lambda$739+0x00000088013cf838.onResult(Ljava/lang/Object;Ljava/lang/Throwable;)V (14 bytes) @ 0x000000011ab33928 [0x000000011ab338c0+0x0000000000000068]
J 12239 c1 com.mongodb.internal.connection.DefaultServer.getConnectionAsync(Lcom/mongodb/internal/connection/OperationContext;Lcom/mongodb/internal/async/SingleResultCallback;)V (74 bytes) @ 0x000000011346bc60 [0x000000011346ae40+0x0000000000000e20]
J 12238 c1 com.mongodb.internal.binding.AsyncClusterBinding$AsyncClusterBindingConnectionSource.getConnection(Lcom/mongodb/internal/connection/OperationContext;Lcom/mongodb/internal/async/SingleResultCallback;)V (15 bytes) @ 0x000000011346ce34 [0x000000011346cd00+0x0000000000000134]
J 12237 c1 com.mongodb.reactivestreams.client.internal.ClientSessionBinding$SessionBindingAsyncConnectionSource.getConnection(Lcom/mongodb/internal/connection/OperationContext;Lcom/mongodb/internal/async/SingleResultCallback;)V (85 bytes) @ 0x000000011346dc44 [0x000000011346d340+0x0000000000000904]
J 16870 c1 com.mongodb.internal.operation.AsyncCommandCursor$ResourceManager.getConnection(Lcom/mongodb/internal/connection/OperationContext;Lcom/mongodb/internal/async/SingleResultCallback;)V (74 bytes) @ 0x000000011434f3d4 [0x000000011434eb80+0x0000000000000854]
J 16883 c1 com.mongodb.internal.operation.AsyncCommandCursor$ResourceManager$$Lambda$1371+0x00000088016990f8.unsafeFinish(Lcom/mongodb/internal/async/SingleResultCallback;)V (13 bytes) @ 0x0000000114354834 [0x0000000114354740+0x00000000000000f4]
J 11475 c2 com.mongodb.internal.async.AsyncSupplier.finish(Lcom/mongodb/internal/async/SingleResultCallback;)V (45 bytes) @ 0x000000011ab33d80 [0x000000011ab33cc0+0x00000000000000c0]
J 15721 c2 com.mongodb.internal.async.AsyncRunnable$$Lambda$743+0x00000088013d1af0.unsafeFinish(Lcom/mongodb/internal/async/SingleResultCallback;)V (15 bytes) @ 0x000000011b0deb5c [0x000000011b0dea80+0x00000000000000dc]
J 16863 c1 com.mongodb.internal.async.AsyncSupplier$$Lambda$1374+0x0000008801699d90.unsafeFinish(Lcom/mongodb/internal/async/SingleResultCallback;)V (15 bytes) @ 0x000000011434b930 [0x000000011434b200+0x0000000000000730]
J 11475 c2 com.mongodb.internal.async.AsyncSupplier.finish(Lcom/mongodb/internal/async/SingleResultCallback;)V (45 bytes) @ 0x000000011ab33d80 [0x000000011ab33cc0+0x00000000000000c0]
J 14283 c1 com.mongodb.internal.operation.AsyncCommandCursor$ResourceManager.lambda$releaseResourcesAsync$5(Lcom/mongodb/internal/connection/OperationContext;Lcom/mongodb/internal/async/SingleResultCallback;)V (62 bytes) @ 0x00000001135e70c4 [0x00000001135e5f00+0x00000000000011c4]
J 14282 c1 com.mongodb.internal.operation.AsyncCommandCursor$ResourceManager$$Lambda$1364+0x0000008801698228.unsafeFinish(Lcom/mongodb/internal/async/SingleResultCallback;)V (13 bytes) @ 0x0000000113ee5e74 [0x0000000113ee5dc0+0x00000000000000b4]
J 11475 c2 com.mongodb.internal.async.AsyncSupplier.finish(Lcom/mongodb/internal/async/SingleResultCallback;)V (45 bytes) @ 0x000000011ab33d80 [0x000000011ab33cc0+0x00000000000000c0]
J 14186 c2 com.mongodb.internal.async.AsyncRunnable$$Lambda$736+0x00000088013cedc0.unsafeFinish(Lcom/mongodb/internal/async/SingleResultCallback;)V (15 bytes) @ 0x000000011ad9271c [0x000000011ad92640+0x00000000000000dc]
J 11475 c2 com.mongodb.internal.async.AsyncSupplier.finish(Lcom/mongodb/internal/async/SingleResultCallback;)V (45 bytes) @ 0x000000011ab33d80 [0x000000011ab33cc0+0x00000000000000c0]
J 10834 c1 com.mongodb.internal.async.AsyncSupplier$$Lambda$1129+0x00000088015ab5a8.unsafeFinish(Lcom/mongodb/internal/async/SingleResultCallback;)V (19 bytes) @ 0x00000001139b1178 [0x00000001139b0a00+0x0000000000000778]
J 11475 c2 com.mongodb.internal.async.AsyncSupplier.finish(Lcom/mongodb/internal/async/SingleResultCallback;)V (45 bytes) @ 0x000000011ab33d80 [0x000000011ab33cc0+0x00000000000000c0]
J 11264 c1 com.mongodb.internal.async.AsyncRunnable$$Lambda$1137+0x00000088015aeb90.unsafeFinish(Lcom/mongodb/internal/async/SingleResultCallback;)V (17 bytes) @ 0x000000011366db74 [0x000000011366d300+0x0000000000000874]
J 11475 c2 com.mongodb.internal.async.AsyncSupplier.finish(Lcom/mongodb/internal/async/SingleResultCallback;)V (45 bytes) @ 0x000000011ab33d80 [0x000000011ab33cc0+0x00000000000000c0]
J 14186 c2 com.mongodb.internal.async.AsyncRunnable$$Lambda$736+0x00000088013cedc0.unsafeFinish(Lcom/mongodb/internal/async/SingleResultCallback;)V (15 bytes) @ 0x000000011ad9271c [0x000000011ad92640+0x00000000000000dc]
J 11475 c2 com.mongodb.internal.async.AsyncSupplier.finish(Lcom/mongodb/internal/async/SingleResultCallback;)V (45 bytes) @ 0x000000011ab33d80 [0x000000011ab33cc0+0x00000000000000c0]
J 13900 c1 com.mongodb.internal.async.AsyncSupplier.thenAlwaysRunAndFinish(Ljava/lang/Runnable;Lcom/mongodb/internal/async/SingleResultCallback;)V (14 bytes) @ 0x000000011343471c [0x0000000113434100+0x000000000000061c]
J 14279 c1 com.mongodb.internal.operation.AsyncCommandCursor$ResourceManager.releaseResourcesAsync(Lcom/mongodb/internal/connection/OperationContext;Lcom/mongodb/internal/async/SingleResultCallback;)V (35 bytes) @ 0x00000001135e9e1c [0x00000001135e84c0+0x000000000000195c]
J 16846 c1 com.mongodb.internal.operation.AsyncCommandCursor$ResourceManager$$Lambda$1355+0x0000008801693db0.run()V (12 bytes) @ 0x0000000114343574 [0x0000000114342a00+0x0000000000000b74]
J 11152 c1 com.mongodb.internal.async.function.AsyncCallbackSupplier$$Lambda$1094+0x00000088015a31a0.run()V (12 bytes) @ 0x0000000112f75084 [0x0000000112f74f00+0x0000000000000184]
J 11151 c1 com.mongodb.internal.async.function.AsyncCallbackSupplier.lambda$whenComplete$1(Ljava/lang/Runnable;Lcom/mongodb/internal/async/SingleResultCallback;Ljava/lang/Object;Ljava/lang/Throwable;)V (53 bytes) @ 0x0000000112f760f8 [0x0000000112f76000+0x00000000000000f8]
J 11150 c1 com.mongodb.internal.async.function.AsyncCallbackSupplier$$Lambda$1096+0x00000088015a3600.onResult(Ljava/lang/Object;Ljava/lang/Throwable;)V (14 bytes) @ 0x0000000112f768fc [0x0000000112f76840+0x00000000000000bc]
j  com.mongodb.internal.operation.AsyncCommandCursor$ResourceManager.lambda$executeWithConnection$8(Lcom/mongodb/internal/connection/AsyncConnection;Lcom/mongodb/internal/async/SingleResultCallback;Ljava/lang/Object;Ljava/lang/Throwable;)V+23
j  com.mongodb.internal.operation.AsyncCommandCursor$ResourceManager$$Lambda$1432+0x00000088016b2880.onResult(Ljava/lang/Object;Ljava/lang/Throwable;)V+14
J 14277 c1 com.mongodb.internal.operation.AsyncCommandCursor.lambda$getMoreLoop$2(Lcom/mongodb/ServerCursor;Lcom/mongodb/internal/async/SingleResultCallback;Lcom/mongodb/internal/connection/AsyncConnection;Lcom/mongodb/internal/connection/OperationContext;Lorg/bson/BsonDocument;Ljava/lang/Throwable;)V (161 bytes) @ 0x0000000113faa800 [0x0000000113fa9f00+0x0000000000000900]
J 14276 c1 com.mongodb.internal.operation.AsyncCommandCursor$$Lambda$1433+0x00000088016b2cf0.onResult(Ljava/lang/Object;Ljava/lang/Throwable;)V (29 bytes) @ 0x0000000113b1a99c [0x0000000113b1a7c0+0x00000000000001dc]
J 14185 c2 com.mongodb.internal.async.ErrorHandlingResultCallback.onResult(Ljava/lang/Object;Ljava/lang/Throwable;)V (28 bytes) @ 0x000000011ad93080 [0x000000011ad93040+0x0000000000000040]
J 11636 c1 com.mongodb.internal.connection.DefaultServer$DefaultServerProtocolExecutor.lambda$executeAsync$0(Lcom/mongodb/internal/connection/InternalConnection;Lcom/mongodb/internal/async/SingleResultCallback;Lcom/mongodb/internal/session/SessionContext;Ljava/lang/Object;Ljava/lang/Throwable;)V (221 bytes) @ 0x00000001130029b8 [0x0000000113001380+0x0000000000001638]
J 11635 c1 com.mongodb.internal.connection.DefaultServer$DefaultServerProtocolExecutor$$Lambda$1144+0x00000088015b48c0.onResult(Ljava/lang/Object;Ljava/lang/Throwable;)V (22 bytes) @ 0x0000000113006208 [0x0000000113006140+0x00000000000000c8]
J 14185 c2 com.mongodb.internal.async.ErrorHandlingResultCallback.onResult(Ljava/lang/Object;Ljava/lang/Throwable;)V (28 bytes) @ 0x000000011ad93080 [0x000000011ad93040+0x0000000000000040]
J 11633 c1 com.mongodb.internal.connection.CommandProtocolImpl$$Lambda$1145+0x00000088015b4b28.onResult(Ljava/lang/Object;Ljava/lang/Throwable;)V (10 bytes) @ 0x000000011300681c [0x0000000113006580+0x000000000000029c]
J 11631 c1 com.mongodb.internal.connection.UsageTrackingInternalConnection$$Lambda$1146+0x00000088015b4d90.onResult(Ljava/lang/Object;Ljava/lang/Throwable;)V (14 bytes) @ 0x000000011300798c [0x00000001130077c0+0x00000000000001cc]
J 14185 c2 com.mongodb.internal.async.ErrorHandlingResultCallback.onResult(Ljava/lang/Object;Ljava/lang/Throwable;)V (28 bytes) @ 0x000000011ad93080 [0x000000011ad93040+0x0000000000000040]
J 15526 c2 com.mongodb.internal.async.SingleResultCallback.complete(Ljava/lang/Object;)V (9 bytes) @ 0x000000011aad3740 [0x000000011aad36c0+0x0000000000000080]
J 10838 c1 com.mongodb.internal.async.AsyncSupplier.lambda$onErrorIf$7(Lcom/mongodb/internal/async/SingleResultCallback;Ljava/util/function/Predicate;Lcom/mongodb/internal/async/AsyncFunction;Ljava/lang/Object;Ljava/lang/Throwable;)V (70 bytes) @ 0x00000001138fcf80 [0x00000001138fcb80+0x0000000000000400]
J 10837 c1 com.mongodb.internal.async.AsyncSupplier$$Lambda$1130+0x00000088015ab888.onResult(Ljava/lang/Object;Ljava/lang/Throwable;)V (18 bytes) @ 0x0000000113eae980 [0x0000000113eae8c0+0x00000000000000c0]
J 11478 c2 com.mongodb.internal.async.AsyncSupplier$$Lambda$739+0x00000088013cf838.onResult(Ljava/lang/Object;Ljava/lang/Throwable;)V (14 bytes) @ 0x000000011ab33928 [0x000000011ab338c0+0x0000000000000068]
J 11478 c2 com.mongodb.internal.async.AsyncSupplier$$Lambda$739+0x00000088013cf838.onResult(Ljava/lang/Object;Ljava/lang/Throwable;)V (14 bytes) @ 0x000000011ab33928 [0x000000011ab338c0+0x0000000000000068]
J 11478 c2 com.mongodb.internal.async.AsyncSupplier$$Lambda$739+0x00000088013cf838.onResult(Ljava/lang/Object;Ljava/lang/Throwable;)V (14 bytes) @ 0x000000011ab33928 [0x000000011ab338c0+0x0000000000000068]
J 12456 c1 com.mongodb.internal.connection.InternalStreamConnection.lambda$sendCommandMessageAsync$14(Lcom/mongodb/internal/connection/CommandEventSender;Lcom/mongodb/internal/async/SingleResultCallback;Lcom/mongodb/internal/connection/OperationContext;ILorg/bson/codecs/Decoder;Lcom/mongodb/internal/connection/ResponseBuffers;Ljava/lang/Throwable;)V (183 bytes) @ 0x0000000112fc943c [0x0000000112fc8a80+0x00000000000009bc]
J 12455 c1 com.mongodb.internal.connection.InternalStreamConnection$$Lambda$1138+0x00000088015af188.onResult(Ljava/lang/Object;Ljava/lang/Throwable;)V (33 bytes) @ 0x0000000112fcd920 [0x0000000112fcd740+0x00000000000001e0]
J 12461 c1 com.mongodb.internal.connection.InternalStreamConnection$MessageHeaderCallback$MessageCallback.onResult(Lorg/bson/ByteBuf;Ljava/lang/Throwable;)V (249 bytes) @ 0x00000001130d7050 [0x00000001130d65c0+0x0000000000000a90]
J 12460 c1 com.mongodb.internal.connection.InternalStreamConnection$MessageHeaderCallback$MessageCallback.onResult(Ljava/lang/Object;Ljava/lang/Throwable;)V (10 bytes) @ 0x0000000112fc537c [0x0000000112fc51c0+0x00000000000001bc]
J 10901 c1 com.mongodb.internal.connection.InternalStreamConnection$2.completed(Ljava/lang/Object;)V (9 bytes) @ 0x0000000113055c20 [0x0000000113055980+0x00000000000002a0]
J 14332 c2 com.mongodb.connection.AsyncCompletionHandler$$Lambda$737+0x00000088013cf370.onResult(Ljava/lang/Object;Ljava/lang/Throwable;)V (12 bytes) @ 0x000000011b042dec [0x000000011b042d80+0x000000000000006c]
J 11478 c2 com.mongodb.internal.async.AsyncSupplier$$Lambda$739+0x00000088013cf838.onResult(Ljava/lang/Object;Ljava/lang/Throwable;)V (14 bytes) @ 0x000000011ab33928 [0x000000011ab338c0+0x0000000000000068]
J 15526 c2 com.mongodb.internal.async.SingleResultCallback.complete(Ljava/lang/Object;)V (9 bytes) @ 0x000000011aad3740 [0x000000011aad36c0+0x0000000000000080]
J 15734 c1 com.mongodb.internal.connection.AsynchronousChannelStream$BasicCompletionHandler.lambda$completed$0(Ljava/lang/Integer;Lcom/mongodb/internal/async/SingleResultCallback;)V (128 bytes) @ 0x00000001137572f8 [0x0000000113756840+0x0000000000000ab8]
J 14888 c2 com.mongodb.internal.connection.AsynchronousChannelStream$BasicCompletionHandler$$Lambda$742+0x00000088013d13b0.unsafeFinish(Lcom/mongodb/internal/async/SingleResultCallback;)V (13 bytes) @ 0x000000011abca67c [0x000000011abca640+0x000000000000003c]
J 11475 c2 com.mongodb.internal.async.AsyncSupplier.finish(Lcom/mongodb/internal/async/SingleResultCallback;)V (45 bytes) @ 0x000000011ab33d80 [0x000000011ab33cc0+0x00000000000000c0]
J 15740 c2 com.mongodb.internal.connection.AsynchronousChannelStream$BasicCompletionHandler.completed(Ljava/lang/Object;Ljava/lang/Object;)V (13 bytes) @ 0x000000011b0e17e4 [0x000000011b0e1640+0x00000000000001a4]
J 17030 c2 sun.nio.ch.UnixAsynchronousSocketChannelImpl.implRead(ZLjava/nio/ByteBuffer;[Ljava/nio/ByteBuffer;JLjava/util/concurrent/TimeUnit;Ljava/lang/Object;Ljava/nio/channels/CompletionHandler;)Ljava/util/concurrent/Future; java.base@17.0.18 (462 bytes) @ 0x000000011b1ce0ac [0x000000011b1cd8c0+0x00000000000007ec]
J 14394 c2 com.mongodb.internal.connection.AsynchronousSocketChannelStream$AsynchronousSocketChannelAdapter.read(Ljava/nio/ByteBuffer;JLjava/util/concurrent/TimeUnit;Ljava/lang/Object;Ljava/nio/channels/CompletionHandler;)V (16 bytes) @ 0x000000011ad5669c [0x000000011ad56500+0x000000000000019c]
J 16946 c1 com.mongodb.internal.connection.AsynchronousChannelStream.readAsync(ILcom/mongodb/internal/connection/OperationContext;Lcom/mongodb/connection/AsyncCompletionHandler;)V (55 bytes) @ 0x00000001143831a0 [0x0000000114382c00+0x00000000000005a0]
J 10899 c1 com.mongodb.internal.connection.InternalStreamConnection.readAsync(ILcom/mongodb/internal/connection/OperationContext;Lcom/mongodb/internal/async/SingleResultCallback;)V (74 bytes) @ 0x000000011396417c [0x0000000113963dc0+0x00000000000003bc]
J 12454 c1 com.mongodb.internal.connection.InternalStreamConnection$MessageHeaderCallback.onResult(Lorg/bson/ByteBuf;Ljava/lang/Throwable;)V (121 bytes) @ 0x0000000112fcc6ac [0x0000000112fcc300+0x00000000000003ac]
J 12453 c1 com.mongodb.internal.connection.InternalStreamConnection$MessageHeaderCallback.onResult(Ljava/lang/Object;Ljava/lang/Throwable;)V (10 bytes) @ 0x0000000112fcde7c [0x0000000112fcdcc0+0x00000000000001bc]
J 10901 c1 com.mongodb.internal.connection.InternalStreamConnection$2.completed(Ljava/lang/Object;)V (9 bytes) @ 0x0000000113055c20 [0x0000000113055980+0x00000000000002a0]
J 14332 c2 com.mongodb.connection.AsyncCompletionHandler$$Lambda$737+0x00000088013cf370.onResult(Ljava/lang/Object;Ljava/lang/Throwable;)V (12 bytes) @ 0x000000011b042dec [0x000000011b042d80+0x000000000000006c]
J 11478 c2 com.mongodb.internal.async.AsyncSupplier$$Lambda$739+0x00000088013cf838.onResult(Ljava/lang/Object;Ljava/lang/Throwable;)V (14 bytes) @ 0x000000011ab33928 [0x000000011ab338c0+0x0000000000000068]
J 15526 c2 com.mongodb.internal.async.SingleResultCallback.complete(Ljava/lang/Object;)V (9 bytes) @ 0x000000011aad3740 [0x000000011aad36c0+0x0000000000000080]
J 15734 c1 com.mongodb.internal.connection.AsynchronousChannelStream$BasicCompletionHandler.lambda$completed$0(Ljava/lang/Integer;Lcom/mongodb/internal/async/SingleResultCallback;)V (128 bytes) @ 0x00000001137572f8 [0x0000000113756840+0x0000000000000ab8]
J 14888 c2 com.mongodb.internal.connection.AsynchronousChannelStream$BasicCompletionHandler$$Lambda$742+0x00000088013d13b0.unsafeFinish(Lcom/mongodb/internal/async/SingleResultCallback;)V (13 bytes) @ 0x000000011abca67c [0x000000011abca640+0x000000000000003c]
J 11475 c2 com.mongodb.internal.async.AsyncSupplier.finish(Lcom/mongodb/internal/async/SingleResultCallback;)V (45 bytes) @ 0x000000011ab33d80 [0x000000011ab33cc0+0x00000000000000c0]
J 15740 c2 com.mongodb.internal.connection.AsynchronousChannelStream$BasicCompletionHandler.completed(Ljava/lang/Object;Ljava/lang/Object;)V (13 bytes) @ 0x000000011b0e17e4 [0x000000011b0e1640+0x00000000000001a4]
J 17084 c2 sun.nio.ch.UnixAsynchronousSocketChannelImpl.finishRead(Z)V java.base@17.0.18 (352 bytes) @ 0x000000011b2002a0 [0x000000011b1ffac0+0x00000000000007e0]
J 16124 c2 sun.nio.ch.UnixAsynchronousSocketChannelImpl.onEvent(IZ)V java.base@17.0.18 (55 bytes) @ 0x000000011b15930c [0x000000011b159100+0x000000000000020c]
...<more frames>...

Java frames: (J=compiled Java code, j=interpreted, Vv=VM code)
J 10604  com.mongodb.internal.rust.JniBindings.releaseSession(JJ)V (0 bytes) @ 0x000000011ae018c0 [0x000000011ae01840+0x0000000000000080]
J 11093 c1 com.mongodb.internal.session.RustSessionPoolAdapter.release(Lcom/mongodb/session/ServerSession;)V (60 bytes) @ 0x0000000112f25ef8 [0x0000000112f25b40+0x00000000000003b8]
J 18537 c1 com.mongodb.internal.session.BaseClientSessionImpl.close()V (37 bytes) @ 0x00000001138fbe6c [0x00000001138fb780+0x00000000000006ec]
J 15445 c1 com.mongodb.reactivestreams.client.internal.ClientSessionPublisherImpl.close()V (38 bytes) @ 0x0000000113ee81c4 [0x0000000113ee7500+0x0000000000000cc4]
J 18505 c1 com.mongodb.reactivestreams.client.internal.ClientSessionBinding.release()I (37 bytes) @ 0x00000001139411e0 [0x0000000113940ec0+0x0000000000000320]
J 12293 c1 com.mongodb.reactivestreams.client.internal.ClientSessionBinding$SessionBindingAsyncConnectionSource.release()I (24 bytes) @ 0x0000000113648a74 [0x00000001136488c0+0x00000000000001b4]
J 14216 c1 com.mongodb.internal.operation.CursorResourceManager.releaseClientResources()V (51 bytes) @ 0x000000011361ff3c [0x000000011361fd40+0x00000000000001fc]
J 14284 c1 com.mongodb.internal.operation.AsyncCommandCursor$ResourceManager$$Lambda$1367+0x0000008801698a00.run()V (8 bytes) @ 0x0000000113b9c1a4 [0x0000000113b9bf40+0x0000000000000264]
J 13941 c1 com.mongodb.internal.async.AsyncSupplier.lambda$thenAlwaysRunAndFinish$2(Ljava/lang/Runnable;Lcom/mongodb/internal/async/SingleResultCallback;Ljava/lang/Object;Ljava/lang/Throwable;)V (39 bytes) @ 0x000000011341ff78 [0x000000011341fe80+0x00000000000000f8]
J 13940 c1 com.mongodb.internal.async.AsyncSupplier$$Lambda$1369+0x0000008801698e90.onResult(Ljava/lang/Object;Ljava/lang/Throwable;)V (14 bytes) @ 0x000000011342077c [0x00000001134206c0+0x00000000000000bc]
J 11478 c2 com.mongodb.internal.async.AsyncSupplier$$Lambda$739+0x00000088013cf838.onResult(Ljava/lang/Object;Ljava/lang/Throwable;)V (14 bytes) @ 0x000000011ab33928 [0x000000011ab338c0+0x0000000000000068]
J 11478 c2 com.mongodb.internal.async.AsyncSupplier$$Lambda$739+0x00000088013cf838.onResult(Ljava/lang/Object;Ljava/lang/Throwable;)V (14 bytes) @ 0x000000011ab33928 [0x000000011ab338c0+0x0000000000000068]
J 11478 c2 com.mongodb.internal.async.AsyncSupplier$$Lambda$739+0x00000088013cf838.onResult(Ljava/lang/Object;Ljava/lang/Throwable;)V (14 bytes) @ 0x000000011ab33928 [0x000000011ab338c0+0x0000000000000068]
J 16918 c1 com.mongodb.internal.async.AsyncFunction.lambda$finish$0(Ljava/util/concurrent/atomic/AtomicBoolean;Lcom/mongodb/internal/async/SingleResultCallback;Ljava/lang/Object;Ljava/lang/Throwable;)V (40 bytes) @ 0x0000000114370740 [0x000000011436fa40+0x0000000000000d00]
J 16917 c1 com.mongodb.internal.async.AsyncFunction$$Lambda$1378+0x000000880169aae0.onResult(Ljava/lang/Object;Ljava/lang/Throwable;)V (14 bytes) @ 0x000000011436f47c [0x000000011436f3c0+0x00000000000000bc]
J 13017 c2 com.mongodb.internal.async.SingleResultCallback.complete(Lcom/mongodb/internal/async/SingleResultCallback;)V (23 bytes) @ 0x000000011ab29604 [0x000000011ab295c0+0x0000000000000044]
j  com.mongodb.internal.operation.AsyncCommandCursor$ResourceManager.lambda$releaseResourcesAsync$6(Ljava/lang/Throwable;Lcom/mongodb/internal/async/SingleResultCallback;)V+2
j  com.mongodb.internal.operation.AsyncCommandCursor$ResourceManager$$Lambda$1365+0x00000088016985a8.unsafeFinish(Ljava/lang/Object;Lcom/mongodb/internal/async/SingleResultCallback;)V+5
J 16913 c1 com.mongodb.internal.async.AsyncFunction.finish(Ljava/lang/Object;Lcom/mongodb/internal/async/SingleResultCallback;)V (49 bytes) @ 0x000000011436e264 [0x000000011436dc00+0x0000000000000664]
J 10838 c1 com.mongodb.internal.async.AsyncSupplier.lambda$onErrorIf$7(Lcom/mongodb/internal/async/SingleResultCallback;Ljava/util/function/Predicate;Lcom/mongodb/internal/async/AsyncFunction;Ljava/lang/Object;Ljava/lang/Throwable;)V (70 bytes) @ 0x00000001138fcdbc [0x00000001138fcb80+0x000000000000023c]
J 10837 c1 com.mongodb.internal.async.AsyncSupplier$$Lambda$1130+0x00000088015ab888.onResult(Ljava/lang/Object;Ljava/lang/Throwable;)V (18 bytes) @ 0x0000000113eae980 [0x0000000113eae8c0+0x00000000000000c0]
J 11478 c2 com.mongodb.internal.async.AsyncSupplier$$Lambda$739+0x00000088013cf838.onResult(Ljava/lang/Object;Ljava/lang/Throwable;)V (14 bytes) @ 0x000000011ab33928 [0x000000011ab338c0+0x0000000000000068]
J 11478 c2 com.mongodb.internal.async.AsyncSupplier$$Lambda$739+0x00000088013cf838.onResult(Ljava/lang/Object;Ljava/lang/Throwable;)V (14 bytes) @ 0x000000011ab33928 [0x000000011ab338c0+0x0000000000000068]
J 11478 c2 com.mongodb.internal.async.AsyncSupplier$$Lambda$739+0x00000088013cf838.onResult(Ljava/lang/Object;Ljava/lang/Throwable;)V (14 bytes) @ 0x000000011ab33928 [0x000000011ab338c0+0x0000000000000068]
j  com.mongodb.internal.async.SingleResultCallback.completeExceptionally(Ljava/lang/Throwable;)V+9
J 16919 c1 com.mongodb.internal.async.AsyncSupplier$$Lambda$1375+0x000000880169a110.onResult(Ljava/lang/Object;Ljava/lang/Throwable;)V (14 bytes) @ 0x0000000114372120 [0x0000000114371e80+0x00000000000002a0]
J 11478 c2 com.mongodb.internal.async.AsyncSupplier$$Lambda$739+0x00000088013cf838.onResult(Ljava/lang/Object;Ljava/lang/Throwable;)V (14 bytes) @ 0x000000011ab33928 [0x000000011ab338c0+0x0000000000000068]
J 12239 c1 com.mongodb.internal.connection.DefaultServer.getConnectionAsync(Lcom/mongodb/internal/connection/OperationContext;Lcom/mongodb/internal/async/SingleResultCallback;)V (74 bytes) @ 0x000000011346bc60 [0x000000011346ae40+0x0000000000000e20]
J 12238 c1 com.mongodb.internal.binding.AsyncClusterBinding$AsyncClusterBindingConnectionSource.getConnection(Lcom/mongodb/internal/connection/OperationContext;Lcom/mongodb/internal/async/SingleResultCallback;)V (15 bytes) @ 0x000000011346ce34 [0x000000011346cd00+0x0000000000000134]
J 12237 c1 com.mongodb.reactivestreams.client.internal.ClientSessionBinding$SessionBindingAsyncConnectionSource.getConnection(Lcom/mongodb/internal/connection/OperationContext;Lcom/mongodb/internal/async/SingleResultCallback;)V (85 bytes) @ 0x000000011346dc44 [0x000000011346d340+0x0000000000000904]
J 16870 c1 com.mongodb.internal.operation.AsyncCommandCursor$ResourceManager.getConnection(Lcom/mongodb/internal/connection/OperationContext;Lcom/mongodb/internal/async/SingleResultCallback;)V (74 bytes) @ 0x000000011434f3d4 [0x000000011434eb80+0x0000000000000854]
J 16883 c1 com.mongodb.internal.operation.AsyncCommandCursor$ResourceManager$$Lambda$1371+0x00000088016990f8.unsafeFinish(Lcom/mongodb/internal/async/SingleResultCallback;)V (13 bytes) @ 0x0000000114354834 [0x0000000114354740+0x00000000000000f4]
J 11475 c2 com.mongodb.internal.async.AsyncSupplier.finish(Lcom/mongodb/internal/async/SingleResultCallback;)V (45 bytes) @ 0x000000011ab33d80 [0x000000011ab33cc0+0x00000000000000c0]
J 15721 c2 com.mongodb.internal.async.AsyncRunnable$$Lambda$743+0x00000088013d1af0.unsafeFinish(Lcom/mongodb/internal/async/SingleResultCallback;)V (15 bytes) @ 0x000000011b0deb5c [0x000000011b0dea80+0x00000000000000dc]
J 16863 c1 com.mongodb.internal.async.AsyncSupplier$$Lambda$1374+0x0000008801699d90.unsafeFinish(Lcom/mongodb/internal/async/SingleResultCallback;)V (15 bytes) @ 0x000000011434b930 [0x000000011434b200+0x0000000000000730]
J 11475 c2 com.mongodb.internal.async.AsyncSupplier.finish(Lcom/mongodb/internal/async/SingleResultCallback;)V (45 bytes) @ 0x000000011ab33d80 [0x000000011ab33cc0+0x00000000000000c0]
J 14283 c1 com.mongodb.internal.operation.AsyncCommandCursor$ResourceManager.lambda$releaseResourcesAsync$5(Lcom/mongodb/internal/connection/OperationContext;Lcom/mongodb/internal/async/SingleResultCallback;)V (62 bytes) @ 0x00000001135e70c4 [0x00000001135e5f00+0x00000000000011c4]
J 14282 c1 com.mongodb.internal.operation.AsyncCommandCursor$ResourceManager$$Lambda$1364+0x0000008801698228.unsafeFinish(Lcom/mongodb/internal/async/SingleResultCallback;)V (13 bytes) @ 0x0000000113ee5e74 [0x0000000113ee5dc0+0x00000000000000b4]
J 11475 c2 com.mongodb.internal.async.AsyncSupplier.finish(Lcom/mongodb/internal/async/SingleResultCallback;)V (45 bytes) @ 0x000000011ab33d80 [0x000000011ab33cc0+0x00000000000000c0]
J 14186 c2 com.mongodb.internal.async.AsyncRunnable$$Lambda$736+0x00000088013cedc0.unsafeFinish(Lcom/mongodb/internal/async/SingleResultCallback;)V (15 bytes) @ 0x000000011ad9271c [0x000000011ad92640+0x00000000000000dc]
J 11475 c2 com.mongodb.internal.async.AsyncSupplier.finish(Lcom/mongodb/internal/async/SingleResultCallback;)V (45 bytes) @ 0x000000011ab33d80 [0x000000011ab33cc0+0x00000000000000c0]
J 10834 c1 com.mongodb.internal.async.AsyncSupplier$$Lambda$1129+0x00000088015ab5a8.unsafeFinish(Lcom/mongodb/internal/async/SingleResultCallback;)V (19 bytes) @ 0x00000001139b1178 [0x00000001139b0a00+0x0000000000000778]
J 11475 c2 com.mongodb.internal.async.AsyncSupplier.finish(Lcom/mongodb/internal/async/SingleResultCallback;)V (45 bytes) @ 0x000000011ab33d80 [0x000000011ab33cc0+0x00000000000000c0]
J 11264 c1 com.mongodb.internal.async.AsyncRunnable$$Lambda$1137+0x00000088015aeb90.unsafeFinish(Lcom/mongodb/internal/async/SingleResultCallback;)V (17 bytes) @ 0x000000011366db74 [0x000000011366d300+0x0000000000000874]
J 11475 c2 com.mongodb.internal.async.AsyncSupplier.finish(Lcom/mongodb/internal/async/SingleResultCallback;)V (45 bytes) @ 0x000000011ab33d80 [0x000000011ab33cc0+0x00000000000000c0]
J 14186 c2 com.mongodb.internal.async.AsyncRunnable$$Lambda$736+0x00000088013cedc0.unsafeFinish(Lcom/mongodb/internal/async/SingleResultCallback;)V (15 bytes) @ 0x000000011ad9271c [0x000000011ad92640+0x00000000000000dc]
J 11475 c2 com.mongodb.internal.async.AsyncSupplier.finish(Lcom/mongodb/internal/async/SingleResultCallback;)V (45 bytes) @ 0x000000011ab33d80 [0x000000011ab33cc0+0x00000000000000c0]
J 13900 c1 com.mongodb.internal.async.AsyncSupplier.thenAlwaysRunAndFinish(Ljava/lang/Runnable;Lcom/mongodb/internal/async/SingleResultCallback;)V (14 bytes) @ 0x000000011343471c [0x0000000113434100+0x000000000000061c]
J 14279 c1 com.mongodb.internal.operation.AsyncCommandCursor$ResourceManager.releaseResourcesAsync(Lcom/mongodb/internal/connection/OperationContext;Lcom/mongodb/internal/async/SingleResultCallback;)V (35 bytes) @ 0x00000001135e9e1c [0x00000001135e84c0+0x000000000000195c]
J 16846 c1 com.mongodb.internal.operation.AsyncCommandCursor$ResourceManager$$Lambda$1355+0x0000008801693db0.run()V (12 bytes) @ 0x0000000114343574 [0x0000000114342a00+0x0000000000000b74]
J 11152 c1 com.mongodb.internal.async.function.AsyncCallbackSupplier$$Lambda$1094+0x00000088015a31a0.run()V (12 bytes) @ 0x0000000112f75084 [0x0000000112f74f00+0x0000000000000184]
J 11151 c1 com.mongodb.internal.async.function.AsyncCallbackSupplier.lambda$whenComplete$1(Ljava/lang/Runnable;Lcom/mongodb/internal/async/SingleResultCallback;Ljava/lang/Object;Ljava/lang/Throwable;)V (53 bytes) @ 0x0000000112f760f8 [0x0000000112f76000+0x00000000000000f8]
J 11150 c1 com.mongodb.internal.async.function.AsyncCallbackSupplier$$Lambda$1096+0x00000088015a3600.onResult(Ljava/lang/Object;Ljava/lang/Throwable;)V (14 bytes) @ 0x0000000112f768fc [0x0000000112f76840+0x00000000000000bc]
j  com.mongodb.internal.operation.AsyncCommandCursor$ResourceManager.lambda$executeWithConnection$8(Lcom/mongodb/internal/connection/AsyncConnection;Lcom/mongodb/internal/async/SingleResultCallback;Ljava/lang/Object;Ljava/lang/Throwable;)V+23
j  com.mongodb.internal.operation.AsyncCommandCursor$ResourceManager$$Lambda$1432+0x00000088016b2880.onResult(Ljava/lang/Object;Ljava/lang/Throwable;)V+14
J 14277 c1 com.mongodb.internal.operation.AsyncCommandCursor.lambda$getMoreLoop$2(Lcom/mongodb/ServerCursor;Lcom/mongodb/internal/async/SingleResultCallback;Lcom/mongodb/internal/connection/AsyncConnection;Lcom/mongodb/internal/connection/OperationContext;Lorg/bson/BsonDocument;Ljava/lang/Throwable;)V (161 bytes) @ 0x0000000113faa800 [0x0000000113fa9f00+0x0000000000000900]
J 14276 c1 com.mongodb.internal.operation.AsyncCommandCursor$$Lambda$1433+0x00000088016b2cf0.onResult(Ljava/lang/Object;Ljava/lang/Throwable;)V (29 bytes) @ 0x0000000113b1a99c [0x0000000113b1a7c0+0x00000000000001dc]
J 14185 c2 com.mongodb.internal.async.ErrorHandlingResultCallback.onResult(Ljava/lang/Object;Ljava/lang/Throwable;)V (28 bytes) @ 0x000000011ad93080 [0x000000011ad93040+0x0000000000000040]
J 11636 c1 com.mongodb.internal.connection.DefaultServer$DefaultServerProtocolExecutor.lambda$executeAsync$0(Lcom/mongodb/internal/connection/InternalConnection;Lcom/mongodb/internal/async/SingleResultCallback;Lcom/mongodb/internal/session/SessionContext;Ljava/lang/Object;Ljava/lang/Throwable;)V (221 bytes) @ 0x00000001130029b8 [0x0000000113001380+0x0000000000001638]
J 11635 c1 com.mongodb.internal.connection.DefaultServer$DefaultServerProtocolExecutor$$Lambda$1144+0x00000088015b48c0.onResult(Ljava/lang/Object;Ljava/lang/Throwable;)V (22 bytes) @ 0x0000000113006208 [0x0000000113006140+0x00000000000000c8]
J 14185 c2 com.mongodb.internal.async.ErrorHandlingResultCallback.onResult(Ljava/lang/Object;Ljava/lang/Throwable;)V (28 bytes) @ 0x000000011ad93080 [0x000000011ad93040+0x0000000000000040]
J 11633 c1 com.mongodb.internal.connection.CommandProtocolImpl$$Lambda$1145+0x00000088015b4b28.onResult(Ljava/lang/Object;Ljava/lang/Throwable;)V (10 bytes) @ 0x000000011300681c [0x0000000113006580+0x000000000000029c]
J 11631 c1 com.mongodb.internal.connection.UsageTrackingInternalConnection$$Lambda$1146+0x00000088015b4d90.onResult(Ljava/lang/Object;Ljava/lang/Throwable;)V (14 bytes) @ 0x000000011300798c [0x00000001130077c0+0x00000000000001cc]
J 14185 c2 com.mongodb.internal.async.ErrorHandlingResultCallback.onResult(Ljava/lang/Object;Ljava/lang/Throwable;)V (28 bytes) @ 0x000000011ad93080 [0x000000011ad93040+0x0000000000000040]
J 15526 c2 com.mongodb.internal.async.SingleResultCallback.complete(Ljava/lang/Object;)V (9 bytes) @ 0x000000011aad3740 [0x000000011aad36c0+0x0000000000000080]
J 10838 c1 com.mongodb.internal.async.AsyncSupplier.lambda$onErrorIf$7(Lcom/mongodb/internal/async/SingleResultCallback;Ljava/util/function/Predicate;Lcom/mongodb/internal/async/AsyncFunction;Ljava/lang/Object;Ljava/lang/Throwable;)V (70 bytes) @ 0x00000001138fcf80 [0x00000001138fcb80+0x0000000000000400]
J 10837 c1 com.mongodb.internal.async.AsyncSupplier$$Lambda$1130+0x00000088015ab888.onResult(Ljava/lang/Object;Ljava/lang/Throwable;)V (18 bytes) @ 0x0000000113eae980 [0x0000000113eae8c0+0x00000000000000c0]
J 11478 c2 com.mongodb.internal.async.AsyncSupplier$$Lambda$739+0x00000088013cf838.onResult(Ljava/lang/Object;Ljava/lang/Throwable;)V (14 bytes) @ 0x000000011ab33928 [0x000000011ab338c0+0x0000000000000068]
J 11478 c2 com.mongodb.internal.async.AsyncSupplier$$Lambda$739+0x00000088013cf838.onResult(Ljava/lang/Object;Ljava/lang/Throwable;)V (14 bytes) @ 0x000000011ab33928 [0x000000011ab338c0+0x0000000000000068]
J 11478 c2 com.mongodb.internal.async.AsyncSupplier$$Lambda$739+0x00000088013cf838.onResult(Ljava/lang/Object;Ljava/lang/Throwable;)V (14 bytes) @ 0x000000011ab33928 [0x000000011ab338c0+0x0000000000000068]
J 12456 c1 com.mongodb.internal.connection.InternalStreamConnection.lambda$sendCommandMessageAsync$14(Lcom/mongodb/internal/connection/CommandEventSender;Lcom/mongodb/internal/async/SingleResultCallback;Lcom/mongodb/internal/connection/OperationContext;ILorg/bson/codecs/Decoder;Lcom/mongodb/internal/connection/ResponseBuffers;Ljava/lang/Throwable;)V (183 bytes) @ 0x0000000112fc943c [0x0000000112fc8a80+0x00000000000009bc]
J 12455 c1 com.mongodb.internal.connection.InternalStreamConnection$$Lambda$1138+0x00000088015af188.onResult(Ljava/lang/Object;Ljava/lang/Throwable;)V (33 bytes) @ 0x0000000112fcd920 [0x0000000112fcd740+0x00000000000001e0]
J 12461 c1 com.mongodb.internal.connection.InternalStreamConnection$MessageHeaderCallback$MessageCallback.onResult(Lorg/bson/ByteBuf;Ljava/lang/Throwable;)V (249 bytes) @ 0x00000001130d7050 [0x00000001130d65c0+0x0000000000000a90]
J 12460 c1 com.mongodb.internal.connection.InternalStreamConnection$MessageHeaderCallback$MessageCallback.onResult(Ljava/lang/Object;Ljava/lang/Throwable;)V (10 bytes) @ 0x0000000112fc537c [0x0000000112fc51c0+0x00000000000001bc]
J 10901 c1 com.mongodb.internal.connection.InternalStreamConnection$2.completed(Ljava/lang/Object;)V (9 bytes) @ 0x0000000113055c20 [0x0000000113055980+0x00000000000002a0]
J 14332 c2 com.mongodb.connection.AsyncCompletionHandler$$Lambda$737+0x00000088013cf370.onResult(Ljava/lang/Object;Ljava/lang/Throwable;)V (12 bytes) @ 0x000000011b042dec [0x000000011b042d80+0x000000000000006c]
J 11478 c2 com.mongodb.internal.async.AsyncSupplier$$Lambda$739+0x00000088013cf838.onResult(Ljava/lang/Object;Ljava/lang/Throwable;)V (14 bytes) @ 0x000000011ab33928 [0x000000011ab338c0+0x0000000000000068]
J 15526 c2 com.mongodb.internal.async.SingleResultCallback.complete(Ljava/lang/Object;)V (9 bytes) @ 0x000000011aad3740 [0x000000011aad36c0+0x0000000000000080]
J 15734 c1 com.mongodb.internal.connection.AsynchronousChannelStream$BasicCompletionHandler.lambda$completed$0(Ljava/lang/Integer;Lcom/mongodb/internal/async/SingleResultCallback;)V (128 bytes) @ 0x00000001137572f8 [0x0000000113756840+0x0000000000000ab8]
J 14888 c2 com.mongodb.internal.connection.AsynchronousChannelStream$BasicCompletionHandler$$Lambda$742+0x00000088013d13b0.unsafeFinish(Lcom/mongodb/internal/async/SingleResultCallback;)V (13 bytes) @ 0x000000011abca67c [0x000000011abca640+0x000000000000003c]
J 11475 c2 com.mongodb.internal.async.AsyncSupplier.finish(Lcom/mongodb/internal/async/SingleResultCallback;)V (45 bytes) @ 0x000000011ab33d80 [0x000000011ab33cc0+0x00000000000000c0]
J 15740 c2 com.mongodb.internal.connection.AsynchronousChannelStream$BasicCompletionHandler.completed(Ljava/lang/Object;Ljava/lang/Object;)V (13 bytes) @ 0x000000011b0e17e4 [0x000000011b0e1640+0x00000000000001a4]
J 17030 c2 sun.nio.ch.UnixAsynchronousSocketChannelImpl.implRead(ZLjava/nio/ByteBuffer;[Ljava/nio/ByteBuffer;JLjava/util/concurrent/TimeUnit;Ljava/lang/Object;Ljava/nio/channels/CompletionHandler;)Ljava/util/concurrent/Future; java.base@17.0.18 (462 bytes) @ 0x000000011b1ce0ac [0x000000011b1cd8c0+0x00000000000007ec]
J 14394 c2 com.mongodb.internal.connection.AsynchronousSocketChannelStream$AsynchronousSocketChannelAdapter.read(Ljava/nio/ByteBuffer;JLjava/util/concurrent/TimeUnit;Ljava/lang/Object;Ljava/nio/channels/CompletionHandler;)V (16 bytes) @ 0x000000011ad5669c [0x000000011ad56500+0x000000000000019c]
J 16946 c1 com.mongodb.internal.connection.AsynchronousChannelStream.readAsync(ILcom/mongodb/internal/connection/OperationContext;Lcom/mongodb/connection/AsyncCompletionHandler;)V (55 bytes) @ 0x00000001143831a0 [0x0000000114382c00+0x00000000000005a0]
J 10899 c1 com.mongodb.internal.connection.InternalStreamConnection.readAsync(ILcom/mongodb/internal/connection/OperationContext;Lcom/mongodb/internal/async/SingleResultCallback;)V (74 bytes) @ 0x000000011396417c [0x0000000113963dc0+0x00000000000003bc]
J 12454 c1 com.mongodb.internal.connection.InternalStreamConnection$MessageHeaderCallback.onResult(Lorg/bson/ByteBuf;Ljava/lang/Throwable;)V (121 bytes) @ 0x0000000112fcc6ac [0x0000000112fcc300+0x00000000000003ac]
J 12453 c1 com.mongodb.internal.connection.InternalStreamConnection$MessageHeaderCallback.onResult(Ljava/lang/Object;Ljava/lang/Throwable;)V (10 bytes) @ 0x0000000112fcde7c [0x0000000112fcdcc0+0x00000000000001bc]
J 10901 c1 com.mongodb.internal.connection.InternalStreamConnection$2.completed(Ljava/lang/Object;)V (9 bytes) @ 0x0000000113055c20 [0x0000000113055980+0x00000000000002a0]
J 14332 c2 com.mongodb.connection.AsyncCompletionHandler$$Lambda$737+0x00000088013cf370.onResult(Ljava/lang/Object;Ljava/lang/Throwable;)V (12 bytes) @ 0x000000011b042dec [0x000000011b042d80+0x000000000000006c]
J 11478 c2 com.mongodb.internal.async.AsyncSupplier$$Lambda$739+0x00000088013cf838.onResult(Ljava/lang/Object;Ljava/lang/Throwable;)V (14 bytes) @ 0x000000011ab33928 [0x000000011ab338c0+0x0000000000000068]
J 15526 c2 com.mongodb.internal.async.SingleResultCallback.complete(Ljava/lang/Object;)V (9 bytes) @ 0x000000011aad3740 [0x000000011aad36c0+0x0000000000000080]
J 15734 c1 com.mongodb.internal.connection.AsynchronousChannelStream$BasicCompletionHandler.lambda$completed$0(Ljava/lang/Integer;Lcom/mongodb/internal/async/SingleResultCallback;)V (128 bytes) @ 0x00000001137572f8 [0x0000000113756840+0x0000000000000ab8]
J 14888 c2 com.mongodb.internal.connection.AsynchronousChannelStream$BasicCompletionHandler$$Lambda$742+0x00000088013d13b0.unsafeFinish(Lcom/mongodb/internal/async/SingleResultCallback;)V (13 bytes) @ 0x000000011abca67c [0x000000011abca640+0x000000000000003c]
J 11475 c2 com.mongodb.internal.async.AsyncSupplier.finish(Lcom/mongodb/internal/async/SingleResultCallback;)V (45 bytes) @ 0x000000011ab33d80 [0x000000011ab33cc0+0x00000000000000c0]
J 15740 c2 com.mongodb.internal.connection.AsynchronousChannelStream$BasicCompletionHandler.completed(Ljava/lang/Object;Ljava/lang/Object;)V (13 bytes) @ 0x000000011b0e17e4 [0x000000011b0e1640+0x00000000000001a4]
J 17084 c2 sun.nio.ch.UnixAsynchronousSocketChannelImpl.finishRead(Z)V java.base@17.0.18 (352 bytes) @ 0x000000011b2002a0 [0x000000011b1ffac0+0x00000000000007e0]
J 16124 c2 sun.nio.ch.UnixAsynchronousSocketChannelImpl.onEvent(IZ)V java.base@17.0.18 (55 bytes) @ 0x000000011b15930c [0x000000011b159100+0x000000000000020c]
j  sun.nio.ch.KQueuePort$EventHandlerTask.run()V+194 java.base@17.0.18
j  sun.nio.ch.AsynchronousChannelGroupImpl$1.run()V+11 java.base@17.0.18
j  java.util.concurrent.ThreadPoolExecutor.runWorker(Ljava/util/concurrent/ThreadPoolExecutor$Worker;)V+92 java.base@17.0.18
j  java.util.concurrent.ThreadPoolExecutor$Worker.run()V+5 java.base@17.0.18
j  java.lang.Thread.run()V+11 java.base@17.0.18
v  ~StubRoutines::call_stub

siginfo: si_signo: 11 (SIGSEGV), si_code: 2 (SEGV_ACCERR), si_addr: 0x12e000e800000010

Registers:
 x0=0x00000007ec5785e8  x1=0x12e000e800000006  x2=0x00000007ec578540  x3=0x0000000000000002
 x4=0x000000012fa4ca20  x5=0x000000012fa4ca20  x6=0x0000000000000000  x7=0x000000012d2a7228
 x8=0x12e000e800000006  x9=0x0000000000000009 x10=0x12e000e800000000 x11=0x000000006ffcdb10
x12=0x000000012f1ab5f0 x13=0x0000000172577f90 x14=0x000000037fe5bd48 x15=0x00000088015a7ed0
x16=0x0000008801337480 x17=0x0000008801337480 x18=0x0000000000000000 x19=0x00000000000000b9
x20=0x0000000172577fb0 x21=0x000000010b03ff90 x22=0x000000012f7a44b2 x23=0x000000006ffcb7a2
x24=0x000000880169aaf8 x25=0x0000000000000000 x26=0x000000012f7a8360 x27=0x0000000000000000
x28=0x00000007df941e00  fp=0x00000001725777d0  lr=0x0000000133a8ecfc  sp=0x00000001725777a0
pc=0x0000000133efa918 cpsr=0x0000000060000000

Register to memory mapping:

 x0=0x00000007ec5785e8 points into unknown readable memory: 0x12e000e800000006 | 06 00 00 00 e8 00 e0 12
 x1=0x12e000e800000006 is an unknown value
 x2=0x00000007ec578540 points into unknown readable memory: 0x000000d000000011 | 11 00 00 00 d0 00 00 00
 x3=0x0000000000000002 is an unknown value
 x4=0x000000012fa4ca20 is pointing into metadata
 x5=0x000000012fa4ca20 is pointing into metadata
 x6=0x0 is NULL
 x7=0x000000012d2a7228 is pointing into metadata
 x8=0x12e000e800000006 is an unknown value
 x9=0x0000000000000009 is an unknown value
x10=0x12e000e800000000 is an unknown value
x11=1878842128 is a compressed pointer to object: java.util.concurrent.atomic.AtomicInteger 
{0x000000037fe6d880} - klass: 'java/util/concurrent/atomic/AtomicInteger'
 - ---- fields (total size 2 words):
 - private volatile 'value' 'I' @12  1
x12={method} {0x000000012f1ab5f0} 'release' '()I' in 'com/mongodb/internal/binding/AsyncClusterBinding$AsyncClusterBindingConnectionSource'
x13=0x0000000172577f90 is pointing into the stack for thread: 0x00000007df941e00
x14=0x000000037fe5bd48 is an oop: [B 
{0x000000037fe5bd48} - klass: {type array byte}
 - length: 70
x15=0x00000088015a7ed0 is pointing into metadata
x16=0x0000008801337480 is a pointer to class: 
com.mongodb.internal.binding.AsyncConnectionSource {0x0000008801337480}
 - instance size:     2
 - klass size:        64
 - access:            public interface abstract 
 - state:             fully_initialized
 - name:              'com/mongodb/internal/binding/AsyncConnectionSource'
 - super:             'java/lang/Object'
 - sub:               
 - nof implementors:  2
 - arrays:            NULL
 - methods:           Array<T>(0x000000012e5423e8)
 - method ordering:   Array<T>(0x0000008800913ec0)
 - local interfaces:  Array<T>(0x000000012e541db8)
 - trans. interfaces: Array<T>(0x000000012e541db8)
 - constants:         constant pool [40] {0x000000012e542238} for 'com/mongodb/internal/binding/AsyncConnectionSource' cache=0x000000012e5558b8
 - class loader data:  loader data: 0x00000007e5140780 for instance a 'jdk/internal/loader/ClassLoaders$AppClassLoader'{0x0000000300db96d8}
 - source file:       'AsyncConnectionSource.java'
 - class annotations:       Array<T>(0x0000000000000000)
 - class type annotations:  Array<T>(0x0000000000000000)
 - field annotations:       Array<T>(0x0000000000000000)
 - field type annotations:  Array<T>(0x0000000000000000)
 - inner classes:     Array<T>(0x00000088005d4f38)
 - nest members:     Array<T>(0x00000088005d4f38)
 - permitted subclasses:     Array<T>(0x00000088005d4f38)
 - java mirror:       a 'java/lang/Class'{0x0000000301672d98} = 'com/mongodb/internal/binding/AsyncConnectionSource'
 - vtable length      5  (start addr: 0x0000008801337650)
 - itable length      0 (start addr: 0x0000008801337678)
 - ---- static fields (0 words):
 - ---- non-static fields (0 words):
 - non-static oop maps: 
x17=0x0000008801337480 is a pointer to class: 
com.mongodb.internal.binding.AsyncConnectionSource {0x0000008801337480}
 - instance size:     2
 - klass size:        64
 - access:            public interface abstract 
 - state:             fully_initialized
 - name:              'com/mongodb/internal/binding/AsyncConnectionSource'
 - super:             'java/lang/Object'
 - sub:               
 - nof implementors:  2
 - arrays:            NULL
 - methods:           Array<T>(0x000000012e5423e8)
 - method ordering:   Array<T>(0x0000008800913ec0)
 - local interfaces:  Array<T>(0x000000012e541db8)
 - trans. interfaces: Array<T>(0x000000012e541db8)
 - constants:         constant pool [40] {0x000000012e542238} for 'com/mongodb/internal/binding/AsyncConnectionSource' cache=0x000000012e5558b8
 - class loader data:  loader data: 0x00000007e5140780 for instance a 'jdk/internal/loader/ClassLoaders$AppClassLoader'{0x0000000300db96d8}
 - source file:       'AsyncConnectionSource.java'
 - class annotations:       Array<T>(0x0000000000000000)
 - class type annotations:  Array<T>(0x0000000000000000)
 - field annotations:       Array<T>(0x0000000000000000)
 - field type annotations:  Array<T>(0x0000000000000000)
 - inner classes:     Array<T>(0x00000088005d4f38)
 - nest members:     Array<T>(0x00000088005d4f38)
 - permitted subclasses:     Array<T>(0x00000088005d4f38)
 - java mirror:       a 'java/lang/Class'{0x0000000301672d98} = 'com/mongodb/internal/binding/AsyncConnectionSource'
 - vtable length      5  (start addr: 0x0000008801337650)
 - itable length      0 (start addr: 0x0000008801337678)
 - ---- static fields (0 words):
 - ---- non-static fields (0 words):
 - non-static oop maps: 
x18=0x0 is NULL
x19=0x00000000000000b9 is an unknown value
x20=0x0000000172577fb0 is pointing into the stack for thread: 0x00000007df941e00
x21=0x000000010b03ff90: _ZN19TemplateInterpreter13_active_tableE+0 in /Users/jeff/.sdkman/candidates/java/17.0.18-tem/lib/server/libjvm.dylib at 0x000000010a3d4000
x22=0x000000012f7a44b2 is pointing into metadata
x23=1878833058 is a compressed pointer to object: [B 
{0x000000037fe5bd10} - klass: {type array byte}
 - length: 34
x24=0x000000880169aaf8 is pointing into metadata
x25=0x0 is NULL
x26=0x000000012f7a8360 is pointing into metadata
x27=0x0 is NULL
x28=0x00000007df941e00 is a thread


Top of Stack: (sp=0x00000001725777a0)
0x00000001725777a0:   000000880169aaf8 000000006ffcb7a2
0x00000001725777b0:   000000012f7a44b2 000000010b03ff90
0x00000001725777c0:   0000000172577fb0 00000000000000b9
0x00000001725777d0:   00000001725777e0 0000000133a8ecfc
0x00000001725777e0:   0000000172577840 000000011ae018c0
0x00000001725777f0:   000000030e598b78 000000037fe56a60
0x0000000172577800:   000000037fe56ab8 00001a0a00000000
0x0000000172577810:   000000012fe15430 000000037fe57938
0x0000000172577820:   0000000000000000 00000088001b2268
0x0000000172577830:   00000003017bf7b8 00000007df941e00
0x0000000172577840:   0000000000000001 0000000112f25ef8
0x0000000172577850:   0000000000000002 0000000000000000
0x0000000172577860:   0000000000000000 0000000000000000
0x0000000172577870:   00000003029a4900 0000000382127428
0x0000000172577880:   000000037fe56a50 0000000112fd9f58
0x0000000172577890:   0000000172577970 00000001142e2ce4
0x00000001725778a0:   00000001725779f0 00000001137503b0
0x00000001725778b0:   0000000000000001 00000007df941e00
0x00000001725778c0:   00000001ffffffff 000000010ac1764c
0x00000001725778d0:   0000000000000001 00000001138fbe6c
0x00000001725778e0:   000000012fe15430 00000007df941e00
0x00000001725778f0:   000000012f761aa1 000000010b03ff90
0x0000000172577900:   0000000172577ba8 00000000ffffffff
0x0000000172577910:   000000007036b6cb 0000000000000000
0x0000000172577920:   000000037fe56a50 000000011ab33d80
0x0000000172577930:   000000037fe56920 000000037fe56a38
0x0000000172577940:   00000001725779a0 000000010aafc678
0x0000000172577950:   000000037fe56a28 000000011304b96c
0x0000000172577960:   00000007df941e00 0000000172577988
0x0000000172577970:   0000000070360000 0000000000000000
0x0000000172577980:   0000000172577900 000000037fe569d0
0x0000000172577990:   000000037fe56a28 000000011304c1b4 

Instructions: (pc=0x0000000133efa918)
0x0000000133efa818:   ff fe 9f c8 95 00 00 37 88 02 40 f9 1f f9 40 f2
0x0000000133efa828:   41 03 00 54 c8 15 00 f0 00 01 43 f9 d5 53 01 94
0x0000000133efa838:   fd 7b 48 a9 f4 4f 47 a9 f6 57 46 a9 f8 5f 45 a9
0x0000000133efa848:   ff 43 02 91 c0 03 5f d6 00 09 00 b0 00 3c 1e 91
0x0000000133efa858:   82 15 00 90 42 80 1b 91 61 15 80 52 41 52 01 94
0x0000000133efa868:   20 00 20 d4 c0 15 00 f0 00 00 18 91 d0 48 01 94
0x0000000133efa878:   be 53 01 94 40 f8 ff 34 7f 47 01 94 ac 4e 01 94
0x0000000133efa888:   15 00 00 52 c4 ff ff 17 a9 4e 01 94 c0 fc 07 37
0x0000000133efa898:   28 00 80 52 c9 15 00 f0 28 21 18 39 e2 ff ff 17
0x0000000133efa8a8:   f3 03 00 aa ff fe 9f c8 02 00 00 14 f3 03 00 aa
0x0000000133efa8b8:   e0 23 00 91 b1 02 00 94 e0 03 13 aa d6 52 01 94
0x0000000133efa8c8:   c6 51 01 94 e8 03 00 aa e9 03 28 2a 20 01 40 92
0x0000000133efa8d8:   01 05 00 91 c0 03 5f d6 ff 03 01 d1 f6 57 01 a9
0x0000000133efa8e8:   f4 4f 02 a9 fd 7b 03 a9 fd c3 00 91 29 01 80 52
0x0000000133efa8f8:   07 00 00 14 28 f4 7c 92 eb 03 01 aa 08 fc eb c8
0x0000000133efa908:   7f 01 01 eb 60 0b 00 54 e1 03 0b aa 2a ec 7c 92
0x0000000133efa918:   48 09 40 f9 e8 00 00 b5 eb 03 0a aa 6c 01 40 f9
0x0000000133efa928:   8b 05 00 f9 88 09 40 f9 eb 03 0c aa 88 ff ff b4
0x0000000133efa938:   48 09 00 f9 2b 00 09 8a 7f 05 00 f1 c0 fd ff 54
0x0000000133efa948:   c1 01 18 37 0b 85 40 39 7f 05 00 71 21 02 00 54
0x0000000133efa958:   0b 05 40 f9 eb 01 00 b4 4b 09 00 f9 2c f4 7c 92
0x0000000133efa968:   eb 03 01 aa 0c fc eb c8 7f 01 01 eb 80 05 00 54
0x0000000133efa978:   48 09 00 f9 e5 ff ff 17 2a 02 80 52 eb 03 01 aa
0x0000000133efa988:   0a fc eb c8 7f 01 01 eb 01 fc ff 54 06 00 00 14
0x0000000133efa998:   0a 00 80 d2 eb 03 01 aa 0a fc eb c8 7f 01 01 eb
0x0000000133efa9a8:   41 fb ff 54 33 00 80 52 14 00 80 92 03 00 00 14
0x0000000133efa9b8:   e8 03 15 aa f5 05 00 b4 15 05 40 f9 09 0d 40 f9
0x0000000133efa9c8:   29 06 00 b4 29 01 33 f8 49 06 f8 b7 16 0d 40 f9
0x0000000133efa9d8:   f6 07 00 f9 13 01 02 19 c8 c2 00 91 08 81 73 38
0x0000000133efa9e8:   1f fd 03 71 a0 00 00 54 c8 02 74 f8 1f 05 00 f1
0x0000000133efa9f8:   01 fe ff 54 06 00 00 14 c0 16 40 f9 c5 52 01 94
0x0000000133efaa08:   c8 02 74 f8 1f 05 00 f1 41 fd ff 54 bf 39 03 d5 


Stack slot to memory mapping:
stack at sp + 0 slots: 0x000000880169aaf8 is pointing into metadata
stack at sp + 1 slots: 1878833058 is a compressed pointer to object: [B 
{0x000000037fe5bd10} - klass: {type array byte}
 - length: 34
stack at sp + 2 slots: 0x000000012f7a44b2 is pointing into metadata
stack at sp + 3 slots: 0x000000010b03ff90: _ZN19TemplateInterpreter13_active_tableE+0 in /Users/jeff/.sdkman/candidates/java/17.0.18-tem/lib/server/libjvm.dylib at 0x000000010a3d4000
stack at sp + 4 slots: 0x0000000172577fb0 is pointing into the stack for thread: 0x00000007df941e00
stack at sp + 5 slots: 0x00000000000000b9 is an unknown value
stack at sp + 6 slots: 0x00000001725777e0 is pointing into the stack for thread: 0x00000007df941e00
stack at sp + 7 slots: 0x0000000133a8ecfc: Java_com_mongodb_internal_rust_JniBindings_releaseSession+0x1c in /Users/jeff/git/m/mongo-java-driver/build/jnaLibs/rust-core/libmongo_rust_core.dylib at 0x0000000133a08000


Compiled method (n/a) 339423 10604     n 0       com.mongodb.internal.rust.JniBindings::releaseSession (native)
 total in heap  [0x000000011ae01690,0x000000011ae019e0] = 848
 relocation     [0x000000011ae017e8,0x000000011ae01818] = 48
 main code      [0x000000011ae01840,0x000000011ae019c8] = 392
 oops           [0x000000011ae019c8,0x000000011ae019d8] = 16
 metadata       [0x000000011ae019d8,0x000000011ae019e0] = 8

[Constant Pool (empty)]

[MachCode]
[Entry Point]
  # {method} {0x000000012ea31658} 'releaseSession' '(JJ)V' in 'com/mongodb/internal/rust/JniBindings'
  # parm0:    c_rarg1:c_rarg1 
                        = long
  # parm1:    c_rarg2:c_rarg2 
                        = long
  #           [sp+0x60]  (sp of caller)
  0x000000011ae01840: 2808 40b9 | 3f01 086b | 4000 0054 

  0x000000011ae0184c: ;   {runtime_call ic_miss_stub}
  0x000000011ae0184c: eddc d617 
[Verified Entry Point]
  0x000000011ae01850: 1f20 03d5 | e953 40d1 | 3f01 00f9 | fd7b bfa9 | fd03 0091 | ff43 01d1 | e303 02aa | e203 01aa 
  0x000000011ae01870: ;   {oop(a 'java/lang/Class'{0x00000003017bf7b8} = 'com/mongodb/internal/rust/JniBindings')}
  0x000000011ae01870: 01f7 9ed2 | 612f a0f2 | 6100 c0f2 | e123 00f9 | e103 0191 | e801 0010 | 884f 01f9 | e803 0091 
  0x000000011ae01890: 884b 01f9 

  0x000000011ae01894: ;   {external_word}
  0x000000011ae01894: 4811 f8d0 | 08a9 5339 | 0806 0035 | 80c3 0a91 | e803 7eb2 | 89e3 0c91 | 28fd 9f88 

  0x000000011ae018b0: ;   {runtime_call Java_com_mongodb_internal_rust_JniBindings_releaseSession}
  0x000000011ae018b0: 089c 9dd2 | 0875 a6f2 | 2800 c0f2 | 0001 3fd6 | a800 80d2 | 883b 03b9 | bf3b 03d5 | 8803 0d91 
  0x000000011ae018d0: 08fd dfc8 | bf03 08eb | 6803 0054 | 882b 43b9 | 2803 0035 | e803 7db2 | 89e3 0c91 | 28fd 9f88 
  0x000000011ae018f0: 88a3 4e39 | 1f09 0071 | c001 0054 

  0x000000011ae018fc: ;   {external_word}
  0x000000011ae018fc: 4811 f8d0 | 08a9 5339 | a804 0035 | 9f4b 01f9 | 9f4f 01f9 | 826f 40f9 | 5f80 00f9 | bf03 0091 
  0x000000011ae0191c: fd7b c1a8 | 8807 40f9 | 4800 00b5 | c003 5fd6 

  0x000000011ae0192c: ;   {runtime_call StubRoutines (1)}
  0x000000011ae0192c: d5d9 d517 

  0x000000011ae01930: ;   {runtime_call SharedRuntime::reguard_yellow_pages()}
  0x000000011ae01930: 8864 98d2 | 2858 a1f2 | 2800 c0f2 | 0001 3fd6 | efff ff17 | e003 1caa 

  0x000000011ae01948: ;   {runtime_call JavaThread::check_special_condition_for_native_trans(JavaThread*)}
  0x000000011ae01948: 084e 9bd2 | e85a a1f2 | 2800 c0f2 | 0001 3fd6 | e3ff ff17 | e10b bea9 | e37f 01a9 

  0x000000011ae01964: ;   {metadata({method} {0x000000012ea31658} 'releaseSession' '(JJ)V' in 'com/mongodb/internal/rust/JniBindings')}
  0x000000011ae01964: 01cb 82d2 | 61d4 a5f2 | 2100 c0f2 | e003 1caa | e833 bfa9 | 082e 94d2 | 2858 a1f2 | 2800 c0f2 
  0x000000011ae01984: 0001 3fd6 | e833 c1a8 | e37f 41a9 | e10b c2a8 | c3ff ff17 

  0x000000011ae01998: ;   {metadata({method} {0x000000012ea31658} 'releaseSession' '(JJ)V' in 'com/mongodb/internal/rust/JniBindings')}
  0x000000011ae01998: 01cb 82d2 | 61d4 a5f2 | 2100 c0f2 | e003 1caa | e833 bfa9 | 0842 94d2 | 2858 a1f2 | 2800 c0f2 
  0x000000011ae019b8: 0001 3fd6 | e833 c1a8 | d2ff ff17 | 0000 0000 
[/MachCode]


Compiled method (c1) 339430 16731       3       java.util.concurrent.atomic.AtomicIntegerFieldUpdater$AtomicIntegerFieldUpdaterImpl::addAndGet (9 bytes)
 total in heap  [0x00000001142e2a90,0x00000001142e2e48] = 952
 relocation     [0x00000001142e2be8,0x00000001142e2c20] = 56
 main code      [0x00000001142e2c40,0x00000001142e2d80] = 320
 stub code      [0x00000001142e2d80,0x00000001142e2dc8] = 72
 metadata       [0x00000001142e2dc8,0x00000001142e2de0] = 24
 scopes data    [0x00000001142e2de0,0x00000001142e2e00] = 32
 scopes pcs     [0x00000001142e2e00,0x00000001142e2e40] = 64
 dependencies   [0x00000001142e2e40,0x00000001142e2e48] = 8

[Constant Pool (empty)]

[MachCode]
[Entry Point]
  # {method} {0x000000012e945d20} 'addAndGet' '(Ljava/lang/Object;I)I' in 'java/util/concurrent/atomic/AtomicIntegerFieldUpdater$AtomicIntegerFieldUpdaterImpl'
  # this:     c_rarg1:c_rarg1 
                        = 'java/util/concurrent/atomic/AtomicIntegerFieldUpdater$AtomicIntegerFieldUpdaterImpl'
  # parm0:    c_rarg2:c_rarg2 
                        = 'java/lang/Object'
  # parm1:    c_rarg3   = int
  #           [sp+0x40]  (sp of caller)
  0x00000001142e2c40: 2808 40b9 | 3f01 086b | c001 0054 

  0x00000001142e2c4c: ;   {runtime_call ic_miss_stub}
  0x00000001142e2c4c: ed57 8315 | 1f20 03d5 | 1f20 03d5 | 1f20 03d5 | 1f20 03d5 | 1f20 03d5 | 1f20 03d5 | 1f20 03d5 
  0x00000001142e2c6c: 1f20 03d5 | 1f20 03d5 | 1f20 03d5 | 1f20 03d5 | 1f20 03d5 
[Verified Entry Point]
  0x00000001142e2c80: 1f20 03d5 | e953 40d1 | 3f01 00f9 | ff03 01d1 | fd7b 03a9 

  0x00000001142e2c94: ;   {metadata(method data for {method} {0x000000012e945d20} 'addAndGet' '(Ljava/lang/Object;I)I' in 'java/util/concurrent/atomic/AtomicIntegerFieldUpdater$AtomicIntegerFieldUpdaterImpl')}
  0x00000001142e2c94: 0095 91d2 | e0ff a5f2 | 2000 c0f2 | 04ac 40b9 | 8408 0011 | 04ac 00b9 | 8424 1f12 | 9f00 0071 
  0x00000001142e2cb4: 8002 0054 | e003 01aa 

  0x00000001142e2cbc: ;   {metadata(method data for {method} {0x000000012e945d20} 'addAndGet' '(Ljava/lang/Object;I)I' in 'java/util/concurrent/atomic/AtomicIntegerFieldUpdater$AtomicIntegerFieldUpdaterImpl')}
  0x00000001142e2cbc: 0495 91d2 | e4ff a5f2 | 2400 c0f2 | 8878 40f9 | 0805 0091 | 8878 00f9 | e003 03aa | e303 00aa 
  0x00000001142e2cdc: e023 00b9 

  0x00000001142e2ce0: ; ImmutableOopMap {}
                      ;*invokevirtual getAndAdd {reexecute=0 rethrow=0 return_oop=0}
                      ; - java.util.concurrent.atomic.AtomicIntegerFieldUpdater$AtomicIntegerFieldUpdaterImpl::addAndGet@3 (line 541)
                      ;   {optimized virtual_call}
  0x00000001142e2ce0: bc7c a495 | e323 40b9 | 0000 030b | fd7b 43a9 | ff03 0191 

  0x00000001142e2cf4: ;   {poll_return}
  0x00000001142e2cf4: 88a3 41f9 | ff63 28eb | 4801 0054 | c003 5fd6 

  0x00000001142e2d04: ;   {metadata({method} {0x000000012e945d20} 'addAndGet' '(Ljava/lang/Object;I)I' in 'java/util/concurrent/atomic/AtomicIntegerFieldUpdater$AtomicIntegerFieldUpdaterImpl')}
  0x00000001142e2d04: 08a4 8bd2 | 88d2 a5f2 | 2800 c0f2 | e807 00f9 | 0800 8092 | e803 00f9 

  0x00000001142e2d1c: ; ImmutableOopMap {c_rarg1=Oop c_rarg2=Oop }
                      ;*synchronization entry
                      ; - java.util.concurrent.atomic.AtomicIntegerFieldUpdater$AtomicIntegerFieldUpdaterImpl::addAndGet@-1 (line 541)
                      ;   {runtime_call counter_overflow Runtime1 stub}
  0x00000001142e2d1c: f92b 8695 | e6ff ff17 

  0x00000001142e2d24: ;   {internal_word}
  0x00000001142e2d24: 88fe ff10 | 88af 01f9 

  0x00000001142e2d2c: ;   {runtime_call SafepointBlob}
  0x00000001142e2d2c: 3571 8315 | 1f20 03d5 | 1f20 03d5 | 80eb 41f9 | 9feb 01f9 | 9fef 01f9 | fd7b 43a9 | ff03 0191 
  0x00000001142e2d4c: ;   {runtime_call unwind_exception Runtime1 stub}
  0x00000001142e2d4c: ed16 8615 | 0000 0000 | 0000 0000 | 0000 0000 | 0000 0000 | 0000 0000 | 0000 0000 | 0000 0000 
  0x00000001142e2d6c: 0000 0000 | 0000 0000 | 0000 0000 | 0000 0000 | 0000 0000 
[Stub Code]
  0x00000001142e2d80: ;   {no_reloc}
  0x00000001142e2d80: df3f 03d5 

  0x00000001142e2d84: ;   {metadata(NULL)}
  0x00000001142e2d84: 0c00 80d2 | 0c00 a0f2 | 0c00 c0f2 | 0800 80d2 | 0800 a0f2 | 0800 c0f2 | 0001 1fd6 

  0x00000001142e2da0: ;   {trampoline_stub}
  0x00000001142e2da0: 4800 0058 | 0001 1fd6 | d01f c01a | 0100 0000 
[Exception Handler]
  0x00000001142e2db0: ;   {runtime_call handle_exception_from_callee Runtime1 stub}
  0x00000001142e2db0: 9420 8695 | c1d5 bbd4 | 0ea6 e80a | 0100 0000 
[Deopt Handler Code]
  0x00000001142e2dc0: 1e00 0010 

  0x00000001142e2dc4: ;   {runtime_call DeoptimizationBlob}
  0x00000001142e2dc4: df71 8315 
[/MachCode]


Compiled method (c1) 339435 18537       3       com.mongodb.internal.session.BaseClientSessionImpl::close (37 bytes)
 total in heap  [0x00000001138fb490,0x00000001138fc888] = 5112
 relocation     [0x00000001138fb5e8,0x00000001138fb780] = 408
 main code      [0x00000001138fb780,0x00000001138fc340] = 3008
 stub code      [0x00000001138fc340,0x00000001138fc448] = 264
 oops           [0x00000001138fc448,0x00000001138fc480] = 56
 metadata       [0x00000001138fc480,0x00000001138fc570] = 240
 scopes data    [0x00000001138fc570,0x00000001138fc6c8] = 344
 scopes pcs     [0x00000001138fc6c8,0x00000001138fc848] = 384
 dependencies   [0x00000001138fc848,0x00000001138fc868] = 32
 nul chk table  [0x00000001138fc868,0x00000001138fc888] = 32

[Constant Pool (empty)]

[MachCode]
[Entry Point]
  # {method} {0x000000012eb6fd60} 'close' '()V' in 'com/mongodb/internal/session/BaseClientSessionImpl'
  #           [sp+0x110]  (sp of caller)
  0x00000001138fb780: 2808 40b9 | 3f01 086b | c001 0054 

  0x00000001138fb78c: ;   {runtime_call ic_miss_stub}
  0x00000001138fb78c: 1df5 aa15 | 1f20 03d5 | 1f20 03d5 | 1f20 03d5 | 1f20 03d5 | 1f20 03d5 | 1f20 03d5 | 1f20 03d5 
  0x00000001138fb7ac: 1f20 03d5 | 1f20 03d5 | 1f20 03d5 | 1f20 03d5 | 1f20 03d5 
[Verified Entry Point]
  0x00000001138fb7c0: 1f20 03d5 | e953 40d1 | 3f01 00f9 | ff43 04d1 | fd7b 10a9 | e173 00f9 

  0x00000001138fb7d8: ;   {metadata(method data for {method} {0x000000012eb6fd60} 'close' '()V' in 'com/mongodb/internal/session/BaseClientSessionImpl')}
  0x00000001138fb7d8: 0251 90d2 | c2f4 a5f2 | 2200 c0f2 | 40ac 40b9 | 0008 0011 | 40ac 00b9 | 0024 1f12 | 1f00 0071 
  0x00000001138fb7f8: e04b 0054 | 221c 40b9 | 42f0 7dd3 

  0x00000001138fb804: ; implicit exception: dispatches to 0x00000001138fc194
  0x00000001138fb804: 5f00 40f9 | e003 02aa 

  0x00000001138fb80c: ;   {metadata(method data for {method} {0x000000012eb6fd60} 'close' '()V' in 'com/mongodb/internal/session/BaseClientSessionImpl')}
  0x00000001138fb80c: 0351 90d2 | c3f4 a5f2 | 2300 c0f2 | 6878 40f9 | 0805 0091 | 6878 00f9 

  0x00000001138fb824: ;   {metadata(method data for {method} {0x000000012d0db7c0} 'compareAndSet' '(ZZ)Z' in 'java/util/concurrent/atomic/AtomicBoolean')}
  0x00000001138fb824: 009c 80d2 | 40e8 a5f2 | 2000 c0f2 | 03ac 40b9 | 6308 0011 | 03ac 00b9 | 634c 1f12 | 7f00 0071 
  0x00000001138fb844: a04a 0054 

  0x00000001138fb848: ;   {metadata(method data for {method} {0x000000012d0db7c0} 'compareAndSet' '(ZZ)Z' in 'java/util/concurrent/atomic/AtomicBoolean')}
  0x00000001138fb848: 009c 80d2 | 40e8 a5f2 | 2000 c0f2 | 0378 40f9 | 6304 0091 | 0378 00f9 

  0x00000001138fb860: ;   {metadata(method data for {method} {0x000000012d0db7c0} 'compareAndSet' '(ZZ)Z' in 'java/util/concurrent/atomic/AtomicBoolean')}
  0x00000001138fb860: 009c 80d2 | 40e8 a5f2 | 2000 c0f2 | 039c 40f9 | 6304 0091 | 039c 00f9 

  0x00000001138fb878: ;   {metadata(method data for {method} {0x000000012d0db7c0} 'compareAndSet' '(ZZ)Z' in 'java/util/concurrent/atomic/AtomicBoolean')}
  0x00000001138fb878: 009c 80d2 | 40e8 a5f2 | 2000 c0f2 | 03a4 40f9 | 6304 0091 | 03a4 00f9 

  0x00000001138fb890: ;   {metadata(method data for {method} {0x000000012d0db7c0} 'compareAndSet' '(ZZ)Z' in 'java/util/concurrent/atomic/AtomicBoolean')}
  0x00000001138fb890: 009c 80d2 | 40e8 a5f2 | 2000 c0f2 | 0060 0691 | e303 02aa | 6308 40b9 | 0311 c0f2 | 0904 40f9 
  0x00000001138fb8b0: 6300 09ca | 68f4 7e92 | a800 00b4 | 8300 0837 | 0904 40f9 | 2901 7fb2 | 0904 00f9 

  0x00000001138fb8cc: ;   {metadata(method data for {method} {0x0000008800182e90} 'guard_LII_Z' '(Ljava/lang/invoke/VarHandle;Ljava/lang/Object;IILjava/lang/invoke/VarHandle$AccessDescriptor;)Z' in 'java/lang/invoke/VarHandleGuards')}
  0x00000001138fb8cc: 00a0 83d2 | a0e6 a5f2 | 2000 c0f2 | 00e0 0f91 

  0x00000001138fb8dc: ;   {oop(a 'java/lang/invoke/VarHandleInts$FieldInstanceReadWrite'{0x0000000300da10e8})}
  0x00000001138fb8dc: 031d 82d2 | 431b a0f2 | 6300 c0f2 | e403 03aa | 8400 00b5 | 0900 40f9 | 2901 40b2 | 0900 00f9 
  0x00000001138fb8fc: ;   {metadata(method data for {method} {0x000000012d0db7c0} 'compareAndSet' '(ZZ)Z' in 'java/util/concurrent/atomic/AtomicBoolean')}
  0x00000001138fb8fc: 009c 80d2 | 40e8 a5f2 | 2000 c0f2 | 08b0 40f9 | 0805 0091 | 08b0 00f9 

  0x00000001138fb914: ;   {metadata(method data for {method} {0x0000008800182e90} 'guard_LII_Z' '(Ljava/lang/invoke/VarHandle;Ljava/lang/Object;IILjava/lang/invoke/VarHandle$AccessDescriptor;)Z' in 'java/lang/invoke/VarHandleGuards')}
  0x00000001138fb914: 00a0 83d2 | a0e6 a5f2 | 2000 c0f2 | 04ac 40b9 | 8408 0011 | 04ac 00b9 | 844c 1f12 | 9f00 0071 
  0x00000001138fb934: 2044 0054 

  0x00000001138fb938: ;   {metadata(method data for {method} {0x0000008800182e90} 'guard_LII_Z' '(Ljava/lang/invoke/VarHandle;Ljava/lang/Object;IILjava/lang/invoke/VarHandle$AccessDescriptor;)Z' in 'java/lang/invoke/VarHandleGuards')}
  0x00000001138fb938: 00a0 83d2 | a0e6 a5f2 | 2000 c0f2 | 00a0 0491 

  0x00000001138fb948: ;   {oop(a 'java/lang/invoke/VarHandle$AccessDescriptor'{0x0000000301d4fea0})}
  0x00000001138fb948: 04d4 9fd2 | 843a a0f2 | 6400 c0f2 | 8400 00b5 | 0904 40f9 | 2901 40b2 | 0904 00f9 

  0x00000001138fb964: ;   {metadata(method data for {method} {0x0000008800182e90} 'guard_LII_Z' '(Ljava/lang/invoke/VarHandle;Ljava/lang/Object;IILjava/lang/invoke/VarHandle$AccessDescriptor;)Z' in 'java/lang/invoke/VarHandleGuards')}
  0x00000001138fb964: 00a0 83d2 | a0e6 a5f2 | 2000 c0f2 | 0878 40f9 | 0805 0091 | 0878 00f9 

  0x00000001138fb97c: ;   {metadata(method data for {method} {0x00000088000c7648} 'checkExactAccessMode' '(Ljava/lang/invoke/VarHandle$AccessDescriptor;)V' in 'java/lang/invoke/VarHandle')}
  0x00000001138fb97c: 009f 9fd2 | 60a3 a5f2 | 2000 c0f2 | 03ac 40b9 | 6308 0011 | 03ac 00b9 | 634c 1f12 | 7f00 0071 
  0x00000001138fb99c: e041 0054 

  0x00000001138fb9a0: ;   {metadata(method data for {method} {0x00000088000c7648} 'checkExactAccessMode' '(Ljava/lang/invoke/VarHandle$AccessDescriptor;)V' in 'java/lang/invoke/VarHandle')}
  0x00000001138fb9a0: 009f 9fd2 | 60a3 a5f2 | 2000 c0f2 | 0378 40f9 | 6304 0091 | 0378 00f9 

  0x00000001138fb9b8: ;   {oop(a 'java/lang/invoke/VarHandleInts$FieldInstanceReadWrite'{0x0000000300da10e8})}
  0x00000001138fb9b8: 001d 82d2 | 401b a0f2 | 6000 c0f2 

  0x00000001138fb9c4: ;   {metadata(method data for {method} {0x0000008800182e90} 'guard_LII_Z' '(Ljava/lang/invoke/VarHandle;Ljava/lang/Object;IILjava/lang/invoke/VarHandle$AccessDescriptor;)Z' in 'java/lang/invoke/VarHandleGuards')}
  0x00000001138fb9c4: 03a0 83d2 | a3e6 a5f2 | 2300 c0f2 | 0008 40b9 | 0011 c0f2 | 6940 0591 | 2801 40f9 | 1f00 08eb 
  0x00000001138fb9e4: a100 0054 | 68ac 40f9 | 0805 0091 | 68ac 00f9 | 1c00 0014 | 6980 0591 | 2801 40f9 | 1f00 08eb 
  0x00000001138fba04: a100 0054 | 68b4 40f9 | 0805 0091 | 68b4 00f9 | 1400 0014 | 6940 0591 | 2801 40f9 | c800 00b5 
  0x00000001138fba24: 2001 00f9 | e803 40b2 | 6960 0591 | 2801 00f9 | 0c00 0014 | 6980 0591 | 2801 40f9 | c800 00b5 
  0x00000001138fba44: 2001 00f9 | e803 40b2 | 69a0 0591 | 2801 00f9 | 0400 0014 | 68a0 40f9 | 0805 0091 | 68a0 00f9 
  0x00000001138fba64: ;   {metadata(method data for {method} {0x00000088000c2310} 'isDirect' '()Z' in 'java/lang/invoke/VarHandle')}
  0x00000001138fba64: 0060 81d2 | 80a3 a5f2 | 2000 c0f2 | 03ac 40b9 | 6308 0011 | 03ac 00b9 | 634c 1f12 | 7f00 0071 
  0x00000001138fba84: a03b 0054 

  0x00000001138fba88: ;   {metadata(method data for {method} {0x0000008800182e90} 'guard_LII_Z' '(Ljava/lang/invoke/VarHandle;Ljava/lang/Object;IILjava/lang/invoke/VarHandle$AccessDescriptor;)Z' in 'java/lang/invoke/VarHandleGuards')}
  0x00000001138fba88: 00a0 83d2 | a0e6 a5f2 | 2000 c0f2 | 03c4 40f9 | 6304 0091 | 03c4 00f9 

  0x00000001138fbaa0: ;   {metadata(method data for {method} {0x0000008800182e90} 'guard_LII_Z' '(Ljava/lang/invoke/VarHandle;Ljava/lang/Object;IILjava/lang/invoke/VarHandle$AccessDescriptor;)Z' in 'java/lang/invoke/VarHandleGuards')}
  0x00000001138fbaa0: 00a0 83d2 | a0e6 a5f2 | 2000 c0f2 | 03d4 40f9 | 6304 0091 | 03d4 00f9 

  0x00000001138fbab8: ;   {oop(a 'java/lang/invoke/VarForm'{0x0000000300f4ccc8})}
  0x00000001138fbab8: 0099 99d2 | 801e a0f2 | 6000 c0f2 

  0x00000001138fbac4: ;   {metadata(method data for {method} {0x0000008800182e90} 'guard_LII_Z' '(Ljava/lang/invoke/VarHandle;Ljava/lang/Object;IILjava/lang/invoke/VarHandle$AccessDescriptor;)Z' in 'java/lang/invoke/VarHandleGuards')}
  0x00000001138fbac4: 03a0 83d2 | a3e6 a5f2 | 2300 c0f2 | 68dc 40f9 | 0805 0091 | 68dc 00f9 

  0x00000001138fbadc: ;   {metadata(method data for {method} {0x0000008800180a40} 'getMemberName' '(I)Ljava/lang/invoke/MemberName;' in 'java/lang/invoke/VarForm')}
  0x00000001138fbadc: 009d 81d2 | 80a3 a5f2 | 2000 c0f2 | 03ac 40b9 | 6308 0011 | 03ac 00b9 | 634c 1f12 | 7f00 0071 
  0x00000001138fbafc: e038 0054 

  0x00000001138fbb00: ;   {metadata(method data for {method} {0x0000008800180a40} 'getMemberName' '(I)Ljava/lang/invoke/MemberName;' in 'java/lang/invoke/VarForm')}
  0x00000001138fbb00: 009d 81d2 | 80a3 a5f2 | 2000 c0f2 | 0378 40f9 | 6304 0091 | 0378 00f9 

  0x00000001138fbb18: ;   {metadata(method data for {method} {0x0000008800182e90} 'guard_LII_Z' '(Ljava/lang/invoke/VarHandle;Ljava/lang/Object;IILjava/lang/invoke/VarHandle$AccessDescriptor;)Z' in 'java/lang/invoke/VarHandleGuards')}
  0x00000001138fbb18: 00a0 83d2 | a0e6 a5f2 | 2000 c0f2 | 00c0 0791 

  0x00000001138fbb28: ;   {oop(a 'java/lang/invoke/MemberName'{0x0000000301903b58} = {method} {0x00000088002102d8} 'compareAndSet' '(Ljava/lang/invoke/VarHandle;Ljava/lang/Object;II)Z' in 'java/lang/invoke/VarHandleInts$FieldInstanceReadWrite')}
  0x00000001138fbb28: 036b 87d2 | 0332 a0f2 | 6300 c0f2 | 8300 00b5 | 0900 40f9 | 2901 40b2 | 0900 00f9 

  0x00000001138fbb44: ;   {metadata(method data for {method} {0x0000008800182e90} 'guard_LII_Z' '(Ljava/lang/invoke/VarHandle;Ljava/lang/Object;IILjava/lang/invoke/VarHandle$AccessDescriptor;)Z' in 'java/lang/invoke/VarHandleGuards')}
  0x00000001138fbb44: 00a0 83d2 | a0e6 a5f2 | 2000 c0f2 | 0040 0891 

  0x00000001138fbb54: ;   {oop(a 'java/lang/invoke/VarHandleInts$FieldInstanceReadWrite'{0x0000000300da10e8})}
  0x00000001138fbb54: 031d 82d2 | 431b a0f2 | 6300 c0f2 | 8300 00b5 | 0904 40f9 | 2901 40b2 | 0904 00f9 

  0x00000001138fbb70: ;   {metadata(method data for {method} {0x0000008800182e90} 'guard_LII_Z' '(Ljava/lang/invoke/VarHandle;Ljava/lang/Object;IILjava/lang/invoke/VarHandle$AccessDescriptor;)Z' in 'java/lang/invoke/VarHandleGuards')}
  0x00000001138fbb70: 00a0 83d2 | a0e6 a5f2 | 2000 c0f2 | 0800 41f9 | 0805 0091 | 0800 01f9 

  0x00000001138fbb88: ;   {metadata(method data for {method} {0x00000088002102d8} 'compareAndSet' '(Ljava/lang/invoke/VarHandle;Ljava/lang/Object;II)Z' in 'java/lang/invoke/VarHandleInts$FieldInstanceReadWrite')}
  0x00000001138fbb88: 0022 84d2 | a0e6 a5f2 | 2000 c0f2 | 03ac 40b9 | 6308 0011 | 03ac 00b9 | 634c 1f12 | 7f00 0071 
  0x00000001138fbba8: 8034 0054 

  0x00000001138fbbac: ;   {oop(a 'java/lang/Class'{0x0000000300dad9e0} = 'java/util/concurrent/atomic/AtomicBoolean')}
  0x00000001138fbbac: 003c 9bd2 | 401b a0f2 | 6000 c0f2 

  0x00000001138fbbb8: ;   {metadata(method data for {method} {0x00000088002102d8} 'compareAndSet' '(Ljava/lang/invoke/VarHandle;Ljava/lang/Object;II)Z' in 'java/lang/invoke/VarHandleInts$FieldInstanceReadWrite')}
  0x00000001138fbbb8: 0322 84d2 | a3e6 a5f2 | 2300 c0f2 | 6894 40f9 | 0805 0091 | 6894 00f9 

  0x00000001138fbbd0: ;   {metadata(method data for {method} {0x000000880043f000} 'cast' '(Ljava/lang/Object;)Ljava/lang/Object;' in 'java/lang/Class')}
  0x00000001138fbbd0: 00dc 80d2 | a0a4 a5f2 | 2000 c0f2 | 03ac 40b9 | 6308 0011 | 03ac 00b9 | 634c 1f12 | 7f00 0071 
  0x00000001138fbbf0: 4033 0054 | e003 1faa | 5f00 00eb 

  0x00000001138fbbfc: ;   {metadata(method data for {method} {0x000000880043f000} 'cast' '(Ljava/lang/Object;)Ljava/lang/Object;' in 'java/lang/Class')}
  0x00000001138fbbfc: 00dc 80d2 | a0a4 a5f2 | 2000 c0f2 | e80f 7cb2 | e903 78b2 | 0301 899a | 0468 63f8 | 8404 0091 
  0x00000001138fbc1c: 0468 23f8 | 4004 0054 

  0x00000001138fbc24: ;   {oop(a 'java/lang/Class'{0x0000000300dad9e0} = 'java/util/concurrent/atomic/AtomicBoolean')}
  0x00000001138fbc24: 003c 9bd2 | 401b a0f2 | 6000 c0f2 

  0x00000001138fbc30: ;   {metadata(method data for {method} {0x000000880043f000} 'cast' '(Ljava/lang/Object;)Ljava/lang/Object;' in 'java/lang/Class')}
  0x00000001138fbc30: 03dc 80d2 | a3a4 a5f2 | 2300 c0f2 | 6888 40f9 | 0805 0091 | 6888 00f9 | 4201 00b4 

  0x00000001138fbc4c: ;   {metadata('java/util/concurrent/atomic/AtomicBoolean')}
  0x00000001138fbc4c: 04fe 84d2 | a420 a0f2 | 0411 c0f2 | 4508 40b9 | 0511 c0f2 | a81c 40f9 | 9f00 08eb | 4100 0054 
  0x00000001138fbc6c: 0300 0014 | e003 1faa | 0200 0014 | e003 40b2 | 1f00 0071 

  0x00000001138fbc80: ;   {metadata(method data for {method} {0x000000880043f000} 'cast' '(Ljava/lang/Object;)Ljava/lang/Object;' in 'java/lang/Class')}
  0x00000001138fbc80: 00dc 80d2 | a0a4 a5f2 | 2000 c0f2 | 082b 80d2 | 0929 80d2 | 0301 899a | 0468 63f8 | 8404 0091 
  0x00000001138fbca0: 0468 23f8 | 8021 0054 

  0x00000001138fbca8: ;   {metadata(method data for {method} {0x00000088002102d8} 'compareAndSet' '(Ljava/lang/invoke/VarHandle;Ljava/lang/Object;II)Z' in 'java/lang/invoke/VarHandleInts$FieldInstanceReadWrite')}
  0x00000001138fbca8: 0022 84d2 | a0e6 a5f2 | 2000 c0f2 | 08b0 40f9 | 0805 0091 | 08b0 00f9 

  0x00000001138fbcc0: ;   {metadata(method data for {method} {0x0000008800074a38} 'requireNonNull' '(Ljava/lang/Object;)Ljava/lang/Object;' in 'java/util/Objects')}
  0x00000001138fbcc0: 000c 9fd2 | 20a0 a5f2 | 2000 c0f2 | 03ac 40b9 | 6308 0011 | 03ac 00b9 | 634c 1f12 | 7f00 0071 
  0x00000001138fbce0: c02c 0054 | e003 1faa | 5f00 00eb 

  0x00000001138fbcec: ;   {metadata(method data for {method} {0x0000008800074a38} 'requireNonNull' '(Ljava/lang/Object;)Ljava/lang/Object;' in 'java/util/Objects')}
  0x00000001138fbcec: 000c 9fd2 | 20a0 a5f2 | 2000 c0f2 | e803 78b2 | e90f 7cb2 | 0301 899a | 0468 63f8 | 8404 0091 
  0x00000001138fbd0c: 0468 23f8 | c01a 0054 | 4230 0091 | e003 0032 | 0300 a052 | e803 03aa | 40fc e888 | 1f01 036b 
  0x00000001138fbd2c: e807 9f9a | bf3b 03d5 | 0201 0052 | 4200 0012 | 4200 0012 | 4200 0012 | 5f00 0071 

  0x00000001138fbd48: ;   {metadata(method data for {method} {0x000000012eb6fd60} 'close' '()V' in 'com/mongodb/internal/session/BaseClientSessionImpl')}
  0x00000001138fbd48: 0251 90d2 | c2f4 a5f2 | 2200 c0f2 | 0825 80d2 | 0927 80d2 | 0001 899a | 4368 60f8 | 6304 0091 
  0x00000001138fbd68: 4368 20f8 | 2017 0054 | 2210 40b9 | 42f0 7dd3 | e003 1faa | 5f00 00eb 

  0x00000001138fbd80: ;   {metadata(method data for {method} {0x000000012eb6fd60} 'close' '()V' in 'com/mongodb/internal/session/BaseClientSessionImpl')}
  0x00000001138fbd80: 0051 90d2 | c0f4 a5f2 | 2000 c0f2 | 0829 80d2 | 092b 80d2 | 0301 899a | 0468 63f8 | 8404 0091 
  0x00000001138fbda0: 0468 23f8 | 6006 0054 | 200c 40b9 | 00f0 7dd3 

  0x00000001138fbdb0: ; implicit exception: dispatches to 0x00000001138fc298
  0x00000001138fbdb0: 1f00 40f9 | e303 00aa 

  0x00000001138fbdb8: ;   {metadata(method data for {method} {0x000000012eb6fd60} 'close' '()V' in 'com/mongodb/internal/session/BaseClientSessionImpl')}
  0x00000001138fbdb8: 0451 90d2 | c4f4 a5f2 | 2400 c0f2 | 6308 40b9 | 0311 c0f2 | 89e0 0591 | 2801 40f9 | 7f00 08eb 
  0x00000001138fbdd8: a100 0054 | 88c0 40f9 | 0805 0091 | 88c0 00f9 | 1c00 0014 | 8920 0691 | 2801 40f9 | 7f00 08eb 
  0x00000001138fbdf8: a100 0054 | 88c8 40f9 | 0805 0091 | 88c8 00f9 | 1400 0014 | 89e0 0591 | 2801 40f9 | c800 00b5 
  0x00000001138fbe18: 2301 00f9 | e803 40b2 | 8900 0691 | 2801 00f9 | 0c00 0014 | 8920 0691 | 2801 40f9 | c800 00b5 
  0x00000001138fbe38: 2301 00f9 | e803 40b2 | 8940 0691 | 2801 00f9 | 0400 0014 | 88b4 40f9 | 0805 0091 | 88b4 00f9 
  0x00000001138fbe58: e103 00aa | 0938 99d2 | 8927 a0f2 | 0911 c0f2 

  0x00000001138fbe68: ; ImmutableOopMap {[224]=Oop }
                      ;*invokeinterface release {reexecute=0 rethrow=0 return_oop=0}
                      ; - com.mongodb.internal.session.BaseClientSessionImpl::close@27 (line 207)
                      ;   {virtual_call}
  0x00000001138fbe68: 36a7 d897 | e173 40f9 | e003 01aa 

  0x00000001138fbe74: ;   {metadata(method data for {method} {0x000000012eb6fd60} 'close' '()V' in 'com/mongodb/internal/session/BaseClientSessionImpl')}
  0x00000001138fbe74: 0251 90d2 | c2f4 a5f2 | 2200 c0f2 | 0008 40b9 | 0011 c0f2 | 49c0 0691 | 2801 40f9 | 1f00 08eb 
  0x00000001138fbe94: a100 0054 | 48dc 40f9 | 0805 0091 | 48dc 00f9 | 1c00 0014 | 4900 0791 | 2801 40f9 | 1f00 08eb 
  0x00000001138fbeb4: a100 0054 | 48e4 40f9 | 0805 0091 | 48e4 00f9 | 1400 0014 | 49c0 0691 | 2801 40f9 | c800 00b5 
  0x00000001138fbed4: 2001 00f9 | e803 40b2 | 49e0 0691 | 2801 00f9 | 0c00 0014 | 4900 0791 | 2801 40f9 | c800 00b5 
  0x00000001138fbef4: 2001 00f9 | e803 40b2 | 4920 0791 | 2801 00f9 | 0400 0014 | 48d0 40f9 | 0805 0091 | 48d0 00f9 
  0x00000001138fbf14: ;   {metadata(method data for {method} {0x000000012eb6f0b0} 'clearTransactionContext' '()V' in 'com/mongodb/internal/session/BaseClientSessionImpl')}
  0x00000001138fbf14: 00d7 8cd2 | c0f4 a5f2 | 2000 c0f2 | 02ac 40b9 | 4208 0011 | 02ac 00b9 | 424c 1f12 | 5f00 0071 
  0x00000001138fbf34: 401b 0054 | 80e3 4039 | 1f00 0071 | e11b 0054 | 3f2c 00b9 | 2034 40b9 | 00f0 7dd3 | e203 1faa 
  0x00000001138fbf54: 1f00 02eb 

  0x00000001138fbf58: ;   {metadata(method data for {method} {0x000000012eb6f0b0} 'clearTransactionContext' '()V' in 'com/mongodb/internal/session/BaseClientSessionImpl')}
  0x00000001138fbf58: 02d7 8cd2 | c2f4 a5f2 | 2200 c0f2 | e80f 7cb2 | e903 78b2 | 0301 899a | 4468 63f8 | 8404 0091 
  0x00000001138fbf78: 4468 23f8 | a006 0054 

  0x00000001138fbf80: ; implicit exception: dispatches to 0x00000001138fc2d4
  0x00000001138fbf80: 1f00 40f9 | e203 00aa 

  0x00000001138fbf88: ;   {metadata(method data for {method} {0x000000012eb6f0b0} 'clearTransactionContext' '()V' in 'com/mongodb/internal/session/BaseClientSessionImpl')}
  0x00000001138fbf88: 03d7 8cd2 | c3f4 a5f2 | 2300 c0f2 | 4208 40b9 | 0211 c0f2 | 6980 0491 | 2801 40f9 | 5f00 08eb 
  0x00000001138fbfa8: a100 0054 | 6894 40f9 | 0805 0091 | 6894 00f9 | 1c00 0014 | 69c0 0491 | 2801 40f9 | 5f00 08eb 
  0x00000001138fbfc8: a100 0054 | 689c 40f9 | 0805 0091 | 689c 00f9 | 1400 0014 | 6980 0491 | 2801 40f9 | c800 00b5 
  0x00000001138fbfe8: 2201 00f9 | e803 40b2 | 69a0 0491 | 2801 00f9 | 0c00 0014 | 69c0 0491 | 2801 40f9 | c800 00b5 
  0x00000001138fc008: 2201 00f9 | e803 40b2 | 69e0 0491 | 2801 00f9 | 0400 0014 | 6888 40f9 | 0805 0091 | 6888 00f9 
  0x00000001138fc028: e103 00aa | e9ff 9fd2 | e9ff bff2 | e9ff dff2 

  0x00000001138fc038: ; ImmutableOopMap {[224]=Oop }
                      ;*invokeinterface release {reexecute=0 rethrow=0 return_oop=0}
                      ; - com.mongodb.internal.session.BaseClientSessionImpl::clearTransactionContext@16 (line 98)
                      ; - com.mongodb.internal.session.BaseClientSessionImpl::close@33 (line 209)
                      ;   {virtual_call}
  0x00000001138fc038: 72f4 aa95 | 83e3 4039 | 7f00 0071 | e173 40f9 | 8114 0054 | 3f34 00b9 | fd7b 50a9 | ff43 0491 
  0x00000001138fc058: ;   {poll_return}
  0x00000001138fc058: 88a3 41f9 | ff63 28eb | 8814 0054 | c003 5fd6 

  0x00000001138fc068: ; ImmutableOopMap {[224]=Oop }
                      ;*new {reexecute=0 rethrow=0 return_oop=0}
                      ; - java.util.Objects::requireNonNull@4 (line 209)
                      ; - java.lang.invoke.VarHandleInts$FieldInstanceReadWrite::compareAndSet@18 (line 178)
                      ; - java.lang.invoke.VarHandleGuards::guard_LII_Z@50 (line 137)
                      ; - java.util.concurrent.atomic.AtomicBoolean::compareAndSet@22 (line 102)
                      ; - com.mongodb.internal.session.BaseClientSessionImpl::close@6 (line 205)
                      ;   {runtime_call load_mirror_patching Runtime1 stub}
  0x00000001138fc068: e6c4 ad95 | 8087 40f9 | 0bc0 0091 | 888f 40f9 | 7f01 08eb | 0814 0054 | 8b87 00f9 | ea03 40b2 
  0x00000001138fc088: 0a00 00f9 | ea03 032a | 0a7c 0129 | 0a40 0091 | 5f7d 00a9 | 5f7d 01a9 | bf3a 03d5 | e203 00aa 
  0x00000001138fc0a8: ;   {metadata(method data for {method} {0x0000008800074a38} 'requireNonNull' '(Ljava/lang/Object;)Ljava/lang/Object;' in 'java/util/Objects')}
  0x00000001138fc0a8: 030c 9fd2 | 23a0 a5f2 | 2300 c0f2 | 6888 40f9 | 0805 0091 | 6888 00f9 | e103 00aa | e077 00f9 
  0x00000001138fc0c8: ; ImmutableOopMap {[224]=Oop [232]=Oop }
                      ;*invokespecial <init> {reexecute=0 rethrow=0 return_oop=0}
                      ; - java.util.Objects::requireNonNull@8 (line 209)
                      ; - java.lang.invoke.VarHandleInts$FieldInstanceReadWrite::compareAndSet@18 (line 178)
                      ; - java.lang.invoke.VarHandleGuards::guard_LII_Z@50 (line 137)
                      ; - java.util.concurrent.atomic.AtomicBoolean::compareAndSet@22 (line 102)
                      ; - com.mongodb.internal.session.BaseClientSessionImpl::close@6 (line 205)
                      ;   {optimized virtual_call}
  0x00000001138fc0c8: 8ef3 aa95 | e077 40f9 | 9400 0014 

  0x00000001138fc0d4: ; ImmutableOopMap {[224]=Oop c_rarg2=Oop }
                      ;*new {reexecute=0 rethrow=0 return_oop=0}
                      ; - java.lang.Class::cast@12 (line 3892)
                      ; - java.lang.invoke.VarHandleInts$FieldInstanceReadWrite::compareAndSet@15 (line 178)
                      ; - java.lang.invoke.VarHandleGuards::guard_LII_Z@50 (line 137)
                      ; - java.util.concurrent.atomic.AtomicBoolean::compareAndSet@22 (line 102)
                      ; - com.mongodb.internal.session.BaseClientSessionImpl::close@6 (line 205)
                      ;   {runtime_call load_mirror_patching Runtime1 stub}
  0x00000001138fc0d4: cbc4 ad95 | 8087 40f9 | 0ba0 0091 | 888f 40f9 | 7f01 08eb | e810 0054 | 8b87 00f9 | ea03 40b2 
  0x00000001138fc0f4: 0a00 00f9 | ea03 032a | 0a7c 0129 | 0a40 0091 | 5f01 00f9 | 5ffd 00a9 | bf3a 03d5 

  0x00000001138fc110: ;   {oop(a 'java/lang/Class'{0x0000000300dad9e0} = 'java/util/concurrent/atomic/AtomicBoolean')}
  0x00000001138fc110: 033c 9bd2 | 431b a0f2 | 6300 c0f2 | e403 03aa 

  0x00000001138fc120: ;   {metadata(method data for {method} {0x000000880043f000} 'cast' '(Ljava/lang/Object;)Ljava/lang/Object;' in 'java/lang/Class')}
  0x00000001138fc120: 05dc 80d2 | a5a4 a5f2 | 2500 c0f2 | a8b4 40f9 | 0805 0091 | a8b4 00f9 | e103 03aa | e07b 00f9 
  0x00000001138fc140: ; ImmutableOopMap {[224]=Oop [240]=Oop }
                      ;*invokevirtual cannotCastMsg {reexecute=0 rethrow=0 return_oop=0}
                      ; - java.lang.Class::cast@18 (line 3892)
                      ; - java.lang.invoke.VarHandleInts$FieldInstanceReadWrite::compareAndSet@15 (line 178)
                      ; - java.lang.invoke.VarHandleGuards::guard_LII_Z@50 (line 137)
                      ; - java.util.concurrent.atomic.AtomicBoolean::compareAndSet@22 (line 102)
                      ; - com.mongodb.internal.session.BaseClientSessionImpl::close@6 (line 205)
                      ;   {optimized virtual_call}
  0x00000001138fc140: 70f3 aa95 | e27b 40f9 

  0x00000001138fc148: ;   {metadata(method data for {method} {0x000000880043f000} 'cast' '(Ljava/lang/Object;)Ljava/lang/Object;' in 'java/lang/Class')}
  0x00000001138fc148: 01dc 80d2 | a1a4 a5f2 | 2100 c0f2 | 28d0 40f9 | 0805 0091 | 28d0 00f9 | e203 00aa | e17b 40f9 
  0x00000001138fc168: ; ImmutableOopMap {[224]=Oop [240]=Oop }
                      ;*invokespecial <init> {reexecute=0 rethrow=0 return_oop=0}
                      ; - java.lang.Class::cast@21 (line 3892)
                      ; - java.lang.invoke.VarHandleInts$FieldInstanceReadWrite::compareAndSet@15 (line 178)
                      ; - java.lang.invoke.VarHandleGuards::guard_LII_Z@50 (line 137)
                      ; - java.util.concurrent.atomic.AtomicBoolean::compareAndSet@22 (line 102)
                      ; - com.mongodb.internal.session.BaseClientSessionImpl::close@6 (line 205)
                      ;   {optimized virtual_call}
  0x00000001138fc168: 66f3 aa95 | e07b 40f9 | 6c00 0014 

  0x00000001138fc174: ;   {metadata({method} {0x000000012eb6fd60} 'close' '()V' in 'com/mongodb/internal/session/BaseClientSessionImpl')}
  0x00000001138fc174: 08ac 9fd2 | c8d6 a5f2 | 2800 c0f2 | e807 00f9 | 0800 8092 | e803 00f9 

  0x00000001138fc18c: ; ImmutableOopMap {c_rarg1=Oop [224]=Oop }
                      ;*synchronization entry
                      ; - com.mongodb.internal.session.BaseClientSessionImpl::close@-1 (line 205)
                      ;   {runtime_call counter_overflow Runtime1 stub}
  0x00000001138fc18c: ddc6 ad95 | 9bfd ff17 

  0x00000001138fc194: ; ImmutableOopMap {c_rarg1=Oop [224]=Oop c_rarg2=Oop }
                      ;*invokevirtual compareAndSet {reexecute=0 rethrow=0 return_oop=0}
                      ; - com.mongodb.internal.session.BaseClientSessionImpl::close@6 (line 205)
                      ;   {runtime_call throw_null_pointer_exception Runtime1 stub}
  0x00000001138fc194: 5bb3 ad95 

  0x00000001138fc198: ;   {metadata({method} {0x000000012d0db7c0} 'compareAndSet' '(ZZ)Z' in 'java/util/concurrent/atomic/AtomicBoolean')}
  0x00000001138fc198: 08f8 96d2 | a8a1 a5f2 | 2800 c0f2 | e807 00f9 | 0800 8092 | e803 00f9 

  0x00000001138fc1b0: ; ImmutableOopMap {c_rarg1=Oop [224]=Oop c_rarg2=Oop }
                      ;*synchronization entry
                      ; - java.util.concurrent.atomic.AtomicBoolean::compareAndSet@-1 (line 102)
                      ; - com.mongodb.internal.session.BaseClientSessionImpl::close@6 (line 205)
                      ;   {runtime_call counter_overflow Runtime1 stub}
  0x00000001138fc1b0: d4c6 ad95 | a5fd ff17 

  0x00000001138fc1b8: ;   {metadata({method} {0x0000008800182e90} 'guard_LII_Z' '(Ljava/lang/invoke/VarHandle;Ljava/lang/Object;IILjava/lang/invoke/VarHandle$AccessDescriptor;)Z' in 'java/lang/invoke/VarHandleGuards')}
  0x00000001138fc1b8: 08d2 85d2 | 0803 a0f2 | 0811 c0f2 | e807 00f9 | 0800 8092 | e803 00f9 

  0x00000001138fc1d0: ; ImmutableOopMap {c_rarg1=Oop [224]=Oop c_rarg2=Oop c_rarg3=Oop }
                      ;*synchronization entry
                      ; - java.lang.invoke.VarHandleGuards::guard_LII_Z@-1 (line 135)
                      ; - java.util.concurrent.atomic.AtomicBoolean::compareAndSet@22 (line 102)
                      ; - com.mongodb.internal.session.BaseClientSessionImpl::close@6 (line 205)
                      ;   {runtime_call counter_overflow Runtime1 stub}
  0x00000001138fc1d0: ccc6 ad95 | d9fd ff17 

  0x00000001138fc1d8: ;   {metadata({method} {0x00000088000c7648} 'checkExactAccessMode' '(Ljava/lang/invoke/VarHandle$AccessDescriptor;)V' in 'java/lang/invoke/VarHandle')}
  0x00000001138fc1d8: 08c9 8ed2 | 8801 a0f2 | 0811 c0f2 | e807 00f9 | 0800 8092 | e803 00f9 

  0x00000001138fc1f0: ; ImmutableOopMap {c_rarg1=Oop [224]=Oop c_rarg2=Oop }
                      ;*synchronization entry
                      ; - java.lang.invoke.VarHandle::checkExactAccessMode@-1 (line 2042)
                      ; - java.lang.invoke.VarHandleGuards::guard_LII_Z@3 (line 135)
                      ; - java.util.concurrent.atomic.AtomicBoolean::compareAndSet@22 (line 102)
                      ; - com.mongodb.internal.session.BaseClientSessionImpl::close@6 (line 205)
                      ;   {runtime_call counter_overflow Runtime1 stub}
  0x00000001138fc1f0: c4c6 ad95 | ebfd ff17 

  0x00000001138fc1f8: ;   {metadata({method} {0x00000088000c2310} 'isDirect' '()Z' in 'java/lang/invoke/VarHandle')}
  0x00000001138fc1f8: 0862 84d2 | 8801 a0f2 | 0811 c0f2 | e807 00f9 | 0800 8092 | e803 00f9 

  0x00000001138fc210: ; ImmutableOopMap {c_rarg1=Oop [224]=Oop c_rarg2=Oop }
                      ;*synchronization entry
                      ; - java.lang.invoke.VarHandle::isDirect@-1 (line 497)
                      ; - java.lang.invoke.VarHandleGuards::guard_LII_Z@7 (line 136)
                      ; - java.util.concurrent.atomic.AtomicBoolean::compareAndSet@22 (line 102)
                      ; - com.mongodb.internal.session.BaseClientSessionImpl::close@6 (line 205)
                      ;   {runtime_call counter_overflow Runtime1 stub}
  0x00000001138fc210: bcc6 ad95 | 1dfe ff17 

  0x00000001138fc218: ;   {metadata({method} {0x0000008800180a40} 'getMemberName' '(I)Ljava/lang/invoke/MemberName;' in 'java/lang/invoke/VarForm')}
  0x00000001138fc218: 0848 81d2 | 0803 a0f2 | 0811 c0f2 | e807 00f9 | 0800 8092 | e803 00f9 

  0x00000001138fc230: ; ImmutableOopMap {c_rarg1=Oop [224]=Oop c_rarg2=Oop }
                      ;*synchronization entry
                      ; - java.lang.invoke.VarForm::getMemberName@-1 (line 114)
                      ; - java.lang.invoke.VarHandleGuards::guard_LII_Z@47 (line 137)
                      ; - java.util.concurrent.atomic.AtomicBoolean::compareAndSet@22 (line 102)
                      ; - com.mongodb.internal.session.BaseClientSessionImpl::close@6 (line 205)
                      ;   {runtime_call counter_overflow Runtime1 stub}
  0x00000001138fc230: b4c6 ad95 | 33fe ff17 

  0x00000001138fc238: ;   {metadata({method} {0x00000088002102d8} 'compareAndSet' '(Ljava/lang/invoke/VarHandle;Ljava/lang/Object;II)Z' in 'java/lang/invoke/VarHandleInts$FieldInstanceReadWrite')}
  0x00000001138fc238: 085b 80d2 | 2804 a0f2 | 0811 c0f2 | e807 00f9 | 0800 8092 | e803 00f9 

  0x00000001138fc250: ; ImmutableOopMap {c_rarg1=Oop [224]=Oop c_rarg2=Oop }
                      ;*synchronization entry
                      ; - java.lang.invoke.VarHandleInts$FieldInstanceReadWrite::compareAndSet@-1 (line 177)
                      ; - java.lang.invoke.VarHandleGuards::guard_LII_Z@50 (line 137)
                      ; - java.util.concurrent.atomic.AtomicBoolean::compareAndSet@22 (line 102)
                      ; - com.mongodb.internal.session.BaseClientSessionImpl::close@6 (line 205)
                      ;   {runtime_call counter_overflow Runtime1 stub}
  0x00000001138fc250: acc6 ad95 | 56fe ff17 

  0x00000001138fc258: ;   {metadata({method} {0x000000880043f000} 'cast' '(Ljava/lang/Object;)Ljava/lang/Object;' in 'java/lang/Class')}
  0x00000001138fc258: 0800 9ed2 | 6808 a0f2 | 0811 c0f2 | e807 00f9 | 0800 8092 | e803 00f9 

  0x00000001138fc270: ; ImmutableOopMap {c_rarg1=Oop [224]=Oop c_rarg2=Oop }
                      ;*synchronization entry
                      ; - java.lang.Class::cast@-1 (line 3891)
                      ; - java.lang.invoke.VarHandleInts$FieldInstanceReadWrite::compareAndSet@15 (line 178)
                      ; - java.lang.invoke.VarHandleGuards::guard_LII_Z@50 (line 137)
                      ; - java.util.concurrent.atomic.AtomicBoolean::compareAndSet@22 (line 102)
                      ; - com.mongodb.internal.session.BaseClientSessionImpl::close@6 (line 205)
                      ;   {runtime_call counter_overflow Runtime1 stub}
  0x00000001138fc270: a4c6 ad95 | 60fe ff17 

  0x00000001138fc278: ;   {metadata({method} {0x0000008800074a38} 'requireNonNull' '(Ljava/lang/Object;)Ljava/lang/Object;' in 'java/util/Objects')}
  0x00000001138fc278: 0847 89d2 | e800 a0f2 | 0811 c0f2 | e807 00f9 | 0800 8092 | e803 00f9 

  0x00000001138fc290: ; ImmutableOopMap {c_rarg1=Oop [224]=Oop c_rarg2=Oop }
                      ;*synchronization entry
                      ; - java.util.Objects::requireNonNull@-1 (line 208)
                      ; - java.lang.invoke.VarHandleInts$FieldInstanceReadWrite::compareAndSet@18 (line 178)
                      ; - java.lang.invoke.VarHandleGuards::guard_LII_Z@50 (line 137)
                      ; - java.util.concurrent.atomic.AtomicBoolean::compareAndSet@22 (line 102)
                      ; - com.mongodb.internal.session.BaseClientSessionImpl::close@6 (line 205)
                      ;   {runtime_call counter_overflow Runtime1 stub}
  0x00000001138fc290: 9cc6 ad95 | 94fe ff17 

  0x00000001138fc298: ; ImmutableOopMap {c_rarg1=Oop [224]=Oop c_rarg2=Oop c_rarg0=Oop }
                      ;*invokeinterface release {reexecute=0 rethrow=0 return_oop=0}
                      ; - com.mongodb.internal.session.BaseClientSessionImpl::close@27 (line 207)
                      ;   {runtime_call throw_null_pointer_exception Runtime1 stub}
  0x00000001138fc298: 1ab3 ad95 

  0x00000001138fc29c: ;   {metadata({method} {0x000000012eb6f0b0} 'clearTransactionContext' '()V' in 'com/mongodb/internal/session/BaseClientSessionImpl')}
  0x00000001138fc29c: 0816 9ed2 | c8d6 a5f2 | 2800 c0f2 | e807 00f9 | 0800 8092 | e803 00f9 

  0x00000001138fc2b4: ; ImmutableOopMap {c_rarg1=Oop [224]=Oop }
                      ;*synchronization entry
                      ; - com.mongodb.internal.session.BaseClientSessionImpl::clearTransactionContext@-1 (line 96)
                      ; - com.mongodb.internal.session.BaseClientSessionImpl::close@33 (line 209)
                      ;   {runtime_call counter_overflow Runtime1 stub}
  0x00000001138fc2b4: 93c6 ad95 | 20ff ff17 | 202c 40b9 | 00f0 7dd3 | 00e4 ffb4 | e003 00f9 

  0x00000001138fc2cc: ;   {runtime_call g1_pre_barrier_slow}
  0x00000001138fc2cc: cdc8 ad95 | 1dff ff17 

  0x00000001138fc2d4: ; ImmutableOopMap {[224]=Oop c_rarg0=Oop }
                      ;*invokeinterface release {reexecute=0 rethrow=0 return_oop=0}
                      ; - com.mongodb.internal.session.BaseClientSessionImpl::clearTransactionContext@16 (line 98)
                      ; - com.mongodb.internal.session.BaseClientSessionImpl::close@33 (line 209)
                      ;   {runtime_call throw_null_pointer_exception Runtime1 stub}
  0x00000001138fc2d4: 0bb3 ad95 | 2334 40b9 | 63f0 7dd3 | 63eb ffb4 | e303 00f9 

  0x00000001138fc2e8: ;   {runtime_call g1_pre_barrier_slow}
  0x00000001138fc2e8: c6c8 ad95 | 58ff ff17 

  0x00000001138fc2f0: ;   {internal_word}
  0x00000001138fc2f0: 48eb ff10 | 88af 01f9 

  0x00000001138fc2f8: ;   {runtime_call SafepointBlob}
  0x00000001138fc2f8: c20b ab15 

  0x00000001138fc2fc: ; ImmutableOopMap {[224]=Oop }
                      ;*new {reexecute=0 rethrow=0 return_oop=0}
                      ; - java.util.Objects::requireNonNull@4 (line 209)
                      ; - java.lang.invoke.VarHandleInts$FieldInstanceReadWrite::compareAndSet@18 (line 178)
                      ; - java.lang.invoke.VarHandleGuards::guard_LII_Z@50 (line 137)
                      ; - java.util.concurrent.atomic.AtomicBoolean::compareAndSet@22 (line 102)
                      ; - com.mongodb.internal.session.BaseClientSessionImpl::close@6 (line 205)
                      ;   {runtime_call fast_new_instance Runtime1 stub}
  0x00000001138fc2fc: 41b5 ad95 | 69ff ff17 

  0x00000001138fc304: ; ImmutableOopMap {[224]=Oop c_rarg2=Oop }
                      ;*new {reexecute=0 rethrow=0 return_oop=0}
                      ; - java.lang.Class::cast@12 (line 3892)
                      ; - java.lang.invoke.VarHandleInts$FieldInstanceReadWrite::compareAndSet@15 (line 178)
                      ; - java.lang.invoke.VarHandleGuards::guard_LII_Z@50 (line 137)
                      ; - java.util.concurrent.atomic.AtomicBoolean::compareAndSet@22 (line 102)
                      ; - com.mongodb.internal.session.BaseClientSessionImpl::close@6 (line 205)
                      ;   {runtime_call fast_new_instance Runtime1 stub}
  0x00000001138fc304: 3fb5 ad95 | 82ff ff17 | 1f20 03d5 | 1f20 03d5 | 80eb 41f9 | 9feb 01f9 | 9fef 01f9 | fd7b 50a9 
  0x00000001138fc324: ff43 0491 

  0x00000001138fc328: ;   {runtime_call unwind_exception Runtime1 stub}
  0x00000001138fc328: 76b1 ad15 | 0000 0000 | 0000 0000 | 0000 0000 | 0000 0000 | 0000 0000 
[Stub Code]
  0x00000001138fc340: ;   {no_reloc}
  0x00000001138fc340: df3f 03d5 

  0x00000001138fc344: ;   {metadata(NULL)}
  0x00000001138fc344: 0c00 80d2 | 0c00 a0f2 | 0c00 c0f2 | 0800 80d2 | 0800 a0f2 | 0800 c0f2 | 0001 1fd6 

  0x00000001138fc360: ;   {trampoline_stub}
  0x00000001138fc360: 4800 0058 | 0001 1fd6 | 405b f212 | 0100 0000 

  0x00000001138fc370: ;   {static_stub}
  0x00000001138fc370: df3f 03d5 

  0x00000001138fc374: ;   {metadata(NULL)}
  0x00000001138fc374: 0c00 80d2 | 0c00 a0f2 | 0c00 c0f2 | 0800 80d2 | 0800 a0f2 | 0800 c0f2 | 0001 1fd6 

  0x00000001138fc390: ;   {trampoline_stub}
  0x00000001138fc390: 4800 0058 | 0001 1fd6 | 0092 3b1a | 0100 0000 

  0x00000001138fc3a0: ;   {static_stub}
  0x00000001138fc3a0: df3f 03d5 

  0x00000001138fc3a4: ;   {metadata(NULL)}
  0x00000001138fc3a4: 0c00 80d2 | 0c00 a0f2 | 0c00 c0f2 | 0800 80d2 | 0800 a0f2 | 0800 c0f2 | 0001 1fd6 

  0x00000001138fc3c0: ;   {trampoline_stub}
  0x00000001138fc3c0: 4800 0058 | 0001 1fd6 | 008f 3b1a | 0100 0000 

  0x00000001138fc3d0: ;   {static_stub}
  0x00000001138fc3d0: df3f 03d5 

  0x00000001138fc3d4: ;   {metadata(NULL)}
  0x00000001138fc3d4: 0c00 80d2 | 0c00 a0f2 | 0c00 c0f2 | 0800 80d2 | 0800 a0f2 | 0800 c0f2 | 0001 1fd6 

  0x00000001138fc3f0: ;   {trampoline_stub}
  0x00000001138fc3f0: 4800 0058 | 0001 1fd6 | 008f 3b1a | 0100 0000 

  0x00000001138fc400: ;   {static_stub}
  0x00000001138fc400: df3f 03d5 

  0x00000001138fc404: ;   {metadata(NULL)}
  0x00000001138fc404: 0c00 80d2 | 0c00 a0f2 | 0c00 c0f2 | 0800 80d2 | 0800 a0f2 | 0800 c0f2 | 0001 1fd6 

  0x00000001138fc420: ;   {trampoline_stub}
  0x00000001138fc420: 4800 0058 | 0001 1fd6 | 008f 3b1a | 0100 0000 
[Exception Handler]
  0x00000001138fc430: ;   {runtime_call handle_exception_from_callee Runtime1 stub}
  0x00000001138fc430: f4ba ad95 | c1d5 bbd4 | 0ea6 e80a | 0100 0000 
[Deopt Handler Code]
  0x00000001138fc440: 1e00 0010 

  0x00000001138fc444: ;   {runtime_call DeoptimizationBlob}
  0x00000001138fc444: 3f0c ab15 
[/MachCode]


---------------  P R O C E S S  ---------------

Threads class SMR info:
_java_thread_list=0x00000007ec589060, length=239, elements={
0x0000000104fd72d0, 0x0000000104fec510, 0x00000007e4e94000, 0x00000007e4e94c00,
0x00000007e4e95200, 0x00000007e4e95800, 0x00000007e4e95e00, 0x00000007e4e96400,
0x00000007e4e96a00, 0x00000007e4e97600, 0x00000007e4fe4000, 0x00000007e4fe7000,
0x00000007e4fe7600, 0x00000007e3db4000, 0x00000007df40aa00, 0x00000007df40b000,
0x00000007df40b600, 0x00000007df940000, 0x00000007df940600, 0x00000007df940c00,
0x00000007df941200, 0x00000007df941800, 0x00000007df941e00, 0x00000007df942400,
0x00000007df942a00, 0x00000007df943000, 0x00000007df943600, 0x00000007df94c000,
0x00000007df94c600, 0x00000007df94cc00, 0x00000007df94d200, 0x00000007df94d800,
0x00000007df94de00, 0x00000007df94e400, 0x00000007df94ea00, 0x00000007df94f000,
0x00000007df94f600, 0x00000007df958000, 0x00000007df958c00, 0x00000007df959800,
0x00000007df959200, 0x00000007df95a400, 0x00000007df95aa00, 0x00000007dfb6ea00,
0x00000007dfb6f000, 0x00000007dfb6f600, 0x00000007df485800, 0x00000007df486a00,
0x00000007df487600, 0x00000007df484c00, 0x00000007df486400, 0x00000007df484000,
0x00000007df4c8000, 0x00000007df4c8600, 0x00000007df4c8c00, 0x00000007df4c9200,
0x00000007df4c9800, 0x00000007df4c9e00, 0x00000007df4ca400, 0x00000007df4caa00,
0x00000007df4cb600, 0x00000007dfbc0000, 0x00000007dfbc0c00, 0x00000007dfbc1200,
0x00000007dfbc1800, 0x00000007dfbc1e00, 0x00000007dfbc2400, 0x00000007dfbc2a00,
0x00000007dfbc3000, 0x00000007dfbc3600, 0x00000007df500600, 0x00000007df500c00,
0x00000007df501200, 0x00000007df501e00, 0x00000007df502400, 0x00000007df502a00,
0x00000007df503000, 0x00000007df503600, 0x00000007dec60000, 0x00000007dec60600,
0x00000007dec60c00, 0x00000007dec61200, 0x00000007dec61800, 0x00000007dec61e00,
0x00000007dec62400, 0x00000007dec62a00, 0x00000007dec63000, 0x00000007dec63600,
0x00000007e33ec000, 0x00000007e4fe5200, 0x00000007e4fe6400, 0x00000007df526a00,
0x00000007df527000, 0x00000007df525e00, 0x00000007df527600, 0x00000007dec9f600,
0x00000007ded20000, 0x00000007ded20c00, 0x00000007ded21200, 0x00000007ded22400,
0x00000007ded22a00, 0x00000007ded23000, 0x00000007ded23600, 0x00000007dec9d200,
0x00000007dec9e400, 0x00000007dec9de00, 0x00000007ded54000, 0x00000007ded54600,
0x00000007ded54c00, 0x00000007ded55800, 0x00000007ded55e00, 0x00000007ded56400,
0x00000007ded56a00, 0x00000007ded57000, 0x00000007ded57600, 0x00000007df838600,
0x00000007df838000, 0x00000007dec9d800, 0x00000007dec9cc00, 0x00000007dfb6cc00,
0x00000007df95b000, 0x00000007df959e00, 0x00000007e3db7000, 0x00000007e3db6a00,
0x00000007e3db6400, 0x00000007e3db5e00, 0x00000007e3db5800, 0x00000007e3db5200,
0x00000007df40a400, 0x00000007dffa3000, 0x00000007dffa2400, 0x00000007dffa3600,
0x00000007e33ede00, 0x00000007e33ee400, 0x00000007e33ed200, 0x00000007dee14000,
0x00000007dee14600, 0x00000007dee14c00, 0x00000007dee15200, 0x00000007dee15800,
0x00000007dee15e00, 0x00000007dee16400, 0x00000007dee16a00, 0x00000007dee17000,
0x00000007dee17600, 0x00000007df95b600, 0x00000007dee40000, 0x00000007dee40600,
0x00000007dee40c00, 0x00000007dee41200, 0x00000007dee41800, 0x00000007dee41e00,
0x00000007dee42400, 0x00000007dee42a00, 0x00000007dee43000, 0x00000007dee58000,
0x00000007dee58c00, 0x00000007dee58600, 0x00000007dee59200, 0x00000007dee59800,
0x00000007dee59e00, 0x00000007dee5a400, 0x00000007dee5aa00, 0x00000007dee5b000,
0x00000007dee5b600, 0x00000007dee90600, 0x00000007dee90000, 0x00000007dee90c00,
0x00000007dee91200, 0x00000007dee91800, 0x00000007dee91e00, 0x00000007dee92400,
0x00000007dee92a00, 0x00000007dee93000, 0x00000007dee93600, 0x00000007deea0600,
0x00000007deea0000, 0x00000007deea0c00, 0x00000007deea1200, 0x00000007deea1800,
0x00000007deea1e00, 0x00000007deea2400, 0x00000007deea2a00, 0x00000007deea3000,
0x00000007deea3600, 0x00000007deee8600, 0x00000007deee8000, 0x00000007deee8c00,
0x00000007deee9200, 0x00000007deee9800, 0x00000007deee9e00, 0x00000007deeea400,
0x00000007deeeaa00, 0x00000007deeeb000, 0x00000007deeeb600, 0x00000007dee43600,
0x00000007def68000, 0x00000007def68600, 0x00000007def68c00, 0x00000007def69200,
0x00000007def69800, 0x00000007def69e00, 0x00000007def6aa00, 0x00000007def6b000,
0x00000007def6b600, 0x00000007def84000, 0x00000007def84600, 0x00000007def84c00,
0x00000007def85200, 0x00000007def85800, 0x00000007def85e00, 0x00000007def86400,
0x00000007def86a00, 0x00000007def87000, 0x00000007def87600, 0x00000007deff3600,
0x00000007deff0600, 0x00000007df5f1200, 0x00000007e4fe5e00, 0x00000007df5f0c00,
0x00000007df5f2a00, 0x00000007de867000, 0x00000007defb5e00, 0x00000007defb4600,
0x00000007df525800, 0x00000007dffa1e00, 0x00000007de865800, 0x00000007de866400,
0x00000007de865e00, 0x00000007df525200, 0x00000007df644600, 0x00000007df644c00,
0x00000007defb6a00, 0x00000007ded55200, 0x00000007de864000, 0x00000007de864c00,
0x00000007deff0000, 0x00000007df524c00, 0x00000007df485200
}

Java Threads: ( => current thread )
  0x0000000104fd72d0 JavaThread "Test worker" [_thread_blocked, id=6915, stack(0x000000016b5e4000,0x000000016b7e7000)]
  0x0000000104fec510 JavaThread "Reference Handler" daemon [_thread_blocked, id=30979, stack(0x000000016c438000,0x000000016c63b000)]
  0x00000007e4e94000 JavaThread "Finalizer" daemon [_thread_blocked, id=23043, stack(0x000000016c644000,0x000000016c847000)]
  0x00000007e4e94c00 JavaThread "Signal Dispatcher" daemon [_thread_blocked, id=25603, stack(0x000000016c968000,0x000000016cb6b000)]
  0x00000007e4e95200 JavaThread "Service Thread" daemon [_thread_blocked, id=29699, stack(0x000000016cb74000,0x000000016cd77000)]
  0x00000007e4e95800 JavaThread "Monitor Deflation Thread" daemon [_thread_blocked, id=26115, stack(0x000000016cd80000,0x000000016cf83000)]
  0x00000007e4e95e00 JavaThread "C2 CompilerThread0" daemon [_thread_blocked, id=29187, stack(0x000000016cf8c000,0x000000016d18f000)]
  0x00000007e4e96400 JavaThread "C1 CompilerThread0" daemon [_thread_blocked, id=26627, stack(0x000000016d198000,0x000000016d39b000)]
  0x00000007e4e96a00 JavaThread "Sweeper thread" daemon [_thread_blocked, id=27139, stack(0x000000016d3a4000,0x000000016d5a7000)]
  0x00000007e4e97600 JavaThread "Common-Cleaner" daemon [_thread_blocked, id=28163, stack(0x000000016d7bc000,0x000000016d9bf000)]
  0x00000007e4fe4000 JavaThread "Notification Thread" daemon [_thread_blocked, id=28419, stack(0x000000016d9c8000,0x000000016dbcb000)]
  0x00000007e4fe7000 JavaThread "/127.0.0.1:62765 to /127.0.0.1:62764 workers" [_thread_blocked, id=42243, stack(0x000000016e404000,0x000000016e607000)]
  0x00000007e4fe7600 JavaThread "/127.0.0.1:62765 to /127.0.0.1:62764 workers Thread 2" [_thread_blocked, id=33795, stack(0x000000016e610000,0x000000016e813000)]
  0x00000007e3db4000 JavaThread "/127.0.0.1:62765 to /127.0.0.1:62764 workers Thread 3" [_thread_in_native, id=41475, stack(0x000000016e81c000,0x000000016ea1f000)]
  0x00000007df40aa00 JavaThread "BufferPoolPruner-1-thread-1" daemon [_thread_blocked, id=44547, stack(0x0000000171318000,0x000000017151b000)]
  0x00000007df40b000 JavaThread "cluster-ClusterId{value='699b78266bed793ecaf1c214', description='null'}-localhost:27017" daemon [_thread_in_native, id=63243, stack(0x0000000171524000,0x0000000171727000)]
  0x00000007df40b600 JavaThread "cluster-rtt-ClusterId{value='699b78266bed793ecaf1c214', description='null'}-localhost:27017" daemon [_thread_blocked, id=62731, stack(0x0000000171730000,0x0000000171933000)]
  0x00000007df940000 JavaThread "AsyncGetter-5-thread-1" daemon [_thread_blocked, id=62223, stack(0x000000017193c000,0x0000000171b3f000)]
  0x00000007df940600 JavaThread "cluster-ClusterId{value='699b78266bed793ecaf1c215', description='null'}-localhost:27017" daemon [_thread_blocked, id=45323, stack(0x0000000171b48000,0x0000000171d4b000)]
  0x00000007df940c00 JavaThread "MaintenanceTimer-3-thread-1" daemon [_thread_blocked, id=61699, stack(0x0000000171d54000,0x0000000171f57000)]
  0x00000007df941200 JavaThread "Thread-4" daemon [_thread_blocked, id=45827, stack(0x0000000171f60000,0x0000000172163000)]
  0x00000007df941800 JavaThread "Thread-5" daemon [_thread_blocked, id=46339, stack(0x000000017216c000,0x000000017236f000)]
=>0x00000007df941e00 JavaThread "Thread-6" daemon [_thread_in_native, id=46851, stack(0x0000000172378000,0x000000017257b000)]
  0x00000007df942400 JavaThread "Thread-7" daemon [_thread_blocked, id=47363, stack(0x0000000172584000,0x0000000172787000)]
  0x00000007df942a00 JavaThread "Thread-8" daemon [_thread_blocked, id=47619, stack(0x0000000172790000,0x0000000172993000)]
  0x00000007df943000 JavaThread "Thread-9" daemon [_thread_blocked, id=61187, stack(0x000000017299c000,0x0000000172b9f000)]
  0x00000007df943600 JavaThread "Thread-10" daemon [_thread_blocked, id=60675, stack(0x0000000172ba8000,0x0000000172dab000)]
  0x00000007df94c000 JavaThread "Thread-11" daemon [_thread_blocked, id=60163, stack(0x0000000172db4000,0x0000000172fb7000)]
  0x00000007df94c600 JavaThread "Thread-12" daemon [_thread_blocked, id=48387, stack(0x0000000172fc0000,0x00000001731c3000)]
  0x00000007df94cc00 JavaThread "Thread-13" daemon [_thread_blocked, id=59907, stack(0x00000001731cc000,0x00000001733cf000)]
  0x00000007df94d200 JavaThread "Thread-14" daemon [_thread_blocked, id=48899, stack(0x00000001733d8000,0x00000001735db000)]
  0x00000007df94d800 JavaThread "Thread-15" daemon [_thread_in_native, id=59395, stack(0x00000001735e4000,0x00000001737e7000)]
  0x00000007df94de00 JavaThread "Thread-16" daemon [_thread_blocked, id=49411, stack(0x00000001737f0000,0x00000001739f3000)]
  0x00000007df94e400 JavaThread "Thread-17" daemon [_thread_blocked, id=58627, stack(0x00000001739fc000,0x0000000173bff000)]
  0x00000007df94ea00 JavaThread "Thread-18" daemon [_thread_blocked, id=58115, stack(0x0000000173c08000,0x0000000173e0b000)]
  0x00000007df94f000 JavaThread "Thread-19" daemon [_thread_blocked, id=49667, stack(0x0000000173e14000,0x0000000174017000)]
  0x00000007df94f600 JavaThread "Thread-20" daemon [_thread_blocked, id=50179, stack(0x0000000174020000,0x0000000174223000)]
  0x00000007df958000 JavaThread "mongodb-rust-log-refresh" daemon [_thread_blocked, id=57347, stack(0x000000017422c000,0x000000017442f000)]
  0x00000007df958c00 JavaThread "Thread-22" daemon [_thread_blocked, id=55043, stack(0x0000000176910000,0x0000000176b13000)]
  0x00000007df959800 JavaThread "cluster-rtt-ClusterId{value='699b78266bed793ecaf1c215', description='null'}-localhost:27017" daemon [_thread_blocked, id=54787, stack(0x0000000176b1c000,0x0000000176d1f000)]
  0x00000007df959200 JavaThread "MaintenanceTimer-4-thread-1" daemon [_thread_blocked, id=54019, stack(0x0000000176d28000,0x0000000176f2b000)]
  0x00000007df95a400 JavaThread "process reaper (pid 99202)" daemon [_thread_in_native, id=65795, stack(0x0000000176f34000,0x0000000176f6b000)]
  0x00000007df95aa00 JavaThread "Attach Listener" daemon [_thread_blocked, id=66307, stack(0x0000000176f74000,0x0000000177177000)]
  0x00000007dfb6ea00 JavaThread "async-channel-group-0-selector" [_thread_in_native, id=72463, stack(0x0000000177180000,0x0000000177383000)]
  0x00000007dfb6f000 JavaThread "Thread-30" daemon [_thread_in_native, id=69907, stack(0x000000017738c000,0x000000017758f000)]
  0x00000007dfb6f600 JavaThread "AsyncGetter-9-thread-1" daemon [_thread_blocked, id=70407, stack(0x0000000177598000,0x000000017779b000)]
  0x00000007df485800 JavaThread "cluster-ClusterId{value='699b78266bed793ecaf1c217', description='null'}-localhost:27017" daemon [_thread_blocked, id=70667, stack(0x00000001777a4000,0x00000001779a7000)]
  0x00000007df486a00 JavaThread "async-channel-group-0-timeout-thread" daemon [_thread_blocked, id=67591, stack(0x0000000179c7c000,0x0000000179e7f000)]
  0x00000007df487600 JavaThread "AsyncGetter-13-thread-1" daemon [_thread_blocked, id=73999, stack(0x0000000179e88000,0x000000017a08b000)]
  0x00000007df484c00 JavaThread "cluster-ClusterId{value='699b78266bed793ecaf1c219', description='null'}-localhost:27017" daemon [_thread_blocked, id=81423, stack(0x000000017a094000,0x000000017a297000)]
  0x00000007df486400 JavaThread "cluster-rtt-ClusterId{value='699b78266bed793ecaf1c219', description='null'}-localhost:27017" daemon [_thread_blocked, id=68371, stack(0x000000017c56c000,0x000000017c76f000)]
  0x00000007df484000 JavaThread "MaintenanceTimer-12-thread-1" daemon [_thread_blocked, id=67363, stack(0x000000017c778000,0x000000017c97b000)]
  0x00000007df4c8000 JavaThread "AsyncGetter-15-thread-1" daemon [_thread_blocked, id=86035, stack(0x000000017c984000,0x000000017cb87000)]
  0x00000007df4c8600 JavaThread "cluster-ClusterId{value='699b78266bed793ecaf1c21a', description='null'}-localhost:27017" daemon [_thread_blocked, id=74755, stack(0x000000017cb90000,0x000000017cd93000)]
  0x00000007df4c8c00 JavaThread "AsyncGetter-17-thread-1" daemon [_thread_blocked, id=77827, stack(0x000000017f068000,0x000000017f26b000)]
  0x00000007df4c9200 JavaThread "cluster-ClusterId{value='699b78266bed793ecaf1c21b', description='null'}-localhost:27017" daemon [_thread_blocked, id=79107, stack(0x000000017f274000,0x000000017f477000)]
  0x00000007df4c9800 JavaThread "AsyncGetter-19-thread-1" daemon [_thread_blocked, id=88579, stack(0x0000000402094000,0x0000000402297000)]
  0x00000007df4c9e00 JavaThread "cluster-ClusterId{value='699b78266bed793ecaf1c21c', description='null'}-localhost:27017" daemon [_thread_blocked, id=128515, stack(0x00000004022a0000,0x00000004024a3000)]
  0x00000007df4ca400 JavaThread "AsyncGetter-21-thread-1" daemon [_thread_blocked, id=91651, stack(0x0000000404778000,0x000000040497b000)]
  0x00000007df4caa00 JavaThread "cluster-ClusterId{value='699b78266bed793ecaf1c21d', description='null'}-localhost:27017" daemon [_thread_blocked, id=126211, stack(0x0000000404984000,0x0000000404b87000)]
  0x00000007df4cb600 JavaThread "AsyncGetter-23-thread-1" daemon [_thread_blocked, id=123139, stack(0x0000000406e5c000,0x000000040705f000)]
  0x00000007dfbc0000 JavaThread "cluster-ClusterId{value='699b78266bed793ecaf1c21e', description='null'}-localhost:27017" daemon [_thread_blocked, id=122883, stack(0x0000000407068000,0x000000040726b000)]
  0x00000007dfbc0c00 JavaThread "AsyncGetter-25-thread-1" daemon [_thread_blocked, id=120067, stack(0x0000000409540000,0x0000000409743000)]
  0x00000007dfbc1200 JavaThread "cluster-ClusterId{value='699b78266bed793ecaf1c21f', description='null'}-localhost:27017" daemon [_thread_blocked, id=119811, stack(0x000000040974c000,0x000000040994f000)]
  0x00000007dfbc1800 JavaThread "cluster-rtt-ClusterId{value='699b78266bed793ecaf1c21a', description='null'}-localhost:27017" daemon [_thread_blocked, id=116483, stack(0x000000040bc24000,0x000000040be27000)]
  0x00000007dfbc1e00 JavaThread "AsyncGetter-27-thread-1" daemon [_thread_blocked, id=98307, stack(0x000000040be30000,0x000000040c033000)]
  0x00000007dfbc2400 JavaThread "cluster-ClusterId{value='699b78266bed793ecaf1c220', description='null'}-localhost:27017" daemon [_thread_blocked, id=98563, stack(0x000000040c03c000,0x000000040c23f000)]
  0x00000007dfbc2a00 JavaThread "MaintenanceTimer-14-thread-1" daemon [_thread_blocked, id=115971, stack(0x000000040c248000,0x000000040c44b000)]
  0x00000007dfbc3000 JavaThread "AsyncGetter-29-thread-1" daemon [_thread_blocked, id=113411, stack(0x000000040e720000,0x000000040e923000)]
  0x00000007dfbc3600 JavaThread "cluster-ClusterId{value='699b78266bed793ecaf1c221', description='null'}-localhost:27017" daemon [_thread_blocked, id=101635, stack(0x000000040e92c000,0x000000040eb2f000)]
  0x00000007df500600 JavaThread "cluster-rtt-ClusterId{value='699b78266bed793ecaf1c21b', description='null'}-localhost:27017" daemon [_thread_blocked, id=111363, stack(0x0000000410e04000,0x0000000411007000)]
  0x00000007df500c00 JavaThread "MaintenanceTimer-16-thread-1" daemon [_thread_blocked, id=104963, stack(0x0000000411010000,0x0000000411213000)]
  0x00000007df501200 JavaThread "Thread-32" daemon [_thread_blocked, id=105219, stack(0x000000041121c000,0x000000041141f000)]
  0x00000007df501e00 JavaThread "cluster-rtt-ClusterId{value='699b78266bed793ecaf1c21c', description='null'}-localhost:27017" daemon [_thread_blocked, id=110595, stack(0x0000000411428000,0x000000041162b000)]
  0x00000007df502400 JavaThread "MaintenanceTimer-18-thread-1" daemon [_thread_blocked, id=105475, stack(0x0000000411634000,0x0000000411837000)]
  0x00000007df502a00 JavaThread "cluster-rtt-ClusterId{value='699b78266bed793ecaf1c21d', description='null'}-localhost:27017" daemon [_thread_blocked, id=105731, stack(0x0000000411840000,0x0000000411a43000)]
  0x00000007df503000 JavaThread "MaintenanceTimer-20-thread-1" daemon [_thread_blocked, id=106243, stack(0x0000000411a4c000,0x0000000411c4f000)]
  0x00000007df503600 JavaThread "cluster-rtt-ClusterId{value='699b78266bed793ecaf1c21e', description='null'}-localhost:27017" daemon [_thread_blocked, id=109827, stack(0x0000000411c58000,0x0000000411e5b000)]
  0x00000007dec60000 JavaThread "MaintenanceTimer-22-thread-1" daemon [_thread_blocked, id=109315, stack(0x0000000411e64000,0x0000000412067000)]
  0x00000007dec60600 JavaThread "cluster-rtt-ClusterId{value='699b78266bed793ecaf1c21f', description='null'}-localhost:27017" daemon [_thread_blocked, id=109059, stack(0x0000000412070000,0x0000000412273000)]
  0x00000007dec60c00 JavaThread "MaintenanceTimer-24-thread-1" daemon [_thread_blocked, id=107011, stack(0x000000041227c000,0x000000041247f000)]
  0x00000007dec61200 JavaThread "cluster-rtt-ClusterId{value='699b78266bed793ecaf1c220', description='null'}-localhost:27017" daemon [_thread_blocked, id=108291, stack(0x0000000412488000,0x000000041268b000)]
  0x00000007dec61800 JavaThread "MaintenanceTimer-26-thread-1" daemon [_thread_blocked, id=107779, stack(0x0000000412694000,0x0000000412897000)]
  0x00000007dec61e00 JavaThread "pool-2-thread-1" [_thread_blocked, id=107267, stack(0x00000004128a0000,0x0000000412aa3000)]
  0x00000007dec62400 JavaThread "cluster-rtt-ClusterId{value='699b78266bed793ecaf1c221', description='null'}-localhost:27017" daemon [_thread_blocked, id=174339, stack(0x0000000412aac000,0x0000000412caf000)]
  0x00000007dec62a00 JavaThread "MaintenanceTimer-28-thread-1" daemon [_thread_blocked, id=173827, stack(0x0000000412cb8000,0x0000000412ebb000)]
  0x00000007dec63000 JavaThread "pool-2-thread-2" [_thread_blocked, id=173315, stack(0x0000000412ec4000,0x00000004130c7000)]
  0x00000007dec63600 JavaThread "pool-2-thread-3" [_thread_blocked, id=131331, stack(0x00000004130d0000,0x00000004132d3000)]
  0x00000007e33ec000 JavaThread "cluster-ClusterId{value='699b78286bed793ecaf1c230', description='null'}-localhost:27017" daemon [_thread_in_native, id=64523, stack(0x0000000170ae8000,0x0000000170ceb000)]
  0x00000007e4fe5200 JavaThread "cluster-rtt-ClusterId{value='699b78286bed793ecaf1c230', description='null'}-localhost:27017" daemon [_thread_blocked, id=133395, stack(0x00000004157b4000,0x00000004159b7000)]
  0x00000007e4fe6400 JavaThread "MaintenanceTimer-32-thread-1" daemon [_thread_blocked, id=131599, stack(0x00000004159c0000,0x0000000415bc3000)]
  0x00000007df526a00 JavaThread "AsyncGetter-82-thread-1" daemon [_thread_blocked, id=42803, stack(0x00000001708dc000,0x0000000170adf000)]
  0x00000007df527000 JavaThread "cluster-ClusterId{value='699b78286bed793ecaf1c279', description='null'}-localhost:27017" daemon [_thread_blocked, id=135379, stack(0x0000000415bcc000,0x0000000415dcf000)]
  0x00000007df525e00 JavaThread "AsyncGetter-84-thread-1" daemon [_thread_blocked, id=166763, stack(0x00000004180a4000,0x00000004182a7000)]
  0x00000007df527600 JavaThread "cluster-ClusterId{value='699b78286bed793ecaf1c27a', description='null'}-localhost:27017" daemon [_thread_blocked, id=133915, stack(0x00000004182b0000,0x00000004184b3000)]
  0x00000007dec9f600 JavaThread "cluster-rtt-ClusterId{value='699b78286bed793ecaf1c279', description='null'}-localhost:27017" daemon [_thread_blocked, id=137987, stack(0x000000041a788000,0x000000041a98b000)]
  0x00000007ded20000 JavaThread "MaintenanceTimer-81-thread-1" daemon [_thread_blocked, id=162563, stack(0x000000041a994000,0x000000041ab97000)]
  0x00000007ded20c00 JavaThread "cluster-rtt-ClusterId{value='699b78286bed793ecaf1c27a', description='null'}-localhost:27017" daemon [_thread_blocked, id=162307, stack(0x000000041aba0000,0x000000041ada3000)]
  0x00000007ded21200 JavaThread "MaintenanceTimer-83-thread-1" daemon [_thread_blocked, id=162051, stack(0x000000041adac000,0x000000041afaf000)]
  0x00000007ded22400 JavaThread "async-channel-group-1-selector" [_thread_in_native, id=138755, stack(0x000000041afb8000,0x000000041b1bb000)]
  0x00000007ded22a00 JavaThread "Thread-181" daemon [_thread_in_native, id=139267, stack(0x000000041b1c4000,0x000000041b3c7000)]
  0x00000007ded23000 JavaThread "AsyncGetter-86-thread-1" daemon [_thread_blocked, id=139779, stack(0x000000041b3d0000,0x000000041b5d3000)]
  0x00000007ded23600 JavaThread "cluster-ClusterId{value='699b78296bed793ecaf1c27b', description='null'}-localhost:27020" daemon [_thread_blocked, id=140291, stack(0x000000041b5dc000,0x000000041b7df000)]
  0x00000007dec9d200 JavaThread "AsyncGetter-88-thread-1" daemon [_thread_blocked, id=44047, stack(0x000000016dfec000,0x000000016e1ef000)]
  0x00000007dec9e400 JavaThread "cluster-ClusterId{value='699b78296bed793ecaf1c27c', description='null'}-localhost:27017" daemon [_thread_blocked, id=64783, stack(0x000000016ec34000,0x000000016ee37000)]
  0x00000007dec9de00 JavaThread "AsyncGetter-90-thread-1" daemon [_thread_blocked, id=145411, stack(0x000000041fb74000,0x000000041fd77000)]
  0x00000007ded54000 JavaThread "cluster-ClusterId{value='699b78296bed793ecaf1c27d', description='null'}-localhost:27017" daemon [_thread_blocked, id=156931, stack(0x000000041fd80000,0x000000041ff83000)]
  0x00000007ded54600 JavaThread "async-channel-group-2-selector" [_thread_in_native, id=148483, stack(0x0000000422258000,0x000000042245b000)]
  0x00000007ded54c00 JavaThread "Thread-209" daemon [_thread_in_native, id=154883, stack(0x0000000422464000,0x0000000422667000)]
  0x00000007ded55800 JavaThread "AsyncGetter-92-thread-1" daemon [_thread_blocked, id=149763, stack(0x0000000422670000,0x0000000422873000)]
  0x00000007ded55e00 JavaThread "cluster-ClusterId{value='699b78296bed793ecaf1c27e', description='null'}-localhost:27020" daemon [_thread_blocked, id=154627, stack(0x000000042287c000,0x0000000422a7f000)]
  0x00000007ded56400 JavaThread "MaintenanceTimer-91-thread-1" daemon [_thread_blocked, id=174851, stack(0x0000000424d54000,0x0000000424f57000)]
  0x00000007ded56a00 JavaThread "cluster-rtt-ClusterId{value='699b78296bed793ecaf1c27c', description='null'}-localhost:27017" daemon [_thread_blocked, id=261635, stack(0x0000000424f60000,0x0000000425163000)]
  0x00000007ded57000 JavaThread "MaintenanceTimer-87-thread-1" daemon [_thread_blocked, id=261379, stack(0x000000042516c000,0x000000042536f000)]
  0x00000007ded57600 JavaThread "cluster-699b78296bed793ecaf1c27c" daemon [_thread_blocked, id=175363, stack(0x0000000425378000,0x000000042557b000)]
  0x00000007df838600 JavaThread "cluster-rtt-ClusterId{value='699b78296bed793ecaf1c27d', description='null'}-localhost:27017" daemon [_thread_blocked, id=175875, stack(0x0000000425584000,0x0000000425787000)]
  0x00000007df838000 JavaThread "MaintenanceTimer-89-thread-1" daemon [_thread_blocked, id=176387, stack(0x0000000425790000,0x0000000425993000)]
  0x00000007dec9d800 JavaThread "AsyncGetter-94-thread-1" daemon [_thread_blocked, id=43547, stack(0x000000016e1f8000,0x000000016e3fb000)]
  0x00000007dec9cc00 JavaThread "cluster-ClusterId{value='699b782a6bed793ecaf1c27f', description='null'}-localhost:27017" daemon [_thread_blocked, id=260355, stack(0x000000016ea28000,0x000000016ec2b000)]
  0x00000007dfb6cc00 JavaThread "AsyncGetter-96-thread-1" daemon [_thread_blocked, id=257027, stack(0x0000000427c68000,0x0000000427e6b000)]
  0x00000007df95b000 JavaThread "cluster-ClusterId{value='699b782a6bed793ecaf1c280', description='null'}-localhost:27017" daemon [_thread_blocked, id=178179, stack(0x0000000427e74000,0x0000000428077000)]
  0x00000007df959e00 JavaThread "async-channel-group-3-selector" [_thread_in_native, id=180227, stack(0x000000042a34c000,0x000000042a54f000)]
  0x00000007e3db7000 JavaThread "Thread-236" daemon [_thread_in_native, id=180739, stack(0x000000042a558000,0x000000042a75b000)]
  0x00000007e3db6a00 JavaThread "AsyncGetter-98-thread-1" daemon [_thread_blocked, id=180995, stack(0x000000042a764000,0x000000042a967000)]
  0x00000007e3db6400 JavaThread "cluster-ClusterId{value='699b782a6bed793ecaf1c281', description='null'}-localhost:27020" daemon [_thread_blocked, id=253187, stack(0x000000042a970000,0x000000042ab73000)]
  0x00000007e3db5e00 JavaThread "cluster-699b782a6bed793ecaf1c27f" daemon [_thread_blocked, id=250627, stack(0x000000042ce48000,0x000000042d04b000)]
  0x00000007e3db5800 JavaThread "MaintenanceTimer-97-thread-1" daemon [_thread_blocked, id=250371, stack(0x000000042d054000,0x000000042d257000)]
  0x00000007e3db5200 JavaThread "cluster-rtt-ClusterId{value='699b782a6bed793ecaf1c27f', description='null'}-localhost:27017" daemon [_thread_blocked, id=183811, stack(0x000000042d260000,0x000000042d463000)]
  0x00000007df40a400 JavaThread "MaintenanceTimer-93-thread-1" daemon [_thread_blocked, id=184067, stack(0x000000042d46c000,0x000000042d66f000)]
  0x00000007dffa3000 JavaThread "cluster-rtt-ClusterId{value='699b782a6bed793ecaf1c280', description='null'}-localhost:27017" daemon [_thread_blocked, id=249347, stack(0x000000042d678000,0x000000042d87b000)]
  0x00000007dffa2400 JavaThread "MaintenanceTimer-95-thread-1" daemon [_thread_blocked, id=249091, stack(0x000000042d884000,0x000000042da87000)]
  0x00000007dffa3600 JavaThread "AsyncGetter-100-thread-1" daemon [_thread_blocked, id=248579, stack(0x000000042da90000,0x000000042dc93000)]
  0x00000007e33ede00 JavaThread "cluster-ClusterId{value='699b782a6bed793ecaf1c282', description='null'}-localhost:27017" daemon [_thread_blocked, id=248067, stack(0x000000042dc9c000,0x000000042de9f000)]
  0x00000007e33ee400 JavaThread "AsyncGetter-102-thread-1" daemon [_thread_blocked, id=187907, stack(0x0000000430174000,0x0000000430377000)]
  0x00000007e33ed200 JavaThread "cluster-ClusterId{value='699b782a6bed793ecaf1c283', description='null'}-localhost:27017" daemon [_thread_blocked, id=245763, stack(0x0000000430380000,0x0000000430583000)]
  0x00000007dee14000 JavaThread "async-channel-group-4-selector" [_thread_in_native, id=243203, stack(0x0000000432858000,0x0000000432a5b000)]
  0x00000007dee14600 JavaThread "Thread-263" daemon [_thread_in_native, id=242947, stack(0x0000000432a64000,0x0000000432c67000)]
  0x00000007dee14c00 JavaThread "AsyncGetter-104-thread-1" daemon [_thread_blocked, id=191235, stack(0x0000000432c70000,0x0000000432e73000)]
  0x00000007dee15200 JavaThread "cluster-ClusterId{value='699b782a6bed793ecaf1c284', description='null'}-localhost:27020" daemon [_thread_blocked, id=191747, stack(0x0000000432e7c000,0x000000043307f000)]
  0x00000007dee15800 JavaThread "MaintenanceTimer-103-thread-1" daemon [_thread_blocked, id=240131, stack(0x0000000435354000,0x0000000435557000)]
  0x00000007dee15e00 JavaThread "cluster-rtt-ClusterId{value='699b782a6bed793ecaf1c282', description='null'}-localhost:27017" daemon [_thread_blocked, id=194051, stack(0x0000000435560000,0x0000000435763000)]
  0x00000007dee16400 JavaThread "cluster-699b782a6bed793ecaf1c282" daemon [_thread_blocked, id=194563, stack(0x000000043576c000,0x000000043596f000)]
  0x00000007dee16a00 JavaThread "MaintenanceTimer-99-thread-1" daemon [_thread_blocked, id=239619, stack(0x0000000435978000,0x0000000435b7b000)]
  0x00000007dee17000 JavaThread "cluster-rtt-ClusterId{value='699b782a6bed793ecaf1c283', description='null'}-localhost:27017" daemon [_thread_blocked, id=239107, stack(0x0000000435b84000,0x0000000435d87000)]
  0x00000007dee17600 JavaThread "MaintenanceTimer-101-thread-1" daemon [_thread_blocked, id=238851, stack(0x0000000435d90000,0x0000000435f93000)]
  0x00000007df95b600 JavaThread "AsyncGetter-106-thread-1" daemon [_thread_blocked, id=238339, stack(0x000000016dde0000,0x000000016dfe3000)]
  0x00000007dee40000 JavaThread "cluster-ClusterId{value='699b782a6bed793ecaf1c285', description='null'}-localhost:27017" daemon [_thread_blocked, id=195843, stack(0x0000000435f9c000,0x000000043619f000)]
  0x00000007dee40600 JavaThread "AsyncGetter-108-thread-1" daemon [_thread_blocked, id=197891, stack(0x0000000438474000,0x0000000438677000)]
  0x00000007dee40c00 JavaThread "cluster-ClusterId{value='699b782a6bed793ecaf1c286', description='null'}-localhost:27017" daemon [_thread_blocked, id=198147, stack(0x0000000438680000,0x0000000438883000)]
  0x00000007dee41200 JavaThread "async-channel-group-5-selector" [_thread_in_native, id=232707, stack(0x000000043ab58000,0x000000043ad5b000)]
  0x00000007dee41800 JavaThread "Thread-290" daemon [_thread_in_native, id=200707, stack(0x000000043ad64000,0x000000043af67000)]
  0x00000007dee41e00 JavaThread "AsyncGetter-110-thread-1" daemon [_thread_blocked, id=201219, stack(0x000000043af70000,0x000000043b173000)]
  0x00000007dee42400 JavaThread "cluster-ClusterId{value='699b782a6bed793ecaf1c287', description='null'}-localhost:27020" daemon [_thread_blocked, id=231939, stack(0x000000043b17c000,0x000000043b37f000)]
  0x00000007dee42a00 JavaThread "cluster-rtt-ClusterId{value='699b782a6bed793ecaf1c285', description='null'}-localhost:27017" daemon [_thread_blocked, id=229635, stack(0x000000043d654000,0x000000043d857000)]
  0x00000007dee43000 JavaThread "MaintenanceTimer-109-thread-1" daemon [_thread_blocked, id=204035, stack(0x000000043d860000,0x000000043da63000)]
  0x00000007dee58000 JavaThread "MaintenanceTimer-105-thread-1" daemon [_thread_blocked, id=228867, stack(0x000000043da6c000,0x000000043dc6f000)]
  0x00000007dee58c00 JavaThread "cluster-699b782a6bed793ecaf1c285" daemon [_thread_blocked, id=228355, stack(0x000000043dc78000,0x000000043de7b000)]
  0x00000007dee58600 JavaThread "cluster-rtt-ClusterId{value='699b782a6bed793ecaf1c286', description='null'}-localhost:27017" daemon [_thread_blocked, id=228099, stack(0x000000043de84000,0x000000043e087000)]
  0x00000007dee59200 JavaThread "MaintenanceTimer-107-thread-1" daemon [_thread_blocked, id=227587, stack(0x000000043e090000,0x000000043e293000)]
  0x00000007dee59800 JavaThread "AsyncGetter-112-thread-1" daemon [_thread_blocked, id=227075, stack(0x000000043e29c000,0x000000043e49f000)]
  0x00000007dee59e00 JavaThread "cluster-ClusterId{value='699b782a6bed793ecaf1c288', description='null'}-localhost:27017" daemon [_thread_blocked, id=226819, stack(0x000000043e4a8000,0x000000043e6ab000)]
  0x00000007dee5a400 JavaThread "AsyncGetter-114-thread-1" daemon [_thread_blocked, id=207875, stack(0x0000000440980000,0x0000000440b83000)]
  0x00000007dee5aa00 JavaThread "cluster-ClusterId{value='699b782a6bed793ecaf1c289', description='null'}-localhost:27017" daemon [_thread_blocked, id=208131, stack(0x0000000440b8c000,0x0000000440d8f000)]
  0x00000007dee5b000 JavaThread "async-channel-group-6-selector" [_thread_in_native, id=220931, stack(0x0000000443064000,0x0000000443267000)]
  0x00000007dee5b600 JavaThread "Thread-317" daemon [_thread_in_native, id=220675, stack(0x0000000443270000,0x0000000443473000)]
  0x00000007dee90600 JavaThread "AsyncGetter-116-thread-1" daemon [_thread_blocked, id=220163, stack(0x000000044347c000,0x000000044367f000)]
  0x00000007dee90000 JavaThread "cluster-ClusterId{value='699b782a6bed793ecaf1c28a', description='null'}-localhost:27020" daemon [_thread_blocked, id=210179, stack(0x0000000443688000,0x000000044388b000)]
  0x00000007dee90c00 JavaThread "MaintenanceTimer-115-thread-1" daemon [_thread_blocked, id=217347, stack(0x0000000445b60000,0x0000000445d63000)]
  0x00000007dee91200 JavaThread "cluster-699b782a6bed793ecaf1c288" daemon [_thread_blocked, id=216835, stack(0x0000000445d6c000,0x0000000445f6f000)]
  0x00000007dee91800 JavaThread "cluster-rtt-ClusterId{value='699b782a6bed793ecaf1c288', description='null'}-localhost:27017" daemon [_thread_blocked, id=212739, stack(0x0000000445f78000,0x000000044617b000)]
  0x00000007dee91e00 JavaThread "MaintenanceTimer-111-thread-1" daemon [_thread_blocked, id=212995, stack(0x0000000446184000,0x0000000446387000)]
  0x00000007dee92400 JavaThread "cluster-rtt-ClusterId{value='699b782a6bed793ecaf1c289', description='null'}-localhost:27017" daemon [_thread_blocked, id=213507, stack(0x0000000446390000,0x0000000446593000)]
  0x00000007dee92a00 JavaThread "MaintenanceTimer-113-thread-1" daemon [_thread_blocked, id=214019, stack(0x000000044659c000,0x000000044679f000)]
  0x00000007dee93000 JavaThread "AsyncGetter-118-thread-1" daemon [_thread_blocked, id=216067, stack(0x00000004467a8000,0x00000004469ab000)]
  0x00000007dee93600 JavaThread "cluster-ClusterId{value='699b782b6bed793ecaf1c28b', description='null'}-localhost:27017" daemon [_thread_blocked, id=215811, stack(0x00000004469b4000,0x0000000446bb7000)]
  0x00000007deea0600 JavaThread "AsyncGetter-120-thread-1" daemon [_thread_blocked, id=264451, stack(0x0000000448e8c000,0x000000044908f000)]
  0x00000007deea0000 JavaThread "cluster-ClusterId{value='699b782b6bed793ecaf1c28c', description='null'}-localhost:27017" daemon [_thread_blocked, id=264707, stack(0x0000000449098000,0x000000044929b000)]
  0x00000007deea0c00 JavaThread "async-channel-group-7-selector" [_thread_in_native, id=267523, stack(0x000000044b570000,0x000000044b773000)]
  0x00000007deea1200 JavaThread "Thread-344" daemon [_thread_in_native, id=268035, stack(0x000000044b77c000,0x000000044b97f000)]
  0x00000007deea1800 JavaThread "AsyncGetter-122-thread-1" daemon [_thread_blocked, id=268291, stack(0x000000044b988000,0x000000044bb8b000)]
  0x00000007deea1e00 JavaThread "cluster-ClusterId{value='699b782b6bed793ecaf1c28d', description='null'}-localhost:27020" daemon [_thread_blocked, id=344835, stack(0x000000044bb94000,0x000000044bd97000)]
  0x00000007deea2400 JavaThread "cluster-699b782b6bed793ecaf1c28b" daemon [_thread_blocked, id=342275, stack(0x000000044e06c000,0x000000044e26f000)]
  0x00000007deea2a00 JavaThread "MaintenanceTimer-121-thread-1" daemon [_thread_blocked, id=271107, stack(0x000000044e278000,0x000000044e47b000)]
  0x00000007deea3000 JavaThread "cluster-rtt-ClusterId{value='699b782b6bed793ecaf1c28b', description='null'}-localhost:27017" daemon [_thread_blocked, id=271363, stack(0x000000044e484000,0x000000044e687000)]
  0x00000007deea3600 JavaThread "MaintenanceTimer-117-thread-1" daemon [_thread_blocked, id=271875, stack(0x000000044e690000,0x000000044e893000)]
  0x00000007deee8600 JavaThread "cluster-rtt-ClusterId{value='699b782b6bed793ecaf1c28c', description='null'}-localhost:27017" daemon [_thread_blocked, id=272131, stack(0x000000044e89c000,0x000000044ea9f000)]
  0x00000007deee8000 JavaThread "MaintenanceTimer-119-thread-1" daemon [_thread_blocked, id=340995, stack(0x000000044eaa8000,0x000000044ecab000)]
  0x00000007deee8c00 JavaThread "AsyncGetter-124-thread-1" daemon [_thread_blocked, id=339971, stack(0x000000044ecb4000,0x000000044eeb7000)]
  0x00000007deee9200 JavaThread "cluster-ClusterId{value='699b782b6bed793ecaf1c28e', description='null'}-localhost:27017" daemon [_thread_blocked, id=272643, stack(0x000000044eec0000,0x000000044f0c3000)]
  0x00000007deee9800 JavaThread "AsyncGetter-126-thread-1" daemon [_thread_blocked, id=336643, stack(0x0000000451398000,0x000000045159b000)]
  0x00000007deee9e00 JavaThread "cluster-ClusterId{value='699b782b6bed793ecaf1c28f', description='null'}-localhost:27017" daemon [_thread_blocked, id=274691, stack(0x00000004515a4000,0x00000004517a7000)]
  0x00000007deeea400 JavaThread "async-channel-group-8-selector" [_thread_in_native, id=277251, stack(0x0000000453a7c000,0x0000000453c7f000)]
  0x00000007deeeaa00 JavaThread "Thread-371" daemon [_thread_in_native, id=333827, stack(0x0000000453c88000,0x0000000453e8b000)]
  0x00000007deeeb000 JavaThread "AsyncGetter-128-thread-1" daemon [_thread_blocked, id=277763, stack(0x0000000453e94000,0x0000000454097000)]
  0x00000007deeeb600 JavaThread "cluster-ClusterId{value='699b782b6bed793ecaf1c290', description='null'}-localhost:27020" daemon [_thread_blocked, id=278275, stack(0x00000004540a0000,0x00000004542a3000)]
  0x00000007dee43600 JavaThread "cluster-rtt-ClusterId{value='699b782b6bed793ecaf1c28e', description='null'}-localhost:27017" daemon [_thread_blocked, id=331267, stack(0x0000000456578000,0x000000045677b000)]
  0x00000007def68000 JavaThread "MaintenanceTimer-127-thread-1" daemon [_thread_blocked, id=281091, stack(0x0000000456784000,0x0000000456987000)]
  0x00000007def68600 JavaThread "cluster-699b782b6bed793ecaf1c28e" daemon [_thread_blocked, id=330499, stack(0x0000000456990000,0x0000000456b93000)]
  0x00000007def68c00 JavaThread "MaintenanceTimer-123-thread-1" daemon [_thread_blocked, id=329987, stack(0x0000000456b9c000,0x0000000456d9f000)]
  0x00000007def69200 JavaThread "cluster-rtt-ClusterId{value='699b782b6bed793ecaf1c28f', description='null'}-localhost:27017" daemon [_thread_blocked, id=281347, stack(0x0000000456da8000,0x0000000456fab000)]
  0x00000007def69800 JavaThread "MaintenanceTimer-125-thread-1" daemon [_thread_blocked, id=281859, stack(0x0000000456fb4000,0x00000004571b7000)]
  0x00000007def69e00 JavaThread "AsyncGetter-130-thread-1" daemon [_thread_blocked, id=328963, stack(0x00000004571c0000,0x00000004573c3000)]
  0x00000007def6aa00 JavaThread "cluster-ClusterId{value='699b782b6bed793ecaf1c291', description='null'}-localhost:27017" daemon [_thread_blocked, id=282627, stack(0x00000004573cc000,0x00000004575cf000)]
  0x00000007def6b000 JavaThread "AsyncGetter-132-thread-1" daemon [_thread_blocked, id=285187, stack(0x00000004598a4000,0x0000000459aa7000)]
  0x00000007def6b600 JavaThread "cluster-ClusterId{value='699b782b6bed793ecaf1c292', description='null'}-localhost:27017" daemon [_thread_blocked, id=326147, stack(0x0000000459ab0000,0x0000000459cb3000)]
  0x00000007def84000 JavaThread "async-channel-group-9-selector" [_thread_in_native, id=323843, stack(0x000000045bf88000,0x000000045c18b000)]
  0x00000007def84600 JavaThread "Thread-398" daemon [_thread_in_native, id=323331, stack(0x000000045c194000,0x000000045c397000)]
  0x00000007def84c00 JavaThread "AsyncGetter-134-thread-1" daemon [_thread_blocked, id=322819, stack(0x000000045c3a0000,0x000000045c5a3000)]
  0x00000007def85200 JavaThread "cluster-ClusterId{value='699b782b6bed793ecaf1c293', description='null'}-localhost:27020" daemon [_thread_blocked, id=288515, stack(0x000000045c5ac000,0x000000045c7af000)]
  0x00000007def85800 JavaThread "MaintenanceTimer-133-thread-1" daemon [_thread_blocked, id=319235, stack(0x000000045ea84000,0x000000045ec87000)]
  0x00000007def85e00 JavaThread "cluster-699b782b6bed793ecaf1c291" daemon [_thread_blocked, id=318979, stack(0x000000045ec90000,0x000000045ee93000)]
  0x00000007def86400 JavaThread "cluster-rtt-ClusterId{value='699b782b6bed793ecaf1c291', description='null'}-localhost:27017" daemon [_thread_blocked, id=290307, stack(0x000000045ee9c000,0x000000045f09f000)]
  0x00000007def86a00 JavaThread "MaintenanceTimer-129-thread-1" daemon [_thread_blocked, id=318211, stack(0x000000045f0a8000,0x000000045f2ab000)]
  0x00000007def87000 JavaThread "cluster-rtt-ClusterId{value='699b782b6bed793ecaf1c292', description='null'}-localhost:27017" daemon [_thread_blocked, id=317699, stack(0x000000045f2b4000,0x000000045f4b7000)]
  0x00000007def87600 JavaThread "MaintenanceTimer-131-thread-1" daemon [_thread_blocked, id=317443, stack(0x000000045f4c0000,0x000000045f6c3000)]
  0x00000007deff3600 JavaThread "pool-2-thread-4" [_thread_blocked, id=104467, stack(0x000000046719c000,0x000000046739f000)]
  0x00000007deff0600 JavaThread "pool-2-thread-5" [_thread_blocked, id=123407, stack(0x00000004675b4000,0x00000004677b7000)]
  0x00000007df5f1200 JavaThread "MaintenanceTimer-85-thread-1" daemon [_thread_blocked, id=313075, stack(0x000000016d5b0000,0x000000016d7b3000)]
  0x00000007e4fe5e00 JavaThread "cluster-ClusterId{value='699b78416bed793ecaf1c356', description='null'}-localhost:27017" daemon [_thread_in_native, id=174675, stack(0x0000000170cf4000,0x0000000170ef7000)]
  0x00000007df5f0c00 JavaThread "cluster-rtt-ClusterId{value='699b78416bed793ecaf1c356', description='null'}-localhost:27017" daemon [_thread_blocked, id=312735, stack(0x00000004132dc000,0x00000004134df000)]
  0x00000007df5f2a00 JavaThread "MaintenanceTimer-509-thread-1" daemon [_thread_blocked, id=296059, stack(0x000000045f6cc000,0x000000045f8cf000)]
  0x00000007de867000 JavaThread "parallel-1" daemon [_thread_blocked, id=149515, stack(0x0000000462c04000,0x0000000462e07000)]
  0x00000007defb5e00 JavaThread "AsyncGetter-582-thread-1" daemon [_thread_blocked, id=312083, stack(0x0000000460938000,0x0000000460b3b000)]
  0x00000007defb4600 JavaThread "cluster-ClusterId{value='699b78d66bed793ecaf1c3ad', description='null'}-localhost:27017" daemon [_thread_blocked, id=312459, stack(0x0000000460b44000,0x0000000460d47000)]
  0x00000007df525800 JavaThread "cluster-rtt-ClusterId{value='699b78d66bed793ecaf1c3ad', description='null'}-localhost:27017" daemon [_thread_blocked, id=315043, stack(0x00000004679cc000,0x0000000467bcf000)]
  0x00000007dffa1e00 JavaThread "MaintenanceTimer-581-thread-1" daemon [_thread_blocked, id=307619, stack(0x0000000467bd8000,0x0000000467ddb000)]
  0x00000007de865800 JavaThread "async-channel-group-126-selector" [_thread_in_native, id=311711, stack(0x000000045f8d8000,0x000000045fadb000)]
  0x00000007de866400 JavaThread "Thread-808" daemon [_thread_in_native, id=53403, stack(0x000000045fae4000,0x000000045fce7000)]
  0x00000007de865e00 JavaThread "cluster-event-publisher-699b78ea6bed793ecaf4d150" daemon [_thread_blocked, id=294171, stack(0x000000045fcf0000,0x000000045fef3000)]
  0x00000007df525200 JavaThread "cluster-ClusterId{value='699b78ea6bed793ecaf4d150', description='null'}-srv-free-java.mongodb-dev.net" daemon [_thread_blocked, id=292631, stack(0x000000045fefc000,0x00000004600ff000)]
  0x00000007df644600 JavaThread "Thread-911" daemon [_thread_blocked, id=257487, stack(0x0000000469ea4000,0x000000046a0a7000)]
  0x00000007df644c00 JavaThread "Thread-912" daemon [_thread_blocked, id=301391, stack(0x000000046a0b0000,0x000000046a2b3000)]
  0x00000007defb6a00 JavaThread "parallel-2" daemon [_thread_blocked, id=522307, stack(0x000000046a4c8000,0x000000046a6cb000)]
  0x00000007ded55200 JavaThread "parallel-3" daemon [_thread_blocked, id=274671, stack(0x0000000464ab8000,0x0000000464cbb000)]
  0x00000007de864000 JavaThread "cluster-event-publisher-699b79786bed793ecaf4d1b9" daemon [_thread_blocked, id=300467, stack(0x0000000174a5c000,0x0000000174c5f000)]
  0x00000007de864c00 JavaThread "AsyncGetter-766-thread-1" daemon [_thread_blocked, id=305207, stack(0x0000000464cc4000,0x0000000464ec7000)]
  0x00000007deff0000 JavaThread "cluster-ClusterId{value='699b79786bed793ecaf4d1b9', description='client0'}-localhost:27017" daemon [_thread_blocked, id=157483, stack(0x0000000466760000,0x0000000466963000)]
  0x00000007df524c00 JavaThread "cluster-rtt-ClusterId{value='699b79786bed793ecaf4d1b9', description='client0'}-localhost:27017" daemon [_thread_blocked, id=304559, stack(0x0000000469674000,0x0000000469877000)]
  0x00000007df485200 JavaThread "MaintenanceTimer-765-thread-1" daemon [_thread_blocked, id=523519, stack(0x0000000469880000,0x0000000469a83000)]

Other Threads:
  0x0000000104feb820 VMThread "VM Thread" [stack: 0x000000016c22c000,0x000000016c42f000] [id=17667]
  0x0000000104ff7cc0 WatcherThread [stack: 0x000000016dbd4000,0x000000016ddd7000] [id=32771]
  0x0000000104fe2570 GCTaskThread "GC Thread#0" [stack: 0x000000016b7f0000,0x000000016b9f3000] [id=14339]
  0x00000007e5293900 GCTaskThread "GC Thread#1" [stack: 0x000000016ee40000,0x000000016f043000] [id=40707]
  0x00000007e5293c00 GCTaskThread "GC Thread#2" [stack: 0x000000016f04c000,0x000000016f24f000] [id=40451]
  0x00000007e75ac000 GCTaskThread "GC Thread#3" [stack: 0x000000016f258000,0x000000016f45b000] [id=35075]
  0x00000007e75ac300 GCTaskThread "GC Thread#4" [stack: 0x000000016f464000,0x000000016f667000] [id=35331]
  0x00000007e75ac600 GCTaskThread "GC Thread#5" [stack: 0x000000016f670000,0x000000016f873000] [id=39683]
  0x00000007e75ac900 GCTaskThread "GC Thread#6" [stack: 0x000000016f87c000,0x000000016fa7f000] [id=35843]
  0x00000007e75acc00 GCTaskThread "GC Thread#7" [stack: 0x000000016fa88000,0x000000016fc8b000] [id=36355]
  0x00000007e75acf00 GCTaskThread "GC Thread#8" [stack: 0x000000016fc94000,0x000000016fe97000] [id=36611]
  0x00000007e75ad200 GCTaskThread "GC Thread#9" [stack: 0x000000016fea0000,0x00000001700a3000] [id=36867]
  0x00000007e75ad500 GCTaskThread "GC Thread#10" [stack: 0x00000001700ac000,0x00000001702af000] [id=37379]
  0x00000007e75ad800 GCTaskThread "GC Thread#11" [stack: 0x00000001702b8000,0x00000001704bb000] [id=38659]
  0x00000007e75adb00 GCTaskThread "GC Thread#12" [stack: 0x00000001704c4000,0x00000001706c7000] [id=38147]
  0x0000000104fe3260 ConcurrentGCThread "G1 Main Marker" [stack: 0x000000016b9fc000,0x000000016bbff000] [id=13827]
  0x0000000104fe3bd0 ConcurrentGCThread "G1 Conc#0" [stack: 0x000000016bc08000,0x000000016be0b000] [id=12803]
  0x00000007e78aad00 ConcurrentGCThread "G1 Conc#1" [stack: 0x0000000170f00000,0x0000000171103000] [id=64003]
  0x00000007e78ab000 ConcurrentGCThread "G1 Conc#2" [stack: 0x000000017110c000,0x000000017130f000] [id=63747]
  0x0000000104fe5e40 ConcurrentGCThread "G1 Refine#0" [stack: 0x000000016be14000,0x000000016c017000] [id=21507]
  0x00000007eb36a100 ConcurrentGCThread "G1 Refine#1" [stack: 0x0000000464ed0000,0x00000004650d3000] [id=291147]
  0x00000007eb36b600 ConcurrentGCThread "G1 Refine#2" [stack: 0x00000004650dc000,0x00000004652df000] [id=307955]
  0x00000007eb3d8000 ConcurrentGCThread "G1 Refine#3" [stack: 0x00000004652e8000,0x00000004654eb000] [id=226003]
  0x00000007eb3d8600 ConcurrentGCThread "G1 Refine#4" [stack: 0x00000004654f4000,0x00000004656f7000] [id=310091]
  0x00000007eb3d8900 ConcurrentGCThread "G1 Refine#5" [stack: 0x0000000465700000,0x0000000465903000] [id=64355]
  0x00000007eb3d8c00 ConcurrentGCThread "G1 Refine#6" [stack: 0x000000046590c000,0x0000000465b0f000] [id=298895]
  0x00000007eb3d8f00 ConcurrentGCThread "G1 Refine#7" [stack: 0x0000000465b18000,0x0000000465d1b000] [id=293683]
  0x00000007eb3d9200 ConcurrentGCThread "G1 Refine#8" [stack: 0x0000000465d24000,0x0000000465f27000] [id=217683]
  0x00000007eb3d9500 ConcurrentGCThread "G1 Refine#9" [stack: 0x0000000465f30000,0x0000000466133000] [id=270899]
  0x00000007eb3d9800 ConcurrentGCThread "G1 Refine#10" [stack: 0x000000046613c000,0x000000046633f000] [id=306059]
  0x00000007eb3d9b00 ConcurrentGCThread "G1 Refine#11" [stack: 0x0000000466348000,0x000000046654b000] [id=307195]
  0x00000007eb3d9e00 ConcurrentGCThread "G1 Refine#12" [stack: 0x0000000466554000,0x0000000466757000] [id=311923]
  0x0000000104fe67b0 ConcurrentGCThread "G1 Service" [stack: 0x000000016c020000,0x000000016c223000] [id=21251]

Threads with active compile tasks:

VM state: not at safepoint (normal execution)

VM Mutex/Monitor currently owned by a thread: None

Heap address: 0x0000000300800000, size: 4096 MB, Compressed Oops mode: Zero based, Oop shift amount: 3

CDS archive(s) mapped at: [0x0000008800000000-0x0000008800bc0000-0x0000008800bc0000), size 12320768, SharedBaseAddress: 0x0000008800000000, ArchiveRelocationMode: 1.
Compressed class space mapped at: 0x0000008801000000-0x0000008841000000, reserved size: 1073741824
Narrow klass base: 0x0000008800000000, Narrow klass shift: 0, Narrow klass range: 0x100000000

GC Precious Log:
 CPUs: 16 total, 16 available
 Memory: 49152M
 Large Page Support: Disabled
 NUMA Support: Disabled
 Compressed Oops: Enabled (Zero based)
 Heap Region Size: 2M
 Heap Min Capacity: 8M
 Heap Initial Capacity: 768M
 Heap Max Capacity: 4G
 Pre-touch: Disabled
 Parallel Workers: 13
 Concurrent Workers: 3
 Concurrent Refinement Workers: 13
 Periodic GC: Disabled

Heap:
 garbage-first heap   total 2207744K, used 944395K [0x0000000300800000, 0x0000000400800000)
  region size 2048K, 59 young (120832K), 2 survivors (4096K)
 Metaspace       used 59607K, committed 60224K, reserved 1114112K
  class space    used 8248K, committed 8512K, reserved 1048576K

Heap Regions: E=young(eden), S=young(survivor), O=old, HS=humongous(starts), HC=humongous(continues), CS=collection set, F=free, OA=open archive, CA=closed archive, TAMS=top-at-mark-start (previous, next)
|   0|0x0000000300800000, 0x0000000300a00000, 0x0000000300a00000|100%|HS|  |TAMS 0x0000000300a00000, 0x0000000300800000| Complete 
|   1|0x0000000300a00000, 0x0000000300c00000, 0x0000000300c00000|100%| O|  |TAMS 0x0000000300c00000, 0x0000000300a00000| Untracked 
|   2|0x0000000300c00000, 0x0000000300e00000, 0x0000000300e00000|100%| O|  |TAMS 0x0000000300e00000, 0x0000000300c00000| Untracked 
|   3|0x0000000300e00000, 0x0000000301000000, 0x0000000301000000|100%| O|  |TAMS 0x0000000301000000, 0x0000000300e00000| Untracked 
|   4|0x0000000301000000, 0x0000000301200000, 0x0000000301200000|100%| O|  |TAMS 0x0000000301200000, 0x0000000301000000| Untracked 
|   5|0x0000000301200000, 0x0000000301400000, 0x0000000301400000|100%|HS|  |TAMS 0x0000000301400000, 0x0000000301200000| Complete 
|   6|0x0000000301400000, 0x0000000301600000, 0x0000000301600000|100%| O|  |TAMS 0x0000000301600000, 0x0000000301400000| Untracked 
|   7|0x0000000301600000, 0x0000000301800000, 0x0000000301800000|100%| O|  |TAMS 0x0000000301800000, 0x0000000301600000| Untracked 
|   8|0x0000000301800000, 0x0000000301a00000, 0x0000000301a00000|100%| O|  |TAMS 0x0000000301a00000, 0x0000000301800000| Untracked 
|   9|0x0000000301a00000, 0x0000000301c00000, 0x0000000301c00000|100%| O|  |TAMS 0x0000000301c00000, 0x0000000301a00000| Untracked 
|  10|0x0000000301c00000, 0x0000000301e00000, 0x0000000301e00000|100%| O|  |TAMS 0x0000000301e00000, 0x0000000301c00000| Untracked 
|  11|0x0000000301e00000, 0x0000000302000000, 0x0000000302000000|100%|HS|  |TAMS 0x0000000302000000, 0x0000000301e00000| Complete 
|  12|0x0000000302000000, 0x0000000302200000, 0x0000000302200000|100%|HC|  |TAMS 0x0000000302200000, 0x0000000302000000| Complete 
|  13|0x0000000302200000, 0x0000000302400000, 0x0000000302400000|100%|HS|  |TAMS 0x0000000302400000, 0x0000000302200000| Complete 
|  14|0x0000000302400000, 0x0000000302600000, 0x0000000302600000|100%|HC|  |TAMS 0x0000000302600000, 0x0000000302400000| Complete 
|  15|0x0000000302600000, 0x0000000302800000, 0x0000000302800000|100%|HC|  |TAMS 0x0000000302800000, 0x0000000302600000| Complete 
|  16|0x0000000302800000, 0x0000000302a00000, 0x0000000302a00000|100%| O|  |TAMS 0x0000000302800000, 0x0000000302800000| Untracked 
|  17|0x0000000302a00000, 0x0000000302c00000, 0x0000000302c00000|100%| O|  |TAMS 0x0000000302c00000, 0x0000000302a00000| Untracked 
|  18|0x0000000302c00000, 0x0000000302e00000, 0x0000000302e00000|100%| O|  |TAMS 0x0000000302c00000, 0x0000000302c00000| Untracked 
|  19|0x0000000302e00000, 0x0000000303000000, 0x0000000303000000|100%|HS|  |TAMS 0x0000000302e00000, 0x0000000302e00000| Complete 
|  20|0x0000000303000000, 0x0000000303200000, 0x0000000303200000|100%| O|  |TAMS 0x0000000303000000, 0x0000000303000000| Untracked 
|  21|0x0000000303200000, 0x0000000303400000, 0x0000000303400000|100%| O|  |TAMS 0x0000000303200000, 0x0000000303200000| Untracked 
|  22|0x0000000303400000, 0x0000000303600000, 0x0000000303600000|100%| O|  |TAMS 0x0000000303400000, 0x0000000303400000| Untracked 
|  23|0x0000000303600000, 0x0000000303800000, 0x0000000303800000|100%| O|  |TAMS 0x0000000303600000, 0x0000000303600000| Untracked 
|  24|0x0000000303800000, 0x0000000303a00000, 0x0000000303a00000|100%| O|  |TAMS 0x0000000303800000, 0x0000000303800000| Untracked 
|  25|0x0000000303a00000, 0x0000000303c00000, 0x0000000303c00000|100%| O|  |TAMS 0x0000000303a00000, 0x0000000303a00000| Untracked 
|  26|0x0000000303c00000, 0x0000000303e00000, 0x0000000303e00000|100%| O|  |TAMS 0x0000000303c00000, 0x0000000303c00000| Untracked 
|  27|0x0000000303e00000, 0x0000000304000000, 0x0000000304000000|100%| O|  |TAMS 0x0000000303e00000, 0x0000000303e00000| Untracked 
|  28|0x0000000304000000, 0x0000000304200000, 0x0000000304200000|100%| O|  |TAMS 0x0000000304000000, 0x0000000304000000| Untracked 
|  29|0x0000000304200000, 0x0000000304400000, 0x0000000304400000|100%| O|  |TAMS 0x0000000304200000, 0x0000000304200000| Untracked 
|  30|0x0000000304400000, 0x0000000304600000, 0x0000000304600000|100%| O|  |TAMS 0x0000000304400000, 0x0000000304400000| Untracked 
|  31|0x0000000304600000, 0x0000000304800000, 0x0000000304800000|100%| O|  |TAMS 0x0000000304600000, 0x0000000304600000| Untracked 
|  32|0x0000000304800000, 0x0000000304a00000, 0x0000000304a00000|100%| O|  |TAMS 0x0000000304800000, 0x0000000304800000| Untracked 
|  33|0x0000000304a00000, 0x0000000304c00000, 0x0000000304c00000|100%| O|  |TAMS 0x0000000304a00000, 0x0000000304a00000| Untracked 
|  34|0x0000000304c00000, 0x0000000304e00000, 0x0000000304e00000|100%| O|  |TAMS 0x0000000304c00000, 0x0000000304c00000| Untracked 
|  35|0x0000000304e00000, 0x0000000305000000, 0x0000000305000000|100%| O|  |TAMS 0x0000000304e00000, 0x0000000304e00000| Untracked 
|  36|0x0000000305000000, 0x0000000305200000, 0x0000000305200000|100%| O|  |TAMS 0x0000000305000000, 0x0000000305000000| Untracked 
|  37|0x0000000305200000, 0x0000000305400000, 0x0000000305400000|100%| O|  |TAMS 0x0000000305200000, 0x0000000305200000| Untracked 
|  38|0x0000000305400000, 0x0000000305600000, 0x0000000305600000|100%| O|  |TAMS 0x0000000305400000, 0x0000000305400000| Untracked 
|  39|0x0000000305600000, 0x0000000305800000, 0x0000000305800000|100%| O|  |TAMS 0x0000000305600000, 0x0000000305600000| Untracked 
|  40|0x0000000305800000, 0x0000000305a00000, 0x0000000305a00000|100%| O|  |TAMS 0x0000000305800000, 0x0000000305800000| Untracked 
|  41|0x0000000305a00000, 0x0000000305c00000, 0x0000000305c00000|100%|HS|  |TAMS 0x0000000305c00000, 0x0000000305a00000| Complete 
|  42|0x0000000305c00000, 0x0000000305e00000, 0x0000000305e00000|100%|HC|  |TAMS 0x0000000305e00000, 0x0000000305c00000| Complete 
|  43|0x0000000305e00000, 0x0000000306000000, 0x0000000306000000|100%|HC|  |TAMS 0x0000000306000000, 0x0000000305e00000| Complete 
|  44|0x0000000306000000, 0x0000000306200000, 0x0000000306200000|100%|HC|  |TAMS 0x0000000306200000, 0x0000000306000000| Complete 
|  45|0x0000000306200000, 0x0000000306400000, 0x0000000306400000|100%|HC|  |TAMS 0x0000000306400000, 0x0000000306200000| Complete 
|  46|0x0000000306400000, 0x0000000306600000, 0x0000000306600000|100%| O|  |TAMS 0x0000000306400000, 0x0000000306400000| Untracked 
|  47|0x0000000306600000, 0x0000000306800000, 0x0000000306800000|100%| O|  |TAMS 0x0000000306600000, 0x0000000306600000| Untracked 
|  48|0x0000000306800000, 0x0000000306a00000, 0x0000000306a00000|100%| O|  |TAMS 0x0000000306800000, 0x0000000306800000| Untracked 
|  49|0x0000000306a00000, 0x0000000306c00000, 0x0000000306c00000|100%| O|  |TAMS 0x0000000306c00000, 0x0000000306a00000| Untracked 
|  50|0x0000000306c00000, 0x0000000306e00000, 0x0000000306e00000|100%|HS|  |TAMS 0x0000000306e00000, 0x0000000306c00000| Complete 
|  51|0x0000000306e00000, 0x0000000307000000, 0x0000000307000000|100%|HC|  |TAMS 0x0000000307000000, 0x0000000306e00000| Complete 
|  52|0x0000000307000000, 0x0000000307200000, 0x0000000307200000|100%|HC|  |TAMS 0x0000000307200000, 0x0000000307000000| Complete 
|  53|0x0000000307200000, 0x0000000307400000, 0x0000000307400000|100%|HC|  |TAMS 0x0000000307400000, 0x0000000307200000| Complete 
|  54|0x0000000307400000, 0x0000000307600000, 0x0000000307600000|100%|HC|  |TAMS 0x0000000307600000, 0x0000000307400000| Complete 
|  55|0x0000000307600000, 0x0000000307800000, 0x0000000307800000|100%|HC|  |TAMS 0x0000000307800000, 0x0000000307600000| Complete 
|  56|0x0000000307800000, 0x0000000307a00000, 0x0000000307a00000|100%|HC|  |TAMS 0x0000000307a00000, 0x0000000307800000| Complete 
|  57|0x0000000307a00000, 0x0000000307c00000, 0x0000000307c00000|100%|HC|  |TAMS 0x0000000307c00000, 0x0000000307a00000| Complete 
|  58|0x0000000307c00000, 0x0000000307e00000, 0x0000000307e00000|100%|HC|  |TAMS 0x0000000307e00000, 0x0000000307c00000| Complete 
|  59|0x0000000307e00000, 0x0000000308000000, 0x0000000308000000|100%|HS|  |TAMS 0x0000000308000000, 0x0000000307e00000| Complete 
|  60|0x0000000308000000, 0x0000000308200000, 0x0000000308200000|100%|HC|  |TAMS 0x0000000308200000, 0x0000000308000000| Complete 
|  61|0x0000000308200000, 0x0000000308400000, 0x0000000308400000|100%|HC|  |TAMS 0x0000000308400000, 0x0000000308200000| Complete 
|  62|0x0000000308400000, 0x0000000308600000, 0x0000000308600000|100%|HC|  |TAMS 0x0000000308600000, 0x0000000308400000| Complete 
|  63|0x0000000308600000, 0x0000000308800000, 0x0000000308800000|100%|HC|  |TAMS 0x0000000308800000, 0x0000000308600000| Complete 
|  64|0x0000000308800000, 0x0000000308a00000, 0x0000000308a00000|100%|HC|  |TAMS 0x0000000308a00000, 0x0000000308800000| Complete 
|  65|0x0000000308a00000, 0x0000000308c00000, 0x0000000308c00000|100%|HC|  |TAMS 0x0000000308c00000, 0x0000000308a00000| Complete 
|  66|0x0000000308c00000, 0x0000000308e00000, 0x0000000308e00000|100%|HC|  |TAMS 0x0000000308e00000, 0x0000000308c00000| Complete 
|  67|0x0000000308e00000, 0x0000000309000000, 0x0000000309000000|100%|HC|  |TAMS 0x0000000309000000, 0x0000000308e00000| Complete 
|  68|0x0000000309000000, 0x0000000309200000, 0x0000000309200000|100%| O|  |TAMS 0x0000000309000000, 0x0000000309000000| Untracked 
|  69|0x0000000309200000, 0x0000000309400000, 0x0000000309400000|100%| O|  |TAMS 0x0000000309200000, 0x0000000309200000| Untracked 
|  70|0x0000000309400000, 0x0000000309600000, 0x0000000309600000|100%| O|  |TAMS 0x0000000309400000, 0x0000000309400000| Untracked 
|  71|0x0000000309600000, 0x0000000309800000, 0x0000000309800000|100%| O|  |TAMS 0x0000000309600000, 0x0000000309600000| Untracked 
|  72|0x0000000309800000, 0x0000000309a00000, 0x0000000309a00000|100%| O|  |TAMS 0x0000000309800000, 0x0000000309800000| Untracked 
|  73|0x0000000309a00000, 0x0000000309c00000, 0x0000000309c00000|100%| O|  |TAMS 0x0000000309a00000, 0x0000000309a00000| Untracked 
|  74|0x0000000309c00000, 0x0000000309e00000, 0x0000000309e00000|100%| O|  |TAMS 0x0000000309c00000, 0x0000000309c00000| Untracked 
|  75|0x0000000309e00000, 0x000000030a000000, 0x000000030a000000|100%| O|  |TAMS 0x0000000309e00000, 0x0000000309e00000| Untracked 
|  76|0x000000030a000000, 0x000000030a200000, 0x000000030a200000|100%| O|  |TAMS 0x000000030a000000, 0x000000030a000000| Untracked 
|  77|0x000000030a200000, 0x000000030a400000, 0x000000030a400000|100%| O|  |TAMS 0x000000030a200000, 0x000000030a200000| Untracked 
|  78|0x000000030a400000, 0x000000030a600000, 0x000000030a600000|100%| O|  |TAMS 0x000000030a400000, 0x000000030a400000| Untracked 
|  79|0x000000030a600000, 0x000000030a800000, 0x000000030a800000|100%| O|  |TAMS 0x000000030a600000, 0x000000030a600000| Untracked 
|  80|0x000000030a800000, 0x000000030aa00000, 0x000000030aa00000|100%| O|  |TAMS 0x000000030a800000, 0x000000030a800000| Untracked 
|  81|0x000000030aa00000, 0x000000030ac00000, 0x000000030ac00000|100%|HS|  |TAMS 0x000000030aa00000, 0x000000030aa00000| Complete 
|  82|0x000000030ac00000, 0x000000030ae00000, 0x000000030ae00000|100%|HS|  |TAMS 0x000000030ac00000, 0x000000030ac00000| Complete 
|  83|0x000000030ae00000, 0x000000030b000000, 0x000000030b000000|100%|HC|  |TAMS 0x000000030ae00000, 0x000000030ae00000| Complete 
|  84|0x000000030b000000, 0x000000030b200000, 0x000000030b200000|100%|HS|  |TAMS 0x000000030b000000, 0x000000030b000000| Complete 
|  85|0x000000030b200000, 0x000000030b400000, 0x000000030b400000|100%|HC|  |TAMS 0x000000030b200000, 0x000000030b200000| Complete 
|  86|0x000000030b400000, 0x000000030b600000, 0x000000030b600000|100%|HC|  |TAMS 0x000000030b400000, 0x000000030b400000| Complete 
|  87|0x000000030b600000, 0x000000030b800000, 0x000000030b800000|100%|HS|  |TAMS 0x000000030b600000, 0x000000030b600000| Complete 
|  88|0x000000030b800000, 0x000000030ba00000, 0x000000030ba00000|100%|HC|  |TAMS 0x000000030b800000, 0x000000030b800000| Complete 
|  89|0x000000030ba00000, 0x000000030bc00000, 0x000000030bc00000|100%|HC|  |TAMS 0x000000030ba00000, 0x000000030ba00000| Complete 
|  90|0x000000030bc00000, 0x000000030be00000, 0x000000030be00000|100%|HC|  |TAMS 0x000000030bc00000, 0x000000030bc00000| Complete 
|  91|0x000000030be00000, 0x000000030c000000, 0x000000030c000000|100%|HC|  |TAMS 0x000000030be00000, 0x000000030be00000| Complete 
|  92|0x000000030c000000, 0x000000030c200000, 0x000000030c200000|100%|HS|  |TAMS 0x000000030c000000, 0x000000030c000000| Complete 
|  93|0x000000030c200000, 0x000000030c400000, 0x000000030c400000|100%|HC|  |TAMS 0x000000030c200000, 0x000000030c200000| Complete 
|  94|0x000000030c400000, 0x000000030c600000, 0x000000030c600000|100%|HC|  |TAMS 0x000000030c400000, 0x000000030c400000| Complete 
|  95|0x000000030c600000, 0x000000030c800000, 0x000000030c800000|100%|HC|  |TAMS 0x000000030c600000, 0x000000030c600000| Complete 
|  96|0x000000030c800000, 0x000000030ca00000, 0x000000030ca00000|100%|HC|  |TAMS 0x000000030c800000, 0x000000030c800000| Complete 
|  97|0x000000030ca00000, 0x000000030cc00000, 0x000000030cc00000|100%|HC|  |TAMS 0x000000030ca00000, 0x000000030ca00000| Complete 
|  98|0x000000030cc00000, 0x000000030ce00000, 0x000000030ce00000|100%|HC|  |TAMS 0x000000030cc00000, 0x000000030cc00000| Complete 
|  99|0x000000030ce00000, 0x000000030d000000, 0x000000030d000000|100%|HC|  |TAMS 0x000000030ce00000, 0x000000030ce00000| Complete 
| 100|0x000000030d000000, 0x000000030d200000, 0x000000030d200000|100%|HC|  |TAMS 0x000000030d000000, 0x000000030d000000| Complete 
| 101|0x000000030d200000, 0x000000030d400000, 0x000000030d400000|100%|HS|  |TAMS 0x000000030d200000, 0x000000030d200000| Complete 
| 102|0x000000030d400000, 0x000000030d600000, 0x000000030d600000|100%|HS|  |TAMS 0x000000030d400000, 0x000000030d400000| Complete 
| 103|0x000000030d600000, 0x000000030d800000, 0x000000030d800000|100%|HC|  |TAMS 0x000000030d600000, 0x000000030d600000| Complete 
| 104|0x000000030d800000, 0x000000030da00000, 0x000000030da00000|100%| O|  |TAMS 0x000000030d96fe00, 0x000000030d800000| Untracked 
| 105|0x000000030da00000, 0x000000030dc00000, 0x000000030dc00000|100%|HS|  |TAMS 0x000000030da00000, 0x000000030da00000| Complete 
| 106|0x000000030dc00000, 0x000000030de00000, 0x000000030de00000|100%| O|  |TAMS 0x000000030dc00000, 0x000000030dc00000| Untracked 
| 107|0x000000030de00000, 0x000000030e000000, 0x000000030e000000|100%| O|  |TAMS 0x000000030de00000, 0x000000030de00000| Untracked 
| 108|0x000000030e000000, 0x000000030e200000, 0x000000030e200000|100%| O|  |TAMS 0x000000030e000000, 0x000000030e000000| Untracked 
| 109|0x000000030e200000, 0x000000030e400000, 0x000000030e400000|100%| O|  |TAMS 0x000000030e200000, 0x000000030e200000| Untracked 
| 110|0x000000030e400000, 0x000000030e600000, 0x000000030e600000|100%| O|  |TAMS 0x000000030e600000, 0x000000030e400000| Untracked 
| 111|0x000000030e600000, 0x000000030e800000, 0x000000030e800000|100%| O|  |TAMS 0x000000030e800000, 0x000000030e600000| Untracked 
| 112|0x000000030e800000, 0x000000030ea00000, 0x000000030ea00000|100%| O|  |TAMS 0x000000030ea00000, 0x000000030e800000| Untracked 
| 113|0x000000030ea00000, 0x000000030ec00000, 0x000000030ec00000|100%|HS|  |TAMS 0x000000030ea00000, 0x000000030ea00000| Complete 
| 114|0x000000030ec00000, 0x000000030ee00000, 0x000000030ee00000|100%|HC|  |TAMS 0x000000030ec00000, 0x000000030ec00000| Complete 
| 115|0x000000030ee00000, 0x000000030f000000, 0x000000030f000000|100%|HC|  |TAMS 0x000000030ee00000, 0x000000030ee00000| Complete 
| 116|0x000000030f000000, 0x000000030f200000, 0x000000030f200000|100%|HC|  |TAMS 0x000000030f000000, 0x000000030f000000| Complete 
| 117|0x000000030f200000, 0x000000030f400000, 0x000000030f400000|100%|HC|  |TAMS 0x000000030f200000, 0x000000030f200000| Complete 
| 118|0x000000030f400000, 0x000000030f600000, 0x000000030f600000|100%|HC|  |TAMS 0x000000030f400000, 0x000000030f400000| Complete 
| 119|0x000000030f600000, 0x000000030f800000, 0x000000030f800000|100%|HC|  |TAMS 0x000000030f600000, 0x000000030f600000| Complete 
| 120|0x000000030f800000, 0x000000030fa00000, 0x000000030fa00000|100%|HC|  |TAMS 0x000000030f800000, 0x000000030f800000| Complete 
| 121|0x000000030fa00000, 0x000000030fc00000, 0x000000030fc00000|100%|HC|  |TAMS 0x000000030fa00000, 0x000000030fa00000| Complete 
| 122|0x000000030fc00000, 0x000000030fe00000, 0x000000030fe00000|100%|HC|  |TAMS 0x000000030fc00000, 0x000000030fc00000| Complete 
| 123|0x000000030fe00000, 0x0000000310000000, 0x0000000310000000|100%|HC|  |TAMS 0x000000030fe00000, 0x000000030fe00000| Complete 
| 124|0x0000000310000000, 0x0000000310200000, 0x0000000310200000|100%|HC|  |TAMS 0x0000000310000000, 0x0000000310000000| Complete 
| 125|0x0000000310200000, 0x0000000310400000, 0x0000000310400000|100%|HC|  |TAMS 0x0000000310200000, 0x0000000310200000| Complete 
| 126|0x0000000310400000, 0x0000000310600000, 0x0000000310600000|100%|HC|  |TAMS 0x0000000310400000, 0x0000000310400000| Complete 
| 127|0x0000000310600000, 0x0000000310800000, 0x0000000310800000|100%|HC|  |TAMS 0x0000000310600000, 0x0000000310600000| Complete 
| 128|0x0000000310800000, 0x0000000310a00000, 0x0000000310a00000|100%|HC|  |TAMS 0x0000000310800000, 0x0000000310800000| Complete 
| 129|0x0000000310a00000, 0x0000000310c00000, 0x0000000310c00000|100%|HC|  |TAMS 0x0000000310a00000, 0x0000000310a00000| Complete 
| 130|0x0000000310c00000, 0x0000000310e00000, 0x0000000310e00000|100%|HS|  |TAMS 0x0000000310c00000, 0x0000000310c00000| Complete 
| 131|0x0000000310e00000, 0x0000000311000000, 0x0000000311000000|100%|HC|  |TAMS 0x0000000310e00000, 0x0000000310e00000| Complete 
| 132|0x0000000311000000, 0x0000000311200000, 0x0000000311200000|100%|HC|  |TAMS 0x0000000311000000, 0x0000000311000000| Complete 
| 133|0x0000000311200000, 0x0000000311400000, 0x0000000311400000|100%|HS|  |TAMS 0x0000000311200000, 0x0000000311200000| Complete 
| 134|0x0000000311400000, 0x0000000311600000, 0x0000000311600000|100%|HC|  |TAMS 0x0000000311400000, 0x0000000311400000| Complete 
| 135|0x0000000311600000, 0x0000000311800000, 0x0000000311800000|100%|HC|  |TAMS 0x0000000311600000, 0x0000000311600000| Complete 
| 136|0x0000000311800000, 0x0000000311a00000, 0x0000000311a00000|100%|HC|  |TAMS 0x0000000311800000, 0x0000000311800000| Complete 
| 137|0x0000000311a00000, 0x0000000311c00000, 0x0000000311c00000|100%|HC|  |TAMS 0x0000000311a00000, 0x0000000311a00000| Complete 
| 138|0x0000000311c00000, 0x0000000311e00000, 0x0000000311e00000|100%|HS|  |TAMS 0x0000000311c00000, 0x0000000311c00000| Complete 
| 139|0x0000000311e00000, 0x0000000312000000, 0x0000000312000000|100%|HC|  |TAMS 0x0000000311e00000, 0x0000000311e00000| Complete 
| 140|0x0000000312000000, 0x0000000312200000, 0x0000000312200000|100%|HC|  |TAMS 0x0000000312000000, 0x0000000312000000| Complete 
| 141|0x0000000312200000, 0x0000000312400000, 0x0000000312400000|100%|HC|  |TAMS 0x0000000312200000, 0x0000000312200000| Complete 
| 142|0x0000000312400000, 0x0000000312600000, 0x0000000312600000|100%|HC|  |TAMS 0x0000000312400000, 0x0000000312400000| Complete 
| 143|0x0000000312600000, 0x0000000312800000, 0x0000000312800000|100%|HC|  |TAMS 0x0000000312600000, 0x0000000312600000| Complete 
| 144|0x0000000312800000, 0x0000000312a00000, 0x0000000312a00000|100%|HC|  |TAMS 0x0000000312800000, 0x0000000312800000| Complete 
| 145|0x0000000312a00000, 0x0000000312c00000, 0x0000000312c00000|100%|HC|  |TAMS 0x0000000312a00000, 0x0000000312a00000| Complete 
| 146|0x0000000312c00000, 0x0000000312e00000, 0x0000000312e00000|100%|HC|  |TAMS 0x0000000312c00000, 0x0000000312c00000| Complete 
| 147|0x0000000312e00000, 0x0000000313000000, 0x0000000313000000|100%|HS|  |TAMS 0x0000000312e00000, 0x0000000312e00000| Complete 
| 148|0x0000000313000000, 0x0000000313200000, 0x0000000313200000|100%|HC|  |TAMS 0x0000000313000000, 0x0000000313000000| Complete 
| 149|0x0000000313200000, 0x0000000313400000, 0x0000000313400000|100%|HC|  |TAMS 0x0000000313200000, 0x0000000313200000| Complete 
| 150|0x0000000313400000, 0x0000000313600000, 0x0000000313600000|100%|HC|  |TAMS 0x0000000313400000, 0x0000000313400000| Complete 
| 151|0x0000000313600000, 0x0000000313800000, 0x0000000313800000|100%|HC|  |TAMS 0x0000000313600000, 0x0000000313600000| Complete 
| 152|0x0000000313800000, 0x0000000313a00000, 0x0000000313a00000|100%|HC|  |TAMS 0x0000000313800000, 0x0000000313800000| Complete 
| 153|0x0000000313a00000, 0x0000000313c00000, 0x0000000313c00000|100%|HC|  |TAMS 0x0000000313a00000, 0x0000000313a00000| Complete 
| 154|0x0000000313c00000, 0x0000000313e00000, 0x0000000313e00000|100%|HC|  |TAMS 0x0000000313c00000, 0x0000000313c00000| Complete 
| 155|0x0000000313e00000, 0x0000000314000000, 0x0000000314000000|100%|HC|  |TAMS 0x0000000313e00000, 0x0000000313e00000| Complete 
| 156|0x0000000314000000, 0x0000000314200000, 0x0000000314200000|100%|HC|  |TAMS 0x0000000314000000, 0x0000000314000000| Complete 
| 157|0x0000000314200000, 0x0000000314400000, 0x0000000314400000|100%|HC|  |TAMS 0x0000000314200000, 0x0000000314200000| Complete 
| 158|0x0000000314400000, 0x0000000314600000, 0x0000000314600000|100%|HC|  |TAMS 0x0000000314400000, 0x0000000314400000| Complete 
| 159|0x0000000314600000, 0x0000000314800000, 0x0000000314800000|100%|HC|  |TAMS 0x0000000314600000, 0x0000000314600000| Complete 
| 160|0x0000000314800000, 0x0000000314a00000, 0x0000000314a00000|100%|HC|  |TAMS 0x0000000314800000, 0x0000000314800000| Complete 
| 161|0x0000000314a00000, 0x0000000314c00000, 0x0000000314c00000|100%|HC|  |TAMS 0x0000000314a00000, 0x0000000314a00000| Complete 
| 162|0x0000000314c00000, 0x0000000314e00000, 0x0000000314e00000|100%|HC|  |TAMS 0x0000000314c00000, 0x0000000314c00000| Complete 
| 163|0x0000000314e00000, 0x0000000315000000, 0x0000000315000000|100%|HC|  |TAMS 0x0000000314e00000, 0x0000000314e00000| Complete 
| 164|0x0000000315000000, 0x0000000315200000, 0x0000000315200000|100%| O|  |TAMS 0x0000000315000000, 0x0000000315000000| Untracked 
| 165|0x0000000315200000, 0x0000000315400000, 0x0000000315400000|100%| O|  |TAMS 0x0000000315200000, 0x0000000315200000| Untracked 
| 166|0x0000000315400000, 0x0000000315600000, 0x0000000315600000|100%| O|  |TAMS 0x0000000315400000, 0x0000000315400000| Untracked 
| 167|0x0000000315600000, 0x0000000315800000, 0x0000000315800000|100%| O|  |TAMS 0x0000000315600000, 0x0000000315600000| Untracked 
| 168|0x0000000315800000, 0x0000000315a00000, 0x0000000315a00000|100%| O|  |TAMS 0x0000000315800000, 0x0000000315800000| Untracked 
| 169|0x0000000315a00000, 0x0000000315c00000, 0x0000000315c00000|100%| O|  |TAMS 0x0000000315a00000, 0x0000000315a00000| Untracked 
| 170|0x0000000315c00000, 0x0000000315e00000, 0x0000000315e00000|100%| O|  |TAMS 0x0000000315c00000, 0x0000000315c00000| Untracked 
| 171|0x0000000315e00000, 0x0000000316000000, 0x0000000316000000|100%| O|  |TAMS 0x0000000315e00000, 0x0000000315e00000| Untracked 
| 172|0x0000000316000000, 0x0000000316200000, 0x0000000316200000|100%| O|  |TAMS 0x0000000316000000, 0x0000000316000000| Untracked 
| 173|0x0000000316200000, 0x0000000316400000, 0x0000000316400000|100%| O|  |TAMS 0x0000000316200000, 0x0000000316200000| Untracked 
| 174|0x0000000316400000, 0x0000000316600000, 0x0000000316600000|100%| O|  |TAMS 0x0000000316400000, 0x0000000316400000| Untracked 
| 175|0x0000000316600000, 0x0000000316800000, 0x0000000316800000|100%| O|  |TAMS 0x0000000316600000, 0x0000000316600000| Untracked 
| 176|0x0000000316800000, 0x0000000316a00000, 0x0000000316a00000|100%| O|  |TAMS 0x0000000316800000, 0x0000000316800000| Untracked 
| 177|0x0000000316a00000, 0x0000000316c00000, 0x0000000316c00000|100%| O|  |TAMS 0x0000000316a00000, 0x0000000316a00000| Untracked 
| 178|0x0000000316c00000, 0x0000000316e00000, 0x0000000316e00000|100%| O|  |TAMS 0x0000000316c00000, 0x0000000316c00000| Untracked 
| 179|0x0000000316e00000, 0x0000000317000000, 0x0000000317000000|100%| O|  |TAMS 0x0000000316e00000, 0x0000000316e00000| Untracked 
| 180|0x0000000317000000, 0x0000000317200000, 0x0000000317200000|100%| O|  |TAMS 0x0000000317000000, 0x0000000317000000| Untracked 
| 181|0x0000000317200000, 0x0000000317400000, 0x0000000317400000|100%| O|  |TAMS 0x0000000317200000, 0x0000000317200000| Untracked 
| 182|0x0000000317400000, 0x0000000317600000, 0x0000000317600000|100%| O|  |TAMS 0x0000000317400000, 0x0000000317400000| Untracked 
| 183|0x0000000317600000, 0x0000000317800000, 0x0000000317800000|100%| O|  |TAMS 0x0000000317600000, 0x0000000317600000| Untracked 
| 184|0x0000000317800000, 0x0000000317a00000, 0x0000000317a00000|100%| O|  |TAMS 0x0000000317800000, 0x0000000317800000| Untracked 
| 185|0x0000000317a00000, 0x0000000317c00000, 0x0000000317c00000|100%| O|  |TAMS 0x0000000317a00000, 0x0000000317a00000| Untracked 
| 186|0x0000000317c00000, 0x0000000317e00000, 0x0000000317e00000|100%| O|  |TAMS 0x0000000317c00000, 0x0000000317c00000| Untracked 
| 187|0x0000000317e00000, 0x0000000318000000, 0x0000000318000000|100%| O|  |TAMS 0x0000000317e00000, 0x0000000317e00000| Untracked 
| 188|0x0000000318000000, 0x0000000318200000, 0x0000000318200000|100%| O|  |TAMS 0x0000000318000000, 0x0000000318000000| Untracked 
| 189|0x0000000318200000, 0x0000000318400000, 0x0000000318400000|100%| O|  |TAMS 0x0000000318200000, 0x0000000318200000| Untracked 
| 190|0x0000000318400000, 0x0000000318600000, 0x0000000318600000|100%| O|  |TAMS 0x0000000318400000, 0x0000000318400000| Untracked 
| 191|0x0000000318600000, 0x0000000318800000, 0x0000000318800000|100%|HS|  |TAMS 0x0000000318600000, 0x0000000318600000| Complete 
| 192|0x0000000318800000, 0x0000000318a00000, 0x0000000318a00000|100%|HS|  |TAMS 0x0000000318800000, 0x0000000318800000| Complete 
| 193|0x0000000318a00000, 0x0000000318c00000, 0x0000000318c00000|100%|HC|  |TAMS 0x0000000318a00000, 0x0000000318a00000| Complete 
| 194|0x0000000318c00000, 0x0000000318e00000, 0x0000000318e00000|100%|HS|  |TAMS 0x0000000318c00000, 0x0000000318c00000| Complete 
| 195|0x0000000318e00000, 0x0000000319000000, 0x0000000319000000|100%|HC|  |TAMS 0x0000000318e00000, 0x0000000318e00000| Complete 
| 196|0x0000000319000000, 0x0000000319200000, 0x0000000319200000|100%|HC|  |TAMS 0x0000000319000000, 0x0000000319000000| Complete 
| 197|0x0000000319200000, 0x0000000319400000, 0x0000000319400000|100%|HS|  |TAMS 0x0000000319200000, 0x0000000319200000| Complete 
| 198|0x0000000319400000, 0x0000000319600000, 0x0000000319600000|100%|HC|  |TAMS 0x0000000319400000, 0x0000000319400000| Complete 
| 199|0x0000000319600000, 0x0000000319800000, 0x0000000319800000|100%|HC|  |TAMS 0x0000000319600000, 0x0000000319600000| Complete 
| 200|0x0000000319800000, 0x0000000319a00000, 0x0000000319a00000|100%|HC|  |TAMS 0x0000000319800000, 0x0000000319800000| Complete 
| 201|0x0000000319a00000, 0x0000000319c00000, 0x0000000319c00000|100%|HC|  |TAMS 0x0000000319a00000, 0x0000000319a00000| Complete 
| 202|0x0000000319c00000, 0x0000000319e00000, 0x0000000319e00000|100%|HS|  |TAMS 0x0000000319c00000, 0x0000000319c00000| Complete 
| 203|0x0000000319e00000, 0x000000031a000000, 0x000000031a000000|100%|HC|  |TAMS 0x0000000319e00000, 0x0000000319e00000| Complete 
| 204|0x000000031a000000, 0x000000031a200000, 0x000000031a200000|100%|HC|  |TAMS 0x000000031a000000, 0x000000031a000000| Complete 
| 205|0x000000031a200000, 0x000000031a400000, 0x000000031a400000|100%|HC|  |TAMS 0x000000031a200000, 0x000000031a200000| Complete 
| 206|0x000000031a400000, 0x000000031a600000, 0x000000031a600000|100%|HC|  |TAMS 0x000000031a400000, 0x000000031a400000| Complete 
| 207|0x000000031a600000, 0x000000031a800000, 0x000000031a800000|100%|HC|  |TAMS 0x000000031a600000, 0x000000031a600000| Complete 
| 208|0x000000031a800000, 0x000000031aa00000, 0x000000031aa00000|100%|HC|  |TAMS 0x000000031a800000, 0x000000031a800000| Complete 
| 209|0x000000031aa00000, 0x000000031ac00000, 0x000000031ac00000|100%|HC|  |TAMS 0x000000031aa00000, 0x000000031aa00000| Complete 
| 210|0x000000031ac00000, 0x000000031ae00000, 0x000000031ae00000|100%|HC|  |TAMS 0x000000031ac00000, 0x000000031ac00000| Complete 
| 211|0x000000031ae00000, 0x000000031b000000, 0x000000031b000000|100%|HS|  |TAMS 0x000000031ae00000, 0x000000031ae00000| Complete 
| 212|0x000000031b000000, 0x000000031b200000, 0x000000031b200000|100%|HC|  |TAMS 0x000000031b000000, 0x000000031b000000| Complete 
| 213|0x000000031b200000, 0x000000031b400000, 0x000000031b400000|100%|HC|  |TAMS 0x000000031b200000, 0x000000031b200000| Complete 
| 214|0x000000031b400000, 0x000000031b600000, 0x000000031b600000|100%|HC|  |TAMS 0x000000031b400000, 0x000000031b400000| Complete 
| 215|0x000000031b600000, 0x000000031b800000, 0x000000031b800000|100%|HC|  |TAMS 0x000000031b600000, 0x000000031b600000| Complete 
| 216|0x000000031b800000, 0x000000031ba00000, 0x000000031ba00000|100%|HC|  |TAMS 0x000000031b800000, 0x000000031b800000| Complete 
| 217|0x000000031ba00000, 0x000000031bc00000, 0x000000031bc00000|100%|HC|  |TAMS 0x000000031ba00000, 0x000000031ba00000| Complete 
| 218|0x000000031bc00000, 0x000000031be00000, 0x000000031be00000|100%|HC|  |TAMS 0x000000031bc00000, 0x000000031bc00000| Complete 
| 219|0x000000031be00000, 0x000000031c000000, 0x000000031c000000|100%|HC|  |TAMS 0x000000031be00000, 0x000000031be00000| Complete 
| 220|0x000000031c000000, 0x000000031c200000, 0x000000031c200000|100%|HC|  |TAMS 0x000000031c000000, 0x000000031c000000| Complete 
| 221|0x000000031c200000, 0x000000031c400000, 0x000000031c400000|100%|HC|  |TAMS 0x000000031c200000, 0x000000031c200000| Complete 
| 222|0x000000031c400000, 0x000000031c600000, 0x000000031c600000|100%|HC|  |TAMS 0x000000031c400000, 0x000000031c400000| Complete 
| 223|0x000000031c600000, 0x000000031c800000, 0x000000031c800000|100%|HC|  |TAMS 0x000000031c600000, 0x000000031c600000| Complete 
| 224|0x000000031c800000, 0x000000031ca00000, 0x000000031ca00000|100%|HC|  |TAMS 0x000000031c800000, 0x000000031c800000| Complete 
| 225|0x000000031ca00000, 0x000000031cc00000, 0x000000031cc00000|100%|HC|  |TAMS 0x000000031ca00000, 0x000000031ca00000| Complete 
| 226|0x000000031cc00000, 0x000000031ce00000, 0x000000031ce00000|100%|HC|  |TAMS 0x000000031cc00000, 0x000000031cc00000| Complete 
| 227|0x000000031ce00000, 0x000000031d000000, 0x000000031d000000|100%|HC|  |TAMS 0x000000031ce00000, 0x000000031ce00000| Complete 
| 228|0x000000031d000000, 0x000000031d200000, 0x000000031d200000|100%|HS|  |TAMS 0x000000031d000000, 0x000000031d000000| Complete 
| 229|0x000000031d200000, 0x000000031d400000, 0x000000031d400000|100%| O|  |TAMS 0x000000031d200000, 0x000000031d200000| Untracked 
| 230|0x000000031d400000, 0x000000031d600000, 0x000000031d600000|100%| O|  |TAMS 0x000000031d400000, 0x000000031d400000| Untracked 
| 231|0x000000031d600000, 0x000000031d800000, 0x000000031d800000|100%| O|  |TAMS 0x000000031d600000, 0x000000031d600000| Untracked 
| 232|0x000000031d800000, 0x000000031da00000, 0x000000031da00000|100%| O|  |TAMS 0x000000031d800000, 0x000000031d800000| Untracked 
| 233|0x000000031da00000, 0x000000031dc00000, 0x000000031dc00000|100%| O|  |TAMS 0x000000031da00000, 0x000000031da00000| Untracked 
| 234|0x000000031dc00000, 0x000000031de00000, 0x000000031de00000|100%| O|  |TAMS 0x000000031dc00000, 0x000000031dc00000| Untracked 
| 235|0x000000031de00000, 0x000000031e000000, 0x000000031e000000|100%| O|  |TAMS 0x000000031de00000, 0x000000031de00000| Untracked 
| 236|0x000000031e000000, 0x000000031e200000, 0x000000031e200000|100%| O|  |TAMS 0x000000031e000000, 0x000000031e000000| Untracked 
| 237|0x000000031e200000, 0x000000031e400000, 0x000000031e400000|100%| O|  |TAMS 0x000000031e200000, 0x000000031e200000| Untracked 
| 238|0x000000031e400000, 0x000000031e600000, 0x000000031e600000|100%|HS|  |TAMS 0x000000031e400000, 0x000000031e400000| Complete 
| 239|0x000000031e600000, 0x000000031e800000, 0x000000031e800000|100%|HS|  |TAMS 0x000000031e600000, 0x000000031e600000| Complete 
| 240|0x000000031e800000, 0x000000031ea00000, 0x000000031ea00000|100%|HC|  |TAMS 0x000000031e800000, 0x000000031e800000| Complete 
| 241|0x000000031ea00000, 0x000000031ec00000, 0x000000031ec00000|100%|HS|  |TAMS 0x000000031ea00000, 0x000000031ea00000| Complete 
| 242|0x000000031ec00000, 0x000000031ee00000, 0x000000031ee00000|100%|HC|  |TAMS 0x000000031ec00000, 0x000000031ec00000| Complete 
| 243|0x000000031ee00000, 0x000000031f000000, 0x000000031f000000|100%|HC|  |TAMS 0x000000031ee00000, 0x000000031ee00000| Complete 
| 244|0x000000031f000000, 0x000000031f200000, 0x000000031f200000|100%|HS|  |TAMS 0x000000031f000000, 0x000000031f000000| Complete 
| 245|0x000000031f200000, 0x000000031f400000, 0x000000031f400000|100%|HC|  |TAMS 0x000000031f200000, 0x000000031f200000| Complete 
| 246|0x000000031f400000, 0x000000031f600000, 0x000000031f600000|100%|HC|  |TAMS 0x000000031f400000, 0x000000031f400000| Complete 
| 247|0x000000031f600000, 0x000000031f800000, 0x000000031f800000|100%|HC|  |TAMS 0x000000031f600000, 0x000000031f600000| Complete 
| 248|0x000000031f800000, 0x000000031fa00000, 0x000000031fa00000|100%|HC|  |TAMS 0x000000031f800000, 0x000000031f800000| Complete 
| 249|0x000000031fa00000, 0x000000031fc00000, 0x000000031fc00000|100%|HS|  |TAMS 0x000000031fa00000, 0x000000031fa00000| Complete 
| 250|0x000000031fc00000, 0x000000031fe00000, 0x000000031fe00000|100%|HC|  |TAMS 0x000000031fc00000, 0x000000031fc00000| Complete 
| 251|0x000000031fe00000, 0x0000000320000000, 0x0000000320000000|100%|HC|  |TAMS 0x000000031fe00000, 0x000000031fe00000| Complete 
| 252|0x0000000320000000, 0x0000000320200000, 0x0000000320200000|100%|HC|  |TAMS 0x0000000320000000, 0x0000000320000000| Complete 
| 253|0x0000000320200000, 0x0000000320400000, 0x0000000320400000|100%|HC|  |TAMS 0x0000000320200000, 0x0000000320200000| Complete 
| 254|0x0000000320400000, 0x0000000320600000, 0x0000000320600000|100%|HC|  |TAMS 0x0000000320400000, 0x0000000320400000| Complete 
| 255|0x0000000320600000, 0x0000000320800000, 0x0000000320800000|100%|HC|  |TAMS 0x0000000320600000, 0x0000000320600000| Complete 
| 256|0x0000000320800000, 0x0000000320a00000, 0x0000000320a00000|100%|HC|  |TAMS 0x0000000320800000, 0x0000000320800000| Complete 
| 257|0x0000000320a00000, 0x0000000320c00000, 0x0000000320c00000|100%|HC|  |TAMS 0x0000000320a00000, 0x0000000320a00000| Complete 
| 258|0x0000000320c00000, 0x0000000320e00000, 0x0000000320e00000|100%|HS|  |TAMS 0x0000000320c00000, 0x0000000320c00000| Complete 
| 259|0x0000000320e00000, 0x0000000321000000, 0x0000000321000000|100%|HC|  |TAMS 0x0000000320e00000, 0x0000000320e00000| Complete 
| 260|0x0000000321000000, 0x0000000321200000, 0x0000000321200000|100%|HC|  |TAMS 0x0000000321000000, 0x0000000321000000| Complete 
| 261|0x0000000321200000, 0x0000000321400000, 0x0000000321400000|100%|HC|  |TAMS 0x0000000321200000, 0x0000000321200000| Complete 
| 262|0x0000000321400000, 0x0000000321600000, 0x0000000321600000|100%|HC|  |TAMS 0x0000000321400000, 0x0000000321400000| Complete 
| 263|0x0000000321600000, 0x0000000321800000, 0x0000000321800000|100%|HC|  |TAMS 0x0000000321600000, 0x0000000321600000| Complete 
| 264|0x0000000321800000, 0x0000000321a00000, 0x0000000321a00000|100%|HC|  |TAMS 0x0000000321800000, 0x0000000321800000| Complete 
| 265|0x0000000321a00000, 0x0000000321c00000, 0x0000000321c00000|100%|HC|  |TAMS 0x0000000321a00000, 0x0000000321a00000| Complete 
| 266|0x0000000321c00000, 0x0000000321e00000, 0x0000000321e00000|100%|HC|  |TAMS 0x0000000321c00000, 0x0000000321c00000| Complete 
| 267|0x0000000321e00000, 0x0000000322000000, 0x0000000322000000|100%|HC|  |TAMS 0x0000000321e00000, 0x0000000321e00000| Complete 
| 268|0x0000000322000000, 0x0000000322200000, 0x0000000322200000|100%|HC|  |TAMS 0x0000000322000000, 0x0000000322000000| Complete 
| 269|0x0000000322200000, 0x0000000322400000, 0x0000000322400000|100%|HC|  |TAMS 0x0000000322200000, 0x0000000322200000| Complete 
| 270|0x0000000322400000, 0x0000000322600000, 0x0000000322600000|100%|HC|  |TAMS 0x0000000322400000, 0x0000000322400000| Complete 
| 271|0x0000000322600000, 0x0000000322800000, 0x0000000322800000|100%|HC|  |TAMS 0x0000000322600000, 0x0000000322600000| Complete 
| 272|0x0000000322800000, 0x0000000322a00000, 0x0000000322a00000|100%|HC|  |TAMS 0x0000000322800000, 0x0000000322800000| Complete 
| 273|0x0000000322a00000, 0x0000000322c00000, 0x0000000322c00000|100%|HC|  |TAMS 0x0000000322a00000, 0x0000000322a00000| Complete 
| 274|0x0000000322c00000, 0x0000000322e00000, 0x0000000322e00000|100%|HC|  |TAMS 0x0000000322c00000, 0x0000000322c00000| Complete 
| 275|0x0000000322e00000, 0x0000000323000000, 0x0000000323000000|100%| O|  |TAMS 0x0000000322e00000, 0x0000000322e00000| Untracked 
| 276|0x0000000323000000, 0x0000000323200000, 0x0000000323200000|100%| O|  |TAMS 0x0000000323000000, 0x0000000323000000| Untracked 
| 277|0x0000000323200000, 0x0000000323400000, 0x0000000323400000|100%| O|  |TAMS 0x0000000323200000, 0x0000000323200000| Untracked 
| 278|0x0000000323400000, 0x0000000323600000, 0x0000000323600000|100%| O|  |TAMS 0x0000000323400000, 0x0000000323400000| Untracked 
| 279|0x0000000323600000, 0x0000000323800000, 0x0000000323800000|100%| O|  |TAMS 0x0000000323600000, 0x0000000323600000| Untracked 
| 280|0x0000000323800000, 0x0000000323a00000, 0x0000000323a00000|100%| O|  |TAMS 0x0000000323800000, 0x0000000323800000| Untracked 
| 281|0x0000000323a00000, 0x0000000323c00000, 0x0000000323c00000|100%| O|  |TAMS 0x0000000323a00000, 0x0000000323a00000| Untracked 
| 282|0x0000000323c00000, 0x0000000323e00000, 0x0000000323e00000|100%| O|  |TAMS 0x0000000323c00000, 0x0000000323c00000| Untracked 
| 283|0x0000000323e00000, 0x0000000324000000, 0x0000000324000000|100%| O|  |TAMS 0x0000000323e00000, 0x0000000323e00000| Untracked 
| 284|0x0000000324000000, 0x0000000324200000, 0x0000000324200000|100%| O|  |TAMS 0x0000000324000000, 0x0000000324000000| Untracked 
| 285|0x0000000324200000, 0x0000000324400000, 0x0000000324400000|100%| O|  |TAMS 0x0000000324200000, 0x0000000324200000| Untracked 
| 286|0x0000000324400000, 0x0000000324600000, 0x0000000324600000|100%| O|  |TAMS 0x0000000324400000, 0x0000000324400000| Untracked 
| 287|0x0000000324600000, 0x0000000324800000, 0x0000000324800000|100%| O|  |TAMS 0x0000000324600000, 0x0000000324600000| Untracked 
| 288|0x0000000324800000, 0x0000000324a00000, 0x0000000324a00000|100%| O|  |TAMS 0x0000000324800000, 0x0000000324800000| Untracked 
| 289|0x0000000324a00000, 0x0000000324c00000, 0x0000000324c00000|100%| O|  |TAMS 0x0000000324a00000, 0x0000000324a00000| Untracked 
| 290|0x0000000324c00000, 0x0000000324e00000, 0x0000000324e00000|100%| O|  |TAMS 0x0000000324c00000, 0x0000000324c00000| Untracked 
| 291|0x0000000324e00000, 0x0000000325000000, 0x0000000325000000|100%| O|  |TAMS 0x0000000324e00000, 0x0000000324e00000| Untracked 
| 292|0x0000000325000000, 0x0000000325200000, 0x0000000325200000|100%| O|  |TAMS 0x0000000325000000, 0x0000000325000000| Untracked 
| 293|0x0000000325200000, 0x0000000325400000, 0x0000000325400000|100%| O|  |TAMS 0x0000000325200000, 0x0000000325200000| Untracked 
| 294|0x0000000325400000, 0x0000000325600000, 0x0000000325600000|100%| O|  |TAMS 0x0000000325400000, 0x0000000325400000| Untracked 
| 295|0x0000000325600000, 0x0000000325800000, 0x0000000325800000|100%| O|  |TAMS 0x0000000325600000, 0x0000000325600000| Untracked 
| 296|0x0000000325800000, 0x0000000325a00000, 0x0000000325a00000|100%| O|  |TAMS 0x0000000325800000, 0x0000000325800000| Untracked 
| 297|0x0000000325a00000, 0x0000000325c00000, 0x0000000325c00000|100%| O|  |TAMS 0x0000000325a00000, 0x0000000325a00000| Untracked 
| 298|0x0000000325c00000, 0x0000000325e00000, 0x0000000325e00000|100%| O|  |TAMS 0x0000000325c00000, 0x0000000325c00000| Untracked 
| 299|0x0000000325e00000, 0x0000000326000000, 0x0000000326000000|100%| O|  |TAMS 0x0000000325e00000, 0x0000000325e00000| Untracked 
| 300|0x0000000326000000, 0x0000000326200000, 0x0000000326200000|100%| O|  |TAMS 0x0000000326000000, 0x0000000326000000| Untracked 
| 301|0x0000000326200000, 0x0000000326400000, 0x0000000326400000|100%| O|  |TAMS 0x0000000326200000, 0x0000000326200000| Untracked 
| 302|0x0000000326400000, 0x0000000326600000, 0x0000000326600000|100%| O|  |TAMS 0x0000000326400000, 0x0000000326400000| Untracked 
| 303|0x0000000326600000, 0x0000000326800000, 0x0000000326800000|100%| O|  |TAMS 0x0000000326600000, 0x0000000326600000| Untracked 
| 304|0x0000000326800000, 0x0000000326a00000, 0x0000000326a00000|100%|HS|  |TAMS 0x0000000326800000, 0x0000000326800000| Complete 
| 305|0x0000000326a00000, 0x0000000326c00000, 0x0000000326c00000|100%|HS|  |TAMS 0x0000000326a00000, 0x0000000326a00000| Complete 
| 306|0x0000000326c00000, 0x0000000326e00000, 0x0000000326e00000|100%|HC|  |TAMS 0x0000000326c00000, 0x0000000326c00000| Complete 
| 307|0x0000000326e00000, 0x0000000327000000, 0x0000000327000000|100%|HS|  |TAMS 0x0000000326e00000, 0x0000000326e00000| Complete 
| 308|0x0000000327000000, 0x0000000327200000, 0x0000000327200000|100%|HC|  |TAMS 0x0000000327000000, 0x0000000327000000| Complete 
| 309|0x0000000327200000, 0x0000000327400000, 0x0000000327400000|100%|HC|  |TAMS 0x0000000327200000, 0x0000000327200000| Complete 
| 310|0x0000000327400000, 0x0000000327600000, 0x0000000327600000|100%|HS|  |TAMS 0x0000000327400000, 0x0000000327400000| Complete 
| 311|0x0000000327600000, 0x0000000327800000, 0x0000000327800000|100%|HC|  |TAMS 0x0000000327600000, 0x0000000327600000| Complete 
| 312|0x0000000327800000, 0x0000000327a00000, 0x0000000327a00000|100%|HC|  |TAMS 0x0000000327800000, 0x0000000327800000| Complete 
| 313|0x0000000327a00000, 0x0000000327c00000, 0x0000000327c00000|100%|HC|  |TAMS 0x0000000327a00000, 0x0000000327a00000| Complete 
| 314|0x0000000327c00000, 0x0000000327e00000, 0x0000000327e00000|100%|HC|  |TAMS 0x0000000327c00000, 0x0000000327c00000| Complete 
| 315|0x0000000327e00000, 0x0000000328000000, 0x0000000328000000|100%|HS|  |TAMS 0x0000000327e00000, 0x0000000327e00000| Complete 
| 316|0x0000000328000000, 0x0000000328200000, 0x0000000328200000|100%|HC|  |TAMS 0x0000000328000000, 0x0000000328000000| Complete 
| 317|0x0000000328200000, 0x0000000328400000, 0x0000000328400000|100%|HC|  |TAMS 0x0000000328200000, 0x0000000328200000| Complete 
| 318|0x0000000328400000, 0x0000000328600000, 0x0000000328600000|100%|HC|  |TAMS 0x0000000328400000, 0x0000000328400000| Complete 
| 319|0x0000000328600000, 0x0000000328800000, 0x0000000328800000|100%|HC|  |TAMS 0x0000000328600000, 0x0000000328600000| Complete 
| 320|0x0000000328800000, 0x0000000328a00000, 0x0000000328a00000|100%|HC|  |TAMS 0x0000000328800000, 0x0000000328800000| Complete 
| 321|0x0000000328a00000, 0x0000000328c00000, 0x0000000328c00000|100%|HC|  |TAMS 0x0000000328a00000, 0x0000000328a00000| Complete 
| 322|0x0000000328c00000, 0x0000000328e00000, 0x0000000328e00000|100%|HC|  |TAMS 0x0000000328c00000, 0x0000000328c00000| Complete 
| 323|0x0000000328e00000, 0x0000000329000000, 0x0000000329000000|100%|HC|  |TAMS 0x0000000328e00000, 0x0000000328e00000| Complete 
| 324|0x0000000329000000, 0x0000000329200000, 0x0000000329200000|100%|HS|  |TAMS 0x0000000329000000, 0x0000000329000000| Complete 
| 325|0x0000000329200000, 0x0000000329400000, 0x0000000329400000|100%|HC|  |TAMS 0x0000000329200000, 0x0000000329200000| Complete 
| 326|0x0000000329400000, 0x0000000329600000, 0x0000000329600000|100%|HC|  |TAMS 0x0000000329400000, 0x0000000329400000| Complete 
| 327|0x0000000329600000, 0x0000000329800000, 0x0000000329800000|100%|HC|  |TAMS 0x0000000329600000, 0x0000000329600000| Complete 
| 328|0x0000000329800000, 0x0000000329a00000, 0x0000000329a00000|100%|HC|  |TAMS 0x0000000329800000, 0x0000000329800000| Complete 
| 329|0x0000000329a00000, 0x0000000329c00000, 0x0000000329c00000|100%|HC|  |TAMS 0x0000000329a00000, 0x0000000329a00000| Complete 
| 330|0x0000000329c00000, 0x0000000329e00000, 0x0000000329e00000|100%|HC|  |TAMS 0x0000000329c00000, 0x0000000329c00000| Complete 
| 331|0x0000000329e00000, 0x000000032a000000, 0x000000032a000000|100%|HC|  |TAMS 0x0000000329e00000, 0x0000000329e00000| Complete 
| 332|0x000000032a000000, 0x000000032a200000, 0x000000032a200000|100%|HC|  |TAMS 0x000000032a000000, 0x000000032a000000| Complete 
| 333|0x000000032a200000, 0x000000032a400000, 0x000000032a400000|100%|HC|  |TAMS 0x000000032a200000, 0x000000032a200000| Complete 
| 334|0x000000032a400000, 0x000000032a600000, 0x000000032a600000|100%|HC|  |TAMS 0x000000032a400000, 0x000000032a400000| Complete 
| 335|0x000000032a600000, 0x000000032a800000, 0x000000032a800000|100%|HC|  |TAMS 0x000000032a600000, 0x000000032a600000| Complete 
| 336|0x000000032a800000, 0x000000032aa00000, 0x000000032aa00000|100%|HC|  |TAMS 0x000000032a800000, 0x000000032a800000| Complete 
| 337|0x000000032aa00000, 0x000000032ac00000, 0x000000032ac00000|100%|HC|  |TAMS 0x000000032aa00000, 0x000000032aa00000| Complete 
| 338|0x000000032ac00000, 0x000000032ae00000, 0x000000032ae00000|100%|HC|  |TAMS 0x000000032ac00000, 0x000000032ac00000| Complete 
| 339|0x000000032ae00000, 0x000000032b000000, 0x000000032b000000|100%|HC|  |TAMS 0x000000032ae00000, 0x000000032ae00000| Complete 
| 340|0x000000032b000000, 0x000000032b200000, 0x000000032b200000|100%|HC|  |TAMS 0x000000032b000000, 0x000000032b000000| Complete 
| 341|0x000000032b200000, 0x000000032b400000, 0x000000032b400000|100%|HS|  |TAMS 0x000000032b200000, 0x000000032b200000| Complete 
| 342|0x000000032b400000, 0x000000032b600000, 0x000000032b600000|100%|HC|  |TAMS 0x000000032b400000, 0x000000032b400000| Complete 
| 343|0x000000032b600000, 0x000000032b800000, 0x000000032b800000|100%|HC|  |TAMS 0x000000032b600000, 0x000000032b600000| Complete 
| 344|0x000000032b800000, 0x000000032ba00000, 0x000000032ba00000|100%|HC|  |TAMS 0x000000032b800000, 0x000000032b800000| Complete 
| 345|0x000000032ba00000, 0x000000032bc00000, 0x000000032bc00000|100%|HC|  |TAMS 0x000000032ba00000, 0x000000032ba00000| Complete 
| 346|0x000000032bc00000, 0x000000032be00000, 0x000000032be00000|100%|HC|  |TAMS 0x000000032bc00000, 0x000000032bc00000| Complete 
| 347|0x000000032be00000, 0x000000032c000000, 0x000000032c000000|100%|HC|  |TAMS 0x000000032be00000, 0x000000032be00000| Complete 
| 348|0x000000032c000000, 0x000000032c200000, 0x000000032c200000|100%|HC|  |TAMS 0x000000032c000000, 0x000000032c000000| Complete 
| 349|0x000000032c200000, 0x000000032c400000, 0x000000032c400000|100%|HC|  |TAMS 0x000000032c200000, 0x000000032c200000| Complete 
| 350|0x000000032c400000, 0x000000032c600000, 0x000000032c600000|100%|HC|  |TAMS 0x000000032c400000, 0x000000032c400000| Complete 
| 351|0x000000032c600000, 0x000000032c800000, 0x000000032c800000|100%|HC|  |TAMS 0x000000032c600000, 0x000000032c600000| Complete 
| 352|0x000000032c800000, 0x000000032ca00000, 0x000000032ca00000|100%|HC|  |TAMS 0x000000032c800000, 0x000000032c800000| Complete 
| 353|0x000000032ca00000, 0x000000032cc00000, 0x000000032cc00000|100%|HC|  |TAMS 0x000000032ca00000, 0x000000032ca00000| Complete 
| 354|0x000000032cc00000, 0x000000032ce00000, 0x000000032ce00000|100%|HC|  |TAMS 0x000000032cc00000, 0x000000032cc00000| Complete 
| 355|0x000000032ce00000, 0x000000032d000000, 0x000000032d000000|100%|HC|  |TAMS 0x000000032ce00000, 0x000000032ce00000| Complete 
| 356|0x000000032d000000, 0x000000032d200000, 0x000000032d200000|100%|HC|  |TAMS 0x000000032d000000, 0x000000032d000000| Complete 
| 357|0x000000032d200000, 0x000000032d400000, 0x000000032d400000|100%|HC|  |TAMS 0x000000032d200000, 0x000000032d200000| Complete 
| 358|0x000000032d400000, 0x000000032d600000, 0x000000032d600000|100%|HC|  |TAMS 0x000000032d400000, 0x000000032d400000| Complete 
| 359|0x000000032d600000, 0x000000032d800000, 0x000000032d800000|100%|HC|  |TAMS 0x000000032d600000, 0x000000032d600000| Complete 
| 360|0x000000032d800000, 0x000000032da00000, 0x000000032da00000|100%|HC|  |TAMS 0x000000032d800000, 0x000000032d800000| Complete 
| 361|0x000000032da00000, 0x000000032dc00000, 0x000000032dc00000|100%|HC|  |TAMS 0x000000032da00000, 0x000000032da00000| Complete 
| 362|0x000000032dc00000, 0x000000032de00000, 0x000000032de00000|100%|HC|  |TAMS 0x000000032dc00000, 0x000000032dc00000| Complete 
| 363|0x000000032de00000, 0x000000032e000000, 0x000000032e000000|100%|HC|  |TAMS 0x000000032de00000, 0x000000032de00000| Complete 
| 364|0x000000032e000000, 0x000000032e200000, 0x000000032e200000|100%|HC|  |TAMS 0x000000032e000000, 0x000000032e000000| Complete 
| 365|0x000000032e200000, 0x000000032e400000, 0x000000032e400000|100%|HC|  |TAMS 0x000000032e200000, 0x000000032e200000| Complete 
| 366|0x000000032e400000, 0x000000032e600000, 0x000000032e600000|100%|HC|  |TAMS 0x000000032e400000, 0x000000032e400000| Complete 
| 367|0x000000032e600000, 0x000000032e800000, 0x000000032e800000|100%|HC|  |TAMS 0x000000032e600000, 0x000000032e600000| Complete 
| 368|0x000000032e800000, 0x000000032ea00000, 0x000000032ea00000|100%|HC|  |TAMS 0x000000032e800000, 0x000000032e800000| Complete 
| 369|0x000000032ea00000, 0x000000032ec00000, 0x000000032ec00000|100%|HC|  |TAMS 0x000000032ea00000, 0x000000032ea00000| Complete 
| 370|0x000000032ec00000, 0x000000032ee00000, 0x000000032ee00000|100%|HC|  |TAMS 0x000000032ec00000, 0x000000032ec00000| Complete 
| 371|0x000000032ee00000, 0x000000032f000000, 0x000000032f000000|100%|HC|  |TAMS 0x000000032ee00000, 0x000000032ee00000| Complete 
| 372|0x000000032f000000, 0x000000032f200000, 0x000000032f200000|100%|HC|  |TAMS 0x000000032f000000, 0x000000032f000000| Complete 
| 373|0x000000032f200000, 0x000000032f400000, 0x000000032f400000|100%|HC|  |TAMS 0x000000032f200000, 0x000000032f200000| Complete 
| 374|0x000000032f400000, 0x000000032f600000, 0x000000032f600000|100%| O|  |TAMS 0x000000032f400000, 0x000000032f400000| Untracked 
| 375|0x000000032f600000, 0x000000032f800000, 0x000000032f800000|100%| O|  |TAMS 0x000000032f600000, 0x000000032f600000| Untracked 
| 376|0x000000032f800000, 0x000000032fa00000, 0x000000032fa00000|100%| O|  |TAMS 0x000000032f800000, 0x000000032f800000| Untracked 
| 377|0x000000032fa00000, 0x000000032fc00000, 0x000000032fc00000|100%| O|  |TAMS 0x000000032fa00000, 0x000000032fa00000| Untracked 
| 378|0x000000032fc00000, 0x000000032fe00000, 0x000000032fe00000|100%| O|  |TAMS 0x000000032fc00000, 0x000000032fc00000| Untracked 
| 379|0x000000032fe00000, 0x0000000330000000, 0x0000000330000000|100%| O|  |TAMS 0x000000032fe00000, 0x000000032fe00000| Untracked 
| 380|0x0000000330000000, 0x0000000330200000, 0x0000000330200000|100%| O|  |TAMS 0x0000000330000000, 0x0000000330000000| Untracked 
| 381|0x0000000330200000, 0x0000000330400000, 0x0000000330400000|100%| O|  |TAMS 0x0000000330200000, 0x0000000330200000| Untracked 
| 382|0x0000000330400000, 0x0000000330600000, 0x0000000330600000|100%| O|  |TAMS 0x0000000330400000, 0x0000000330400000| Untracked 
| 383|0x0000000330600000, 0x0000000330800000, 0x0000000330800000|100%| O|  |TAMS 0x0000000330600000, 0x0000000330600000| Untracked 
| 384|0x0000000330800000, 0x0000000330a00000, 0x0000000330a00000|100%| O|  |TAMS 0x0000000330800000, 0x0000000330800000| Untracked 
| 385|0x0000000330a00000, 0x0000000330c00000, 0x0000000330c00000|100%| O|  |TAMS 0x0000000330a00000, 0x0000000330a00000| Untracked 
| 386|0x0000000330c00000, 0x0000000330e00000, 0x0000000330e00000|100%| O|  |TAMS 0x0000000330c00000, 0x0000000330c00000| Untracked 
| 387|0x0000000330e00000, 0x0000000331000000, 0x0000000331000000|100%| O|  |TAMS 0x0000000330e00000, 0x0000000330e00000| Untracked 
| 388|0x0000000331000000, 0x0000000331200000, 0x0000000331200000|100%| O|  |TAMS 0x0000000331000000, 0x0000000331000000| Untracked 
| 389|0x0000000331200000, 0x00000003313d4e00, 0x0000000331400000| 91%| O|  |TAMS 0x0000000331200000, 0x0000000331200000| Untracked 
| 390|0x0000000331400000, 0x0000000331400000, 0x0000000331600000|  0%| F|  |TAMS 0x0000000331400000, 0x0000000331400000| Untracked 
| 391|0x0000000331600000, 0x0000000331600000, 0x0000000331800000|  0%| F|  |TAMS 0x0000000331600000, 0x0000000331600000| Untracked 
| 392|0x0000000331800000, 0x0000000331800000, 0x0000000331a00000|  0%| F|  |TAMS 0x0000000331800000, 0x0000000331800000| Untracked 
| 393|0x0000000331a00000, 0x0000000331a00000, 0x0000000331c00000|  0%| F|  |TAMS 0x0000000331a00000, 0x0000000331a00000| Untracked 
| 394|0x0000000331c00000, 0x0000000331c00000, 0x0000000331e00000|  0%| F|  |TAMS 0x0000000331c00000, 0x0000000331c00000| Untracked 
| 395|0x0000000331e00000, 0x0000000331e00000, 0x0000000332000000|  0%| F|  |TAMS 0x0000000331e00000, 0x0000000331e00000| Untracked 
| 396|0x0000000332000000, 0x0000000332000000, 0x0000000332200000|  0%| F|  |TAMS 0x0000000332000000, 0x0000000332000000| Untracked 
| 397|0x0000000332200000, 0x0000000332200000, 0x0000000332400000|  0%| F|  |TAMS 0x0000000332200000, 0x0000000332200000| Untracked 
| 398|0x0000000332400000, 0x0000000332400000, 0x0000000332600000|  0%| F|  |TAMS 0x0000000332400000, 0x0000000332400000| Untracked 
| 399|0x0000000332600000, 0x0000000332600000, 0x0000000332800000|  0%| F|  |TAMS 0x0000000332600000, 0x0000000332600000| Untracked 
| 400|0x0000000332800000, 0x0000000332800000, 0x0000000332a00000|  0%| F|  |TAMS 0x0000000332800000, 0x0000000332800000| Untracked 
| 401|0x0000000332a00000, 0x0000000332a00000, 0x0000000332c00000|  0%| F|  |TAMS 0x0000000332a00000, 0x0000000332a00000| Untracked 
| 402|0x0000000332c00000, 0x0000000332c00000, 0x0000000332e00000|  0%| F|  |TAMS 0x0000000332c00000, 0x0000000332c00000| Untracked 
| 403|0x0000000332e00000, 0x0000000332e00000, 0x0000000333000000|  0%| F|  |TAMS 0x0000000332e00000, 0x0000000332e00000| Untracked 
| 404|0x0000000333000000, 0x0000000333000000, 0x0000000333200000|  0%| F|  |TAMS 0x0000000333000000, 0x0000000333000000| Untracked 
| 405|0x0000000333200000, 0x0000000333200000, 0x0000000333400000|  0%| F|  |TAMS 0x0000000333200000, 0x0000000333200000| Untracked 
| 406|0x0000000333400000, 0x0000000333400000, 0x0000000333600000|  0%| F|  |TAMS 0x0000000333400000, 0x0000000333400000| Untracked 
| 407|0x0000000333600000, 0x0000000333600000, 0x0000000333800000|  0%| F|  |TAMS 0x0000000333600000, 0x0000000333600000| Untracked 
| 408|0x0000000333800000, 0x0000000333800000, 0x0000000333a00000|  0%| F|  |TAMS 0x0000000333800000, 0x0000000333800000| Untracked 
| 409|0x0000000333a00000, 0x0000000333a00000, 0x0000000333c00000|  0%| F|  |TAMS 0x0000000333a00000, 0x0000000333a00000| Untracked 
| 410|0x0000000333c00000, 0x0000000333c00000, 0x0000000333e00000|  0%| F|  |TAMS 0x0000000333c00000, 0x0000000333c00000| Untracked 
| 411|0x0000000333e00000, 0x0000000333e00000, 0x0000000334000000|  0%| F|  |TAMS 0x0000000333e00000, 0x0000000333e00000| Untracked 
| 412|0x0000000334000000, 0x0000000334000000, 0x0000000334200000|  0%| F|  |TAMS 0x0000000334000000, 0x0000000334000000| Untracked 
| 413|0x0000000334200000, 0x0000000334200000, 0x0000000334400000|  0%| F|  |TAMS 0x0000000334200000, 0x0000000334200000| Untracked 
| 414|0x0000000334400000, 0x0000000334400000, 0x0000000334600000|  0%| F|  |TAMS 0x0000000334400000, 0x0000000334400000| Untracked 
| 415|0x0000000334600000, 0x0000000334600000, 0x0000000334800000|  0%| F|  |TAMS 0x0000000334600000, 0x0000000334600000| Untracked 
| 416|0x0000000334800000, 0x0000000334800000, 0x0000000334a00000|  0%| F|  |TAMS 0x0000000334800000, 0x0000000334800000| Untracked 
| 417|0x0000000334a00000, 0x0000000334a00000, 0x0000000334c00000|  0%| F|  |TAMS 0x0000000334a00000, 0x0000000334a00000| Untracked 
| 418|0x0000000334c00000, 0x0000000334c00000, 0x0000000334e00000|  0%| F|  |TAMS 0x0000000334c00000, 0x0000000334c00000| Untracked 
| 419|0x0000000334e00000, 0x0000000334e00000, 0x0000000335000000|  0%| F|  |TAMS 0x0000000334e00000, 0x0000000334e00000| Untracked 
| 420|0x0000000335000000, 0x0000000335000000, 0x0000000335200000|  0%| F|  |TAMS 0x0000000335000000, 0x0000000335000000| Untracked 
| 421|0x0000000335200000, 0x0000000335200000, 0x0000000335400000|  0%| F|  |TAMS 0x0000000335200000, 0x0000000335200000| Untracked 
| 422|0x0000000335400000, 0x0000000335400000, 0x0000000335600000|  0%| F|  |TAMS 0x0000000335400000, 0x0000000335400000| Untracked 
| 423|0x0000000335600000, 0x0000000335600000, 0x0000000335800000|  0%| F|  |TAMS 0x0000000335600000, 0x0000000335600000| Untracked 
| 424|0x0000000335800000, 0x0000000335800000, 0x0000000335a00000|  0%| F|  |TAMS 0x0000000335800000, 0x0000000335800000| Untracked 
| 425|0x0000000335a00000, 0x0000000335a00000, 0x0000000335c00000|  0%| F|  |TAMS 0x0000000335a00000, 0x0000000335a00000| Untracked 
| 426|0x0000000335c00000, 0x0000000335c00000, 0x0000000335e00000|  0%| F|  |TAMS 0x0000000335c00000, 0x0000000335c00000| Untracked 
| 427|0x0000000335e00000, 0x0000000335e00000, 0x0000000336000000|  0%| F|  |TAMS 0x0000000335e00000, 0x0000000335e00000| Untracked 
| 428|0x0000000336000000, 0x0000000336000000, 0x0000000336200000|  0%| F|  |TAMS 0x0000000336000000, 0x0000000336000000| Untracked 
| 429|0x0000000336200000, 0x0000000336200000, 0x0000000336400000|  0%| F|  |TAMS 0x0000000336200000, 0x0000000336200000| Untracked 
| 430|0x0000000336400000, 0x0000000336400000, 0x0000000336600000|  0%| F|  |TAMS 0x0000000336400000, 0x0000000336400000| Untracked 
| 431|0x0000000336600000, 0x0000000336600000, 0x0000000336800000|  0%| F|  |TAMS 0x0000000336600000, 0x0000000336600000| Untracked 
| 432|0x0000000336800000, 0x0000000336800000, 0x0000000336a00000|  0%| F|  |TAMS 0x0000000336800000, 0x0000000336800000| Untracked 
| 433|0x0000000336a00000, 0x0000000336a00000, 0x0000000336c00000|  0%| F|  |TAMS 0x0000000336a00000, 0x0000000336a00000| Untracked 
| 434|0x0000000336c00000, 0x0000000336c00000, 0x0000000336e00000|  0%| F|  |TAMS 0x0000000336c00000, 0x0000000336c00000| Untracked 
| 435|0x0000000336e00000, 0x0000000336e00000, 0x0000000337000000|  0%| F|  |TAMS 0x0000000336e00000, 0x0000000336e00000| Untracked 
| 436|0x0000000337000000, 0x0000000337000000, 0x0000000337200000|  0%| F|  |TAMS 0x0000000337000000, 0x0000000337000000| Untracked 
| 437|0x0000000337200000, 0x0000000337200000, 0x0000000337400000|  0%| F|  |TAMS 0x0000000337200000, 0x0000000337200000| Untracked 
| 438|0x0000000337400000, 0x0000000337400000, 0x0000000337600000|  0%| F|  |TAMS 0x0000000337400000, 0x0000000337400000| Untracked 
| 439|0x0000000337600000, 0x0000000337600000, 0x0000000337800000|  0%| F|  |TAMS 0x0000000337600000, 0x0000000337600000| Untracked 
| 440|0x0000000337800000, 0x0000000337800000, 0x0000000337a00000|  0%| F|  |TAMS 0x0000000337800000, 0x0000000337800000| Untracked 
| 441|0x0000000337a00000, 0x0000000337a00000, 0x0000000337c00000|  0%| F|  |TAMS 0x0000000337a00000, 0x0000000337a00000| Untracked 
| 442|0x0000000337c00000, 0x0000000337e00000, 0x0000000337e00000|100%| O|  |TAMS 0x0000000337c00000, 0x0000000337c00000| Untracked 
| 443|0x0000000337e00000, 0x0000000338000000, 0x0000000338000000|100%| O|  |TAMS 0x0000000337e00000, 0x0000000337e00000| Untracked 
| 444|0x0000000338000000, 0x0000000338200000, 0x0000000338200000|100%| O|  |TAMS 0x0000000338000000, 0x0000000338000000| Untracked 
| 445|0x0000000338200000, 0x0000000338400000, 0x0000000338400000|100%| O|  |TAMS 0x0000000338200000, 0x0000000338200000| Untracked 
| 446|0x0000000338400000, 0x0000000338600000, 0x0000000338600000|100%| O|  |TAMS 0x0000000338400000, 0x0000000338400000| Untracked 
| 447|0x0000000338600000, 0x0000000338800000, 0x0000000338800000|100%| O|  |TAMS 0x0000000338600000, 0x0000000338600000| Untracked 
| 448|0x0000000338800000, 0x0000000338a00000, 0x0000000338a00000|100%| O|  |TAMS 0x0000000338800000, 0x0000000338800000| Untracked 
| 449|0x0000000338a00000, 0x0000000338c00000, 0x0000000338c00000|100%| O|  |TAMS 0x0000000338a00000, 0x0000000338a00000| Untracked 
| 450|0x0000000338c00000, 0x0000000338e00000, 0x0000000338e00000|100%| O|  |TAMS 0x0000000338c00000, 0x0000000338c00000| Untracked 
| 451|0x0000000338e00000, 0x0000000339000000, 0x0000000339000000|100%| O|  |TAMS 0x0000000338e00000, 0x0000000338e00000| Untracked 
| 452|0x0000000339000000, 0x0000000339200000, 0x0000000339200000|100%| O|  |TAMS 0x0000000339000000, 0x0000000339000000| Untracked 
| 453|0x0000000339200000, 0x0000000339400000, 0x0000000339400000|100%| O|  |TAMS 0x0000000339200000, 0x0000000339200000| Untracked 
| 454|0x0000000339400000, 0x0000000339600000, 0x0000000339600000|100%| O|  |TAMS 0x0000000339400000, 0x0000000339400000| Untracked 
| 455|0x0000000339600000, 0x0000000339600000, 0x0000000339800000|  0%| F|  |TAMS 0x0000000339600000, 0x0000000339600000| Untracked 
| 456|0x0000000339800000, 0x0000000339800000, 0x0000000339a00000|  0%| F|  |TAMS 0x0000000339800000, 0x0000000339800000| Untracked 
| 457|0x0000000339a00000, 0x0000000339a00000, 0x0000000339c00000|  0%| F|  |TAMS 0x0000000339a00000, 0x0000000339a00000| Untracked 
| 458|0x0000000339c00000, 0x0000000339c00000, 0x0000000339e00000|  0%| F|  |TAMS 0x0000000339c00000, 0x0000000339c00000| Untracked 
| 459|0x0000000339e00000, 0x0000000339e00000, 0x000000033a000000|  0%| F|  |TAMS 0x0000000339e00000, 0x0000000339e00000| Untracked 
| 460|0x000000033a000000, 0x000000033a000000, 0x000000033a200000|  0%| F|  |TAMS 0x000000033a000000, 0x000000033a000000| Untracked 
| 461|0x000000033a200000, 0x000000033a200000, 0x000000033a400000|  0%| F|  |TAMS 0x000000033a200000, 0x000000033a200000| Untracked 
| 462|0x000000033a400000, 0x000000033a400000, 0x000000033a600000|  0%| F|  |TAMS 0x000000033a400000, 0x000000033a400000| Untracked 
| 463|0x000000033a600000, 0x000000033a600000, 0x000000033a800000|  0%| F|  |TAMS 0x000000033a600000, 0x000000033a600000| Untracked 
| 464|0x000000033a800000, 0x000000033a800000, 0x000000033aa00000|  0%| F|  |TAMS 0x000000033a800000, 0x000000033a800000| Untracked 
| 465|0x000000033aa00000, 0x000000033aa00000, 0x000000033ac00000|  0%| F|  |TAMS 0x000000033aa00000, 0x000000033aa00000| Untracked 
| 466|0x000000033ac00000, 0x000000033ac00000, 0x000000033ae00000|  0%| F|  |TAMS 0x000000033ac00000, 0x000000033ac00000| Untracked 
| 467|0x000000033ae00000, 0x000000033ae00000, 0x000000033b000000|  0%| F|  |TAMS 0x000000033ae00000, 0x000000033ae00000| Untracked 
| 468|0x000000033b000000, 0x000000033b000000, 0x000000033b200000|  0%| F|  |TAMS 0x000000033b000000, 0x000000033b000000| Untracked 
| 469|0x000000033b200000, 0x000000033b200000, 0x000000033b400000|  0%| F|  |TAMS 0x000000033b200000, 0x000000033b200000| Untracked 
| 470|0x000000033b400000, 0x000000033b400000, 0x000000033b600000|  0%| F|  |TAMS 0x000000033b400000, 0x000000033b400000| Untracked 
| 471|0x000000033b600000, 0x000000033b600000, 0x000000033b800000|  0%| F|  |TAMS 0x000000033b600000, 0x000000033b600000| Untracked 
| 472|0x000000033b800000, 0x000000033b800000, 0x000000033ba00000|  0%| F|  |TAMS 0x000000033b800000, 0x000000033b800000| Untracked 
| 473|0x000000033ba00000, 0x000000033ba00000, 0x000000033bc00000|  0%| F|  |TAMS 0x000000033ba00000, 0x000000033ba00000| Untracked 
| 474|0x000000033bc00000, 0x000000033bc00000, 0x000000033be00000|  0%| F|  |TAMS 0x000000033bc00000, 0x000000033bc00000| Untracked 
| 475|0x000000033be00000, 0x000000033be00000, 0x000000033c000000|  0%| F|  |TAMS 0x000000033be00000, 0x000000033be00000| Untracked 
| 476|0x000000033c000000, 0x000000033c000000, 0x000000033c200000|  0%| F|  |TAMS 0x000000033c000000, 0x000000033c000000| Untracked 
| 477|0x000000033c200000, 0x000000033c200000, 0x000000033c400000|  0%| F|  |TAMS 0x000000033c200000, 0x000000033c200000| Untracked 
| 478|0x000000033c400000, 0x000000033c400000, 0x000000033c600000|  0%| F|  |TAMS 0x000000033c400000, 0x000000033c400000| Untracked 
| 479|0x000000033c600000, 0x000000033c600000, 0x000000033c800000|  0%| F|  |TAMS 0x000000033c600000, 0x000000033c600000| Untracked 
| 480|0x000000033c800000, 0x000000033c800000, 0x000000033ca00000|  0%| F|  |TAMS 0x000000033c800000, 0x000000033c800000| Untracked 
| 481|0x000000033ca00000, 0x000000033ca00000, 0x000000033cc00000|  0%| F|  |TAMS 0x000000033ca00000, 0x000000033ca00000| Untracked 
| 482|0x000000033cc00000, 0x000000033cc00000, 0x000000033ce00000|  0%| F|  |TAMS 0x000000033cc00000, 0x000000033cc00000| Untracked 
| 483|0x000000033ce00000, 0x000000033ce00000, 0x000000033d000000|  0%| F|  |TAMS 0x000000033ce00000, 0x000000033ce00000| Untracked 
| 484|0x000000033d000000, 0x000000033d000000, 0x000000033d200000|  0%| F|  |TAMS 0x000000033d000000, 0x000000033d000000| Untracked 
| 485|0x000000033d200000, 0x000000033d200000, 0x000000033d400000|  0%| F|  |TAMS 0x000000033d200000, 0x000000033d200000| Untracked 
| 486|0x000000033d400000, 0x000000033d400000, 0x000000033d600000|  0%| F|  |TAMS 0x000000033d400000, 0x000000033d400000| Untracked 
| 487|0x000000033d600000, 0x000000033d600000, 0x000000033d800000|  0%| F|  |TAMS 0x000000033d600000, 0x000000033d600000| Untracked 
| 488|0x000000033d800000, 0x000000033d800000, 0x000000033da00000|  0%| F|  |TAMS 0x000000033d800000, 0x000000033d800000| Untracked 
| 489|0x000000033da00000, 0x000000033da00000, 0x000000033dc00000|  0%| F|  |TAMS 0x000000033da00000, 0x000000033da00000| Untracked 
| 490|0x000000033dc00000, 0x000000033dc00000, 0x000000033de00000|  0%| F|  |TAMS 0x000000033dc00000, 0x000000033dc00000| Untracked 
| 491|0x000000033de00000, 0x000000033de00000, 0x000000033e000000|  0%| F|  |TAMS 0x000000033de00000, 0x000000033de00000| Untracked 
| 492|0x000000033e000000, 0x000000033e000000, 0x000000033e200000|  0%| F|  |TAMS 0x000000033e000000, 0x000000033e000000| Untracked 
| 493|0x000000033e200000, 0x000000033e200000, 0x000000033e400000|  0%| F|  |TAMS 0x000000033e200000, 0x000000033e200000| Untracked 
| 494|0x000000033e400000, 0x000000033e400000, 0x000000033e600000|  0%| F|  |TAMS 0x000000033e400000, 0x000000033e400000| Untracked 
| 495|0x000000033e600000, 0x000000033e600000, 0x000000033e800000|  0%| F|  |TAMS 0x000000033e600000, 0x000000033e600000| Untracked 
| 496|0x000000033e800000, 0x000000033e800000, 0x000000033ea00000|  0%| F|  |TAMS 0x000000033e800000, 0x000000033e800000| Untracked 
| 497|0x000000033ea00000, 0x000000033ea00000, 0x000000033ec00000|  0%| F|  |TAMS 0x000000033ea00000, 0x000000033ea00000| Untracked 
| 498|0x000000033ec00000, 0x000000033ec00000, 0x000000033ee00000|  0%| F|  |TAMS 0x000000033ec00000, 0x000000033ec00000| Untracked 
| 499|0x000000033ee00000, 0x000000033ee00000, 0x000000033f000000|  0%| F|  |TAMS 0x000000033ee00000, 0x000000033ee00000| Untracked 
| 500|0x000000033f000000, 0x000000033f000000, 0x000000033f200000|  0%| F|  |TAMS 0x000000033f000000, 0x000000033f000000| Untracked 
| 501|0x000000033f200000, 0x000000033f200000, 0x000000033f400000|  0%| F|  |TAMS 0x000000033f200000, 0x000000033f200000| Untracked 
| 502|0x000000033f400000, 0x000000033f400000, 0x000000033f600000|  0%| F|  |TAMS 0x000000033f400000, 0x000000033f400000| Untracked 
| 503|0x000000033f600000, 0x000000033f600000, 0x000000033f800000|  0%| F|  |TAMS 0x000000033f600000, 0x000000033f600000| Untracked 
| 504|0x000000033f800000, 0x000000033f800000, 0x000000033fa00000|  0%| F|  |TAMS 0x000000033f800000, 0x000000033f800000| Untracked 
| 505|0x000000033fa00000, 0x000000033fa00000, 0x000000033fc00000|  0%| F|  |TAMS 0x000000033fa00000, 0x000000033fa00000| Untracked 
| 506|0x000000033fc00000, 0x000000033fc00000, 0x000000033fe00000|  0%| F|  |TAMS 0x000000033fc00000, 0x000000033fc00000| Untracked 
| 507|0x000000033fe00000, 0x000000033fe00000, 0x0000000340000000|  0%| F|  |TAMS 0x000000033fe00000, 0x000000033fe00000| Untracked 
| 508|0x0000000340000000, 0x0000000340000000, 0x0000000340200000|  0%| F|  |TAMS 0x0000000340000000, 0x0000000340000000| Untracked 
| 509|0x0000000340200000, 0x0000000340200000, 0x0000000340400000|  0%| F|  |TAMS 0x0000000340200000, 0x0000000340200000| Untracked 
| 510|0x0000000340400000, 0x0000000340400000, 0x0000000340600000|  0%| F|  |TAMS 0x0000000340400000, 0x0000000340400000| Untracked 
| 511|0x0000000340600000, 0x0000000340600000, 0x0000000340800000|  0%| F|  |TAMS 0x0000000340600000, 0x0000000340600000| Untracked 
| 512|0x0000000340800000, 0x0000000340800000, 0x0000000340a00000|  0%| F|  |TAMS 0x0000000340800000, 0x0000000340800000| Untracked 
| 513|0x0000000340a00000, 0x0000000340a00000, 0x0000000340c00000|  0%| F|  |TAMS 0x0000000340a00000, 0x0000000340a00000| Untracked 
| 514|0x0000000340c00000, 0x0000000340c00000, 0x0000000340e00000|  0%| F|  |TAMS 0x0000000340c00000, 0x0000000340c00000| Untracked 
| 515|0x0000000340e00000, 0x0000000340e00000, 0x0000000341000000|  0%| F|  |TAMS 0x0000000340e00000, 0x0000000340e00000| Untracked 
| 516|0x0000000341000000, 0x0000000341000000, 0x0000000341200000|  0%| F|  |TAMS 0x0000000341000000, 0x0000000341000000| Untracked 
| 517|0x0000000341200000, 0x0000000341200000, 0x0000000341400000|  0%| F|  |TAMS 0x0000000341200000, 0x0000000341200000| Untracked 
| 518|0x0000000341400000, 0x0000000341400000, 0x0000000341600000|  0%| F|  |TAMS 0x0000000341400000, 0x0000000341400000| Untracked 
| 519|0x0000000341600000, 0x0000000341600000, 0x0000000341800000|  0%| F|  |TAMS 0x0000000341600000, 0x0000000341600000| Untracked 
| 520|0x0000000341800000, 0x0000000341800000, 0x0000000341a00000|  0%| F|  |TAMS 0x0000000341800000, 0x0000000341800000| Untracked 
| 521|0x0000000341a00000, 0x0000000341a00000, 0x0000000341c00000|  0%| F|  |TAMS 0x0000000341a00000, 0x0000000341a00000| Untracked 
| 522|0x0000000341c00000, 0x0000000341c00000, 0x0000000341e00000|  0%| F|  |TAMS 0x0000000341c00000, 0x0000000341c00000| Untracked 
| 523|0x0000000341e00000, 0x0000000341e00000, 0x0000000342000000|  0%| F|  |TAMS 0x0000000341e00000, 0x0000000341e00000| Untracked 
| 524|0x0000000342000000, 0x0000000342000000, 0x0000000342200000|  0%| F|  |TAMS 0x0000000342000000, 0x0000000342000000| Untracked 
| 525|0x0000000342200000, 0x0000000342200000, 0x0000000342400000|  0%| F|  |TAMS 0x0000000342200000, 0x0000000342200000| Untracked 
| 526|0x0000000342400000, 0x0000000342400000, 0x0000000342600000|  0%| F|  |TAMS 0x0000000342400000, 0x0000000342400000| Untracked 
| 527|0x0000000342600000, 0x0000000342600000, 0x0000000342800000|  0%| F|  |TAMS 0x0000000342600000, 0x0000000342600000| Untracked 
| 528|0x0000000342800000, 0x0000000342800000, 0x0000000342a00000|  0%| F|  |TAMS 0x0000000342800000, 0x0000000342800000| Untracked 
| 529|0x0000000342a00000, 0x0000000342a00000, 0x0000000342c00000|  0%| F|  |TAMS 0x0000000342a00000, 0x0000000342a00000| Untracked 
| 530|0x0000000342c00000, 0x0000000342c00000, 0x0000000342e00000|  0%| F|  |TAMS 0x0000000342c00000, 0x0000000342c00000| Untracked 
| 531|0x0000000342e00000, 0x0000000342e00000, 0x0000000343000000|  0%| F|  |TAMS 0x0000000342e00000, 0x0000000342e00000| Untracked 
| 532|0x0000000343000000, 0x0000000343000000, 0x0000000343200000|  0%| F|  |TAMS 0x0000000343000000, 0x0000000343000000| Untracked 
| 533|0x0000000343200000, 0x0000000343200000, 0x0000000343400000|  0%| F|  |TAMS 0x0000000343200000, 0x0000000343200000| Untracked 
| 534|0x0000000343400000, 0x0000000343400000, 0x0000000343600000|  0%| F|  |TAMS 0x0000000343400000, 0x0000000343400000| Untracked 
| 535|0x0000000343600000, 0x0000000343600000, 0x0000000343800000|  0%| F|  |TAMS 0x0000000343600000, 0x0000000343600000| Untracked 
| 536|0x0000000343800000, 0x0000000343800000, 0x0000000343a00000|  0%| F|  |TAMS 0x0000000343800000, 0x0000000343800000| Untracked 
| 537|0x0000000343a00000, 0x0000000343a00000, 0x0000000343c00000|  0%| F|  |TAMS 0x0000000343a00000, 0x0000000343a00000| Untracked 
| 538|0x0000000343c00000, 0x0000000343c00000, 0x0000000343e00000|  0%| F|  |TAMS 0x0000000343c00000, 0x0000000343c00000| Untracked 
| 539|0x0000000343e00000, 0x0000000343e00000, 0x0000000344000000|  0%| F|  |TAMS 0x0000000343e00000, 0x0000000343e00000| Untracked 
| 540|0x0000000344000000, 0x0000000344000000, 0x0000000344200000|  0%| F|  |TAMS 0x0000000344000000, 0x0000000344000000| Untracked 
| 541|0x0000000344200000, 0x0000000344200000, 0x0000000344400000|  0%| F|  |TAMS 0x0000000344200000, 0x0000000344200000| Untracked 
| 542|0x0000000344400000, 0x0000000344400000, 0x0000000344600000|  0%| F|  |TAMS 0x0000000344400000, 0x0000000344400000| Untracked 
| 543|0x0000000344600000, 0x0000000344600000, 0x0000000344800000|  0%| F|  |TAMS 0x0000000344600000, 0x0000000344600000| Untracked 
| 544|0x0000000344800000, 0x0000000344800000, 0x0000000344a00000|  0%| F|  |TAMS 0x0000000344800000, 0x0000000344800000| Untracked 
| 545|0x0000000344a00000, 0x0000000344a00000, 0x0000000344c00000|  0%| F|  |TAMS 0x0000000344a00000, 0x0000000344a00000| Untracked 
| 546|0x0000000344c00000, 0x0000000344c00000, 0x0000000344e00000|  0%| F|  |TAMS 0x0000000344c00000, 0x0000000344c00000| Untracked 
| 547|0x0000000344e00000, 0x0000000344e00000, 0x0000000345000000|  0%| F|  |TAMS 0x0000000344e00000, 0x0000000344e00000| Untracked 
| 548|0x0000000345000000, 0x0000000345000000, 0x0000000345200000|  0%| F|  |TAMS 0x0000000345000000, 0x0000000345000000| Untracked 
| 549|0x0000000345200000, 0x0000000345200000, 0x0000000345400000|  0%| F|  |TAMS 0x0000000345200000, 0x0000000345200000| Untracked 
| 550|0x0000000345400000, 0x0000000345400000, 0x0000000345600000|  0%| F|  |TAMS 0x0000000345400000, 0x0000000345400000| Untracked 
| 551|0x0000000345600000, 0x0000000345600000, 0x0000000345800000|  0%| F|  |TAMS 0x0000000345600000, 0x0000000345600000| Untracked 
| 552|0x0000000345800000, 0x0000000345800000, 0x0000000345a00000|  0%| F|  |TAMS 0x0000000345800000, 0x0000000345800000| Untracked 
| 553|0x0000000345a00000, 0x0000000345a00000, 0x0000000345c00000|  0%| F|  |TAMS 0x0000000345a00000, 0x0000000345a00000| Untracked 
| 554|0x0000000345c00000, 0x0000000345c00000, 0x0000000345e00000|  0%| F|  |TAMS 0x0000000345c00000, 0x0000000345c00000| Untracked 
| 555|0x0000000345e00000, 0x0000000345e00000, 0x0000000346000000|  0%| F|  |TAMS 0x0000000345e00000, 0x0000000345e00000| Untracked 
| 556|0x0000000346000000, 0x0000000346000000, 0x0000000346200000|  0%| F|  |TAMS 0x0000000346000000, 0x0000000346000000| Untracked 
| 557|0x0000000346200000, 0x0000000346200000, 0x0000000346400000|  0%| F|  |TAMS 0x0000000346200000, 0x0000000346200000| Untracked 
| 558|0x0000000346400000, 0x0000000346400000, 0x0000000346600000|  0%| F|  |TAMS 0x0000000346400000, 0x0000000346400000| Untracked 
| 559|0x0000000346600000, 0x0000000346600000, 0x0000000346800000|  0%| F|  |TAMS 0x0000000346600000, 0x0000000346600000| Untracked 
| 560|0x0000000346800000, 0x0000000346800000, 0x0000000346a00000|  0%| F|  |TAMS 0x0000000346800000, 0x0000000346800000| Untracked 
| 561|0x0000000346a00000, 0x0000000346a00000, 0x0000000346c00000|  0%| F|  |TAMS 0x0000000346a00000, 0x0000000346a00000| Untracked 
| 562|0x0000000346c00000, 0x0000000346c00000, 0x0000000346e00000|  0%| F|  |TAMS 0x0000000346c00000, 0x0000000346c00000| Untracked 
| 563|0x0000000346e00000, 0x0000000346e00000, 0x0000000347000000|  0%| F|  |TAMS 0x0000000346e00000, 0x0000000346e00000| Untracked 
| 564|0x0000000347000000, 0x0000000347000000, 0x0000000347200000|  0%| F|  |TAMS 0x0000000347000000, 0x0000000347000000| Untracked 
| 565|0x0000000347200000, 0x0000000347200000, 0x0000000347400000|  0%| F|  |TAMS 0x0000000347200000, 0x0000000347200000| Untracked 
| 566|0x0000000347400000, 0x0000000347400000, 0x0000000347600000|  0%| F|  |TAMS 0x0000000347400000, 0x0000000347400000| Untracked 
| 567|0x0000000347600000, 0x0000000347600000, 0x0000000347800000|  0%| F|  |TAMS 0x0000000347600000, 0x0000000347600000| Untracked 
| 568|0x0000000347800000, 0x0000000347800000, 0x0000000347a00000|  0%| F|  |TAMS 0x0000000347800000, 0x0000000347800000| Untracked 
| 569|0x0000000347a00000, 0x0000000347a00000, 0x0000000347c00000|  0%| F|  |TAMS 0x0000000347a00000, 0x0000000347a00000| Untracked 
| 570|0x0000000347c00000, 0x0000000347c00000, 0x0000000347e00000|  0%| F|  |TAMS 0x0000000347c00000, 0x0000000347c00000| Untracked 
| 571|0x0000000347e00000, 0x0000000347e00000, 0x0000000348000000|  0%| F|  |TAMS 0x0000000347e00000, 0x0000000347e00000| Untracked 
| 572|0x0000000348000000, 0x0000000348000000, 0x0000000348200000|  0%| F|  |TAMS 0x0000000348000000, 0x0000000348000000| Untracked 
| 573|0x0000000348200000, 0x0000000348200000, 0x0000000348400000|  0%| F|  |TAMS 0x0000000348200000, 0x0000000348200000| Untracked 
| 574|0x0000000348400000, 0x0000000348400000, 0x0000000348600000|  0%| F|  |TAMS 0x0000000348400000, 0x0000000348400000| Untracked 
| 575|0x0000000348600000, 0x0000000348600000, 0x0000000348800000|  0%| F|  |TAMS 0x0000000348600000, 0x0000000348600000| Untracked 
| 576|0x0000000348800000, 0x0000000348800000, 0x0000000348a00000|  0%| F|  |TAMS 0x0000000348800000, 0x0000000348800000| Untracked 
| 577|0x0000000348a00000, 0x0000000348a00000, 0x0000000348c00000|  0%| F|  |TAMS 0x0000000348a00000, 0x0000000348a00000| Untracked 
| 578|0x0000000348c00000, 0x0000000348c00000, 0x0000000348e00000|  0%| F|  |TAMS 0x0000000348c00000, 0x0000000348c00000| Untracked 
| 579|0x0000000348e00000, 0x0000000348e00000, 0x0000000349000000|  0%| F|  |TAMS 0x0000000348e00000, 0x0000000348e00000| Untracked 
| 580|0x0000000349000000, 0x0000000349000000, 0x0000000349200000|  0%| F|  |TAMS 0x0000000349000000, 0x0000000349000000| Untracked 
| 581|0x0000000349200000, 0x0000000349200000, 0x0000000349400000|  0%| F|  |TAMS 0x0000000349200000, 0x0000000349200000| Untracked 
| 582|0x0000000349400000, 0x0000000349400000, 0x0000000349600000|  0%| F|  |TAMS 0x0000000349400000, 0x0000000349400000| Untracked 
| 583|0x0000000349600000, 0x0000000349600000, 0x0000000349800000|  0%| F|  |TAMS 0x0000000349600000, 0x0000000349600000| Untracked 
| 584|0x0000000349800000, 0x0000000349800000, 0x0000000349a00000|  0%| F|  |TAMS 0x0000000349800000, 0x0000000349800000| Untracked 
| 585|0x0000000349a00000, 0x0000000349a00000, 0x0000000349c00000|  0%| F|  |TAMS 0x0000000349a00000, 0x0000000349a00000| Untracked 
| 586|0x0000000349c00000, 0x0000000349c00000, 0x0000000349e00000|  0%| F|  |TAMS 0x0000000349c00000, 0x0000000349c00000| Untracked 
| 587|0x0000000349e00000, 0x0000000349e00000, 0x000000034a000000|  0%| F|  |TAMS 0x0000000349e00000, 0x0000000349e00000| Untracked 
| 588|0x000000034a000000, 0x000000034a000000, 0x000000034a200000|  0%| F|  |TAMS 0x000000034a000000, 0x000000034a000000| Untracked 
| 589|0x000000034a200000, 0x000000034a200000, 0x000000034a400000|  0%| F|  |TAMS 0x000000034a200000, 0x000000034a200000| Untracked 
| 590|0x000000034a400000, 0x000000034a400000, 0x000000034a600000|  0%| F|  |TAMS 0x000000034a400000, 0x000000034a400000| Untracked 
| 591|0x000000034a600000, 0x000000034a600000, 0x000000034a800000|  0%| F|  |TAMS 0x000000034a600000, 0x000000034a600000| Untracked 
| 592|0x000000034a800000, 0x000000034a800000, 0x000000034aa00000|  0%| F|  |TAMS 0x000000034a800000, 0x000000034a800000| Untracked 
| 593|0x000000034aa00000, 0x000000034aa00000, 0x000000034ac00000|  0%| F|  |TAMS 0x000000034aa00000, 0x000000034aa00000| Untracked 
| 594|0x000000034ac00000, 0x000000034ac00000, 0x000000034ae00000|  0%| F|  |TAMS 0x000000034ac00000, 0x000000034ac00000| Untracked 
| 595|0x000000034ae00000, 0x000000034ae00000, 0x000000034b000000|  0%| F|  |TAMS 0x000000034ae00000, 0x000000034ae00000| Untracked 
| 596|0x000000034b000000, 0x000000034b000000, 0x000000034b200000|  0%| F|  |TAMS 0x000000034b000000, 0x000000034b000000| Untracked 
| 597|0x000000034b200000, 0x000000034b200000, 0x000000034b400000|  0%| F|  |TAMS 0x000000034b200000, 0x000000034b200000| Untracked 
| 598|0x000000034b400000, 0x000000034b400000, 0x000000034b600000|  0%| F|  |TAMS 0x000000034b400000, 0x000000034b400000| Untracked 
| 599|0x000000034b600000, 0x000000034b600000, 0x000000034b800000|  0%| F|  |TAMS 0x000000034b600000, 0x000000034b600000| Untracked 
| 600|0x000000034b800000, 0x000000034b800000, 0x000000034ba00000|  0%| F|  |TAMS 0x000000034b800000, 0x000000034b800000| Untracked 
| 601|0x000000034ba00000, 0x000000034ba00000, 0x000000034bc00000|  0%| F|  |TAMS 0x000000034ba00000, 0x000000034ba00000| Untracked 
| 602|0x000000034bc00000, 0x000000034bc00000, 0x000000034be00000|  0%| F|  |TAMS 0x000000034bc00000, 0x000000034bc00000| Untracked 
| 603|0x000000034be00000, 0x000000034be00000, 0x000000034c000000|  0%| F|  |TAMS 0x000000034be00000, 0x000000034be00000| Untracked 
| 604|0x000000034c000000, 0x000000034c000000, 0x000000034c200000|  0%| F|  |TAMS 0x000000034c000000, 0x000000034c000000| Untracked 
| 605|0x000000034c200000, 0x000000034c200000, 0x000000034c400000|  0%| F|  |TAMS 0x000000034c200000, 0x000000034c200000| Untracked 
| 606|0x000000034c400000, 0x000000034c400000, 0x000000034c600000|  0%| F|  |TAMS 0x000000034c400000, 0x000000034c400000| Untracked 
| 607|0x000000034c600000, 0x000000034c600000, 0x000000034c800000|  0%| F|  |TAMS 0x000000034c600000, 0x000000034c600000| Untracked 
| 608|0x000000034c800000, 0x000000034c800000, 0x000000034ca00000|  0%| F|  |TAMS 0x000000034c800000, 0x000000034c800000| Untracked 
| 609|0x000000034ca00000, 0x000000034ca00000, 0x000000034cc00000|  0%| F|  |TAMS 0x000000034ca00000, 0x000000034ca00000| Untracked 
| 610|0x000000034cc00000, 0x000000034cc00000, 0x000000034ce00000|  0%| F|  |TAMS 0x000000034cc00000, 0x000000034cc00000| Untracked 
| 611|0x000000034ce00000, 0x000000034ce00000, 0x000000034d000000|  0%| F|  |TAMS 0x000000034ce00000, 0x000000034ce00000| Untracked 
| 612|0x000000034d000000, 0x000000034d000000, 0x000000034d200000|  0%| F|  |TAMS 0x000000034d000000, 0x000000034d000000| Untracked 
| 613|0x000000034d200000, 0x000000034d200000, 0x000000034d400000|  0%| F|  |TAMS 0x000000034d200000, 0x000000034d200000| Untracked 
| 614|0x000000034d400000, 0x000000034d400000, 0x000000034d600000|  0%| F|  |TAMS 0x000000034d400000, 0x000000034d400000| Untracked 
| 615|0x000000034d600000, 0x000000034d600000, 0x000000034d800000|  0%| F|  |TAMS 0x000000034d600000, 0x000000034d600000| Untracked 
| 616|0x000000034d800000, 0x000000034d800000, 0x000000034da00000|  0%| F|  |TAMS 0x000000034d800000, 0x000000034d800000| Untracked 
| 617|0x000000034da00000, 0x000000034da00000, 0x000000034dc00000|  0%| F|  |TAMS 0x000000034da00000, 0x000000034da00000| Untracked 
| 618|0x000000034dc00000, 0x000000034dc00000, 0x000000034de00000|  0%| F|  |TAMS 0x000000034dc00000, 0x000000034dc00000| Untracked 
| 619|0x000000034de00000, 0x000000034de00000, 0x000000034e000000|  0%| F|  |TAMS 0x000000034de00000, 0x000000034de00000| Untracked 
| 620|0x000000034e000000, 0x000000034e000000, 0x000000034e200000|  0%| F|  |TAMS 0x000000034e000000, 0x000000034e000000| Untracked 
| 621|0x000000034e200000, 0x000000034e200000, 0x000000034e400000|  0%| F|  |TAMS 0x000000034e200000, 0x000000034e200000| Untracked 
| 622|0x000000034e400000, 0x000000034e400000, 0x000000034e600000|  0%| F|  |TAMS 0x000000034e400000, 0x000000034e400000| Untracked 
| 623|0x000000034e600000, 0x000000034e600000, 0x000000034e800000|  0%| F|  |TAMS 0x000000034e600000, 0x000000034e600000| Untracked 
| 624|0x000000034e800000, 0x000000034e800000, 0x000000034ea00000|  0%| F|  |TAMS 0x000000034e800000, 0x000000034e800000| Untracked 
| 625|0x000000034ea00000, 0x000000034ea00000, 0x000000034ec00000|  0%| F|  |TAMS 0x000000034ea00000, 0x000000034ea00000| Untracked 
| 626|0x000000034ec00000, 0x000000034ec00000, 0x000000034ee00000|  0%| F|  |TAMS 0x000000034ec00000, 0x000000034ec00000| Untracked 
| 627|0x000000034ee00000, 0x000000034ee00000, 0x000000034f000000|  0%| F|  |TAMS 0x000000034ee00000, 0x000000034ee00000| Untracked 
| 628|0x000000034f000000, 0x000000034f000000, 0x000000034f200000|  0%| F|  |TAMS 0x000000034f000000, 0x000000034f000000| Untracked 
| 629|0x000000034f200000, 0x000000034f200000, 0x000000034f400000|  0%| F|  |TAMS 0x000000034f200000, 0x000000034f200000| Untracked 
| 630|0x000000034f400000, 0x000000034f400000, 0x000000034f600000|  0%| F|  |TAMS 0x000000034f400000, 0x000000034f400000| Untracked 
| 631|0x000000034f600000, 0x000000034f600000, 0x000000034f800000|  0%| F|  |TAMS 0x000000034f600000, 0x000000034f600000| Untracked 
| 632|0x000000034f800000, 0x000000034f800000, 0x000000034fa00000|  0%| F|  |TAMS 0x000000034f800000, 0x000000034f800000| Untracked 
| 633|0x000000034fa00000, 0x000000034fa00000, 0x000000034fc00000|  0%| F|  |TAMS 0x000000034fa00000, 0x000000034fa00000| Untracked 
| 634|0x000000034fc00000, 0x000000034fc00000, 0x000000034fe00000|  0%| F|  |TAMS 0x000000034fc00000, 0x000000034fc00000| Untracked 
| 635|0x000000034fe00000, 0x000000034fe00000, 0x0000000350000000|  0%| F|  |TAMS 0x000000034fe00000, 0x000000034fe00000| Untracked 
| 636|0x0000000350000000, 0x0000000350000000, 0x0000000350200000|  0%| F|  |TAMS 0x0000000350000000, 0x0000000350000000| Untracked 
| 637|0x0000000350200000, 0x0000000350200000, 0x0000000350400000|  0%| F|  |TAMS 0x0000000350200000, 0x0000000350200000| Untracked 
| 638|0x0000000350400000, 0x0000000350400000, 0x0000000350600000|  0%| F|  |TAMS 0x0000000350400000, 0x0000000350400000| Untracked 
| 639|0x0000000350600000, 0x0000000350600000, 0x0000000350800000|  0%| F|  |TAMS 0x0000000350600000, 0x0000000350600000| Untracked 
| 640|0x0000000350800000, 0x0000000350800000, 0x0000000350a00000|  0%| F|  |TAMS 0x0000000350800000, 0x0000000350800000| Untracked 
| 641|0x0000000350a00000, 0x0000000350a00000, 0x0000000350c00000|  0%| F|  |TAMS 0x0000000350a00000, 0x0000000350a00000| Untracked 
| 642|0x0000000350c00000, 0x0000000350c00000, 0x0000000350e00000|  0%| F|  |TAMS 0x0000000350c00000, 0x0000000350c00000| Untracked 
| 643|0x0000000350e00000, 0x0000000350e00000, 0x0000000351000000|  0%| F|  |TAMS 0x0000000350e00000, 0x0000000350e00000| Untracked 
| 644|0x0000000351000000, 0x0000000351000000, 0x0000000351200000|  0%| F|  |TAMS 0x0000000351000000, 0x0000000351000000| Untracked 
| 645|0x0000000351200000, 0x0000000351200000, 0x0000000351400000|  0%| F|  |TAMS 0x0000000351200000, 0x0000000351200000| Untracked 
| 646|0x0000000351400000, 0x0000000351400000, 0x0000000351600000|  0%| F|  |TAMS 0x0000000351400000, 0x0000000351400000| Untracked 
| 647|0x0000000351600000, 0x0000000351600000, 0x0000000351800000|  0%| F|  |TAMS 0x0000000351600000, 0x0000000351600000| Untracked 
| 648|0x0000000351800000, 0x0000000351800000, 0x0000000351a00000|  0%| F|  |TAMS 0x0000000351800000, 0x0000000351800000| Untracked 
| 649|0x0000000351a00000, 0x0000000351a00000, 0x0000000351c00000|  0%| F|  |TAMS 0x0000000351a00000, 0x0000000351a00000| Untracked 
| 650|0x0000000351c00000, 0x0000000351c00000, 0x0000000351e00000|  0%| F|  |TAMS 0x0000000351c00000, 0x0000000351c00000| Untracked 
| 651|0x0000000351e00000, 0x0000000351e00000, 0x0000000352000000|  0%| F|  |TAMS 0x0000000351e00000, 0x0000000351e00000| Untracked 
| 652|0x0000000352000000, 0x0000000352000000, 0x0000000352200000|  0%| F|  |TAMS 0x0000000352000000, 0x0000000352000000| Untracked 
| 653|0x0000000352200000, 0x0000000352200000, 0x0000000352400000|  0%| F|  |TAMS 0x0000000352200000, 0x0000000352200000| Untracked 
| 654|0x0000000352400000, 0x0000000352400000, 0x0000000352600000|  0%| F|  |TAMS 0x0000000352400000, 0x0000000352400000| Untracked 
| 655|0x0000000352600000, 0x0000000352600000, 0x0000000352800000|  0%| F|  |TAMS 0x0000000352600000, 0x0000000352600000| Untracked 
| 656|0x0000000352800000, 0x0000000352800000, 0x0000000352a00000|  0%| F|  |TAMS 0x0000000352800000, 0x0000000352800000| Untracked 
| 657|0x0000000352a00000, 0x0000000352a00000, 0x0000000352c00000|  0%| F|  |TAMS 0x0000000352a00000, 0x0000000352a00000| Untracked 
| 658|0x0000000352c00000, 0x0000000352c00000, 0x0000000352e00000|  0%| F|  |TAMS 0x0000000352c00000, 0x0000000352c00000| Untracked 
| 659|0x0000000352e00000, 0x0000000352e00000, 0x0000000353000000|  0%| F|  |TAMS 0x0000000352e00000, 0x0000000352e00000| Untracked 
| 660|0x0000000353000000, 0x0000000353000000, 0x0000000353200000|  0%| F|  |TAMS 0x0000000353000000, 0x0000000353000000| Untracked 
| 661|0x0000000353200000, 0x0000000353200000, 0x0000000353400000|  0%| F|  |TAMS 0x0000000353200000, 0x0000000353200000| Untracked 
| 662|0x0000000353400000, 0x0000000353400000, 0x0000000353600000|  0%| F|  |TAMS 0x0000000353400000, 0x0000000353400000| Untracked 
| 663|0x0000000353600000, 0x0000000353600000, 0x0000000353800000|  0%| F|  |TAMS 0x0000000353600000, 0x0000000353600000| Untracked 
| 664|0x0000000353800000, 0x0000000353800000, 0x0000000353a00000|  0%| F|  |TAMS 0x0000000353800000, 0x0000000353800000| Untracked 
| 665|0x0000000353a00000, 0x0000000353a00000, 0x0000000353c00000|  0%| F|  |TAMS 0x0000000353a00000, 0x0000000353a00000| Untracked 
| 666|0x0000000353c00000, 0x0000000353c00000, 0x0000000353e00000|  0%| F|  |TAMS 0x0000000353c00000, 0x0000000353c00000| Untracked 
| 667|0x0000000353e00000, 0x0000000353e00000, 0x0000000354000000|  0%| F|  |TAMS 0x0000000353e00000, 0x0000000353e00000| Untracked 
| 668|0x0000000354000000, 0x0000000354000000, 0x0000000354200000|  0%| F|  |TAMS 0x0000000354000000, 0x0000000354000000| Untracked 
| 669|0x0000000354200000, 0x0000000354200000, 0x0000000354400000|  0%| F|  |TAMS 0x0000000354200000, 0x0000000354200000| Untracked 
| 670|0x0000000354400000, 0x0000000354400000, 0x0000000354600000|  0%| F|  |TAMS 0x0000000354400000, 0x0000000354400000| Untracked 
| 671|0x0000000354600000, 0x0000000354600000, 0x0000000354800000|  0%| F|  |TAMS 0x0000000354600000, 0x0000000354600000| Untracked 
| 672|0x0000000354800000, 0x0000000354800000, 0x0000000354a00000|  0%| F|  |TAMS 0x0000000354800000, 0x0000000354800000| Untracked 
| 673|0x0000000354a00000, 0x0000000354a00000, 0x0000000354c00000|  0%| F|  |TAMS 0x0000000354a00000, 0x0000000354a00000| Untracked 
| 674|0x0000000354c00000, 0x0000000354c00000, 0x0000000354e00000|  0%| F|  |TAMS 0x0000000354c00000, 0x0000000354c00000| Untracked 
| 675|0x0000000354e00000, 0x0000000354e00000, 0x0000000355000000|  0%| F|  |TAMS 0x0000000354e00000, 0x0000000354e00000| Untracked 
| 676|0x0000000355000000, 0x0000000355000000, 0x0000000355200000|  0%| F|  |TAMS 0x0000000355000000, 0x0000000355000000| Untracked 
| 677|0x0000000355200000, 0x0000000355200000, 0x0000000355400000|  0%| F|  |TAMS 0x0000000355200000, 0x0000000355200000| Untracked 
| 678|0x0000000355400000, 0x0000000355400000, 0x0000000355600000|  0%| F|  |TAMS 0x0000000355400000, 0x0000000355400000| Untracked 
| 679|0x0000000355600000, 0x0000000355600000, 0x0000000355800000|  0%| F|  |TAMS 0x0000000355600000, 0x0000000355600000| Untracked 
| 680|0x0000000355800000, 0x0000000355800000, 0x0000000355a00000|  0%| F|  |TAMS 0x0000000355800000, 0x0000000355800000| Untracked 
| 681|0x0000000355a00000, 0x0000000355a00000, 0x0000000355c00000|  0%| F|  |TAMS 0x0000000355a00000, 0x0000000355a00000| Untracked 
| 682|0x0000000355c00000, 0x0000000355c00000, 0x0000000355e00000|  0%| F|  |TAMS 0x0000000355c00000, 0x0000000355c00000| Untracked 
| 683|0x0000000355e00000, 0x0000000355e00000, 0x0000000356000000|  0%| F|  |TAMS 0x0000000355e00000, 0x0000000355e00000| Untracked 
| 684|0x0000000356000000, 0x0000000356000000, 0x0000000356200000|  0%| F|  |TAMS 0x0000000356000000, 0x0000000356000000| Untracked 
| 685|0x0000000356200000, 0x0000000356200000, 0x0000000356400000|  0%| F|  |TAMS 0x0000000356200000, 0x0000000356200000| Untracked 
| 686|0x0000000356400000, 0x0000000356400000, 0x0000000356600000|  0%| F|  |TAMS 0x0000000356400000, 0x0000000356400000| Untracked 
| 687|0x0000000356600000, 0x0000000356600000, 0x0000000356800000|  0%| F|  |TAMS 0x0000000356600000, 0x0000000356600000| Untracked 
| 688|0x0000000356800000, 0x0000000356800000, 0x0000000356a00000|  0%| F|  |TAMS 0x0000000356800000, 0x0000000356800000| Untracked 
| 689|0x0000000356a00000, 0x0000000356a00000, 0x0000000356c00000|  0%| F|  |TAMS 0x0000000356a00000, 0x0000000356a00000| Untracked 
| 690|0x0000000356c00000, 0x0000000356c00000, 0x0000000356e00000|  0%| F|  |TAMS 0x0000000356c00000, 0x0000000356c00000| Untracked 
| 691|0x0000000356e00000, 0x0000000356e00000, 0x0000000357000000|  0%| F|  |TAMS 0x0000000356e00000, 0x0000000356e00000| Untracked 
| 692|0x0000000357000000, 0x0000000357000000, 0x0000000357200000|  0%| F|  |TAMS 0x0000000357000000, 0x0000000357000000| Untracked 
| 693|0x0000000357200000, 0x0000000357200000, 0x0000000357400000|  0%| F|  |TAMS 0x0000000357200000, 0x0000000357200000| Untracked 
| 694|0x0000000357400000, 0x0000000357400000, 0x0000000357600000|  0%| F|  |TAMS 0x0000000357400000, 0x0000000357400000| Untracked 
| 695|0x0000000357600000, 0x0000000357600000, 0x0000000357800000|  0%| F|  |TAMS 0x0000000357600000, 0x0000000357600000| Untracked 
| 696|0x0000000357800000, 0x0000000357800000, 0x0000000357a00000|  0%| F|  |TAMS 0x0000000357800000, 0x0000000357800000| Untracked 
| 697|0x0000000357a00000, 0x0000000357a00000, 0x0000000357c00000|  0%| F|  |TAMS 0x0000000357a00000, 0x0000000357a00000| Untracked 
| 698|0x0000000357c00000, 0x0000000357c00000, 0x0000000357e00000|  0%| F|  |TAMS 0x0000000357c00000, 0x0000000357c00000| Untracked 
| 699|0x0000000357e00000, 0x0000000357e00000, 0x0000000358000000|  0%| F|  |TAMS 0x0000000357e00000, 0x0000000357e00000| Untracked 
| 700|0x0000000358000000, 0x0000000358000000, 0x0000000358200000|  0%| F|  |TAMS 0x0000000358000000, 0x0000000358000000| Untracked 
| 701|0x0000000358200000, 0x0000000358200000, 0x0000000358400000|  0%| F|  |TAMS 0x0000000358200000, 0x0000000358200000| Untracked 
| 702|0x0000000358400000, 0x0000000358400000, 0x0000000358600000|  0%| F|  |TAMS 0x0000000358400000, 0x0000000358400000| Untracked 
| 703|0x0000000358600000, 0x0000000358600000, 0x0000000358800000|  0%| F|  |TAMS 0x0000000358600000, 0x0000000358600000| Untracked 
| 704|0x0000000358800000, 0x0000000358800000, 0x0000000358a00000|  0%| F|  |TAMS 0x0000000358800000, 0x0000000358800000| Untracked 
| 705|0x0000000358a00000, 0x0000000358a00000, 0x0000000358c00000|  0%| F|  |TAMS 0x0000000358a00000, 0x0000000358a00000| Untracked 
| 706|0x0000000358c00000, 0x0000000358c00000, 0x0000000358e00000|  0%| F|  |TAMS 0x0000000358c00000, 0x0000000358c00000| Untracked 
| 707|0x0000000358e00000, 0x0000000358e00000, 0x0000000359000000|  0%| F|  |TAMS 0x0000000358e00000, 0x0000000358e00000| Untracked 
| 708|0x0000000359000000, 0x0000000359000000, 0x0000000359200000|  0%| F|  |TAMS 0x0000000359000000, 0x0000000359000000| Untracked 
| 709|0x0000000359200000, 0x0000000359200000, 0x0000000359400000|  0%| F|  |TAMS 0x0000000359200000, 0x0000000359200000| Untracked 
| 710|0x0000000359400000, 0x0000000359400000, 0x0000000359600000|  0%| F|  |TAMS 0x0000000359400000, 0x0000000359400000| Untracked 
| 711|0x0000000359600000, 0x0000000359600000, 0x0000000359800000|  0%| F|  |TAMS 0x0000000359600000, 0x0000000359600000| Untracked 
| 712|0x0000000359800000, 0x0000000359800000, 0x0000000359a00000|  0%| F|  |TAMS 0x0000000359800000, 0x0000000359800000| Untracked 
| 713|0x0000000359a00000, 0x0000000359a00000, 0x0000000359c00000|  0%| F|  |TAMS 0x0000000359a00000, 0x0000000359a00000| Untracked 
| 714|0x0000000359c00000, 0x0000000359c00000, 0x0000000359e00000|  0%| F|  |TAMS 0x0000000359c00000, 0x0000000359c00000| Untracked 
| 715|0x0000000359e00000, 0x0000000359e00000, 0x000000035a000000|  0%| F|  |TAMS 0x0000000359e00000, 0x0000000359e00000| Untracked 
| 716|0x000000035a000000, 0x000000035a000000, 0x000000035a200000|  0%| F|  |TAMS 0x000000035a000000, 0x000000035a000000| Untracked 
| 717|0x000000035a200000, 0x000000035a200000, 0x000000035a400000|  0%| F|  |TAMS 0x000000035a200000, 0x000000035a200000| Untracked 
| 718|0x000000035a400000, 0x000000035a400000, 0x000000035a600000|  0%| F|  |TAMS 0x000000035a400000, 0x000000035a400000| Untracked 
| 719|0x000000035a600000, 0x000000035a600000, 0x000000035a800000|  0%| F|  |TAMS 0x000000035a600000, 0x000000035a600000| Untracked 
| 720|0x000000035a800000, 0x000000035a800000, 0x000000035aa00000|  0%| F|  |TAMS 0x000000035a800000, 0x000000035a800000| Untracked 
| 721|0x000000035aa00000, 0x000000035aa00000, 0x000000035ac00000|  0%| F|  |TAMS 0x000000035aa00000, 0x000000035aa00000| Untracked 
| 722|0x000000035ac00000, 0x000000035ac00000, 0x000000035ae00000|  0%| F|  |TAMS 0x000000035ac00000, 0x000000035ac00000| Untracked 
| 723|0x000000035ae00000, 0x000000035ae00000, 0x000000035b000000|  0%| F|  |TAMS 0x000000035ae00000, 0x000000035ae00000| Untracked 
| 724|0x000000035b000000, 0x000000035b000000, 0x000000035b200000|  0%| F|  |TAMS 0x000000035b000000, 0x000000035b000000| Untracked 
| 725|0x000000035b200000, 0x000000035b200000, 0x000000035b400000|  0%| F|  |TAMS 0x000000035b200000, 0x000000035b200000| Untracked 
| 726|0x000000035b400000, 0x000000035b400000, 0x000000035b600000|  0%| F|  |TAMS 0x000000035b400000, 0x000000035b400000| Untracked 
| 727|0x000000035b600000, 0x000000035b600000, 0x000000035b800000|  0%| F|  |TAMS 0x000000035b600000, 0x000000035b600000| Untracked 
| 728|0x000000035b800000, 0x000000035b800000, 0x000000035ba00000|  0%| F|  |TAMS 0x000000035b800000, 0x000000035b800000| Untracked 
| 729|0x000000035ba00000, 0x000000035ba00000, 0x000000035bc00000|  0%| F|  |TAMS 0x000000035ba00000, 0x000000035ba00000| Untracked 
| 730|0x000000035bc00000, 0x000000035bc00000, 0x000000035be00000|  0%| F|  |TAMS 0x000000035bc00000, 0x000000035bc00000| Untracked 
| 731|0x000000035be00000, 0x000000035be00000, 0x000000035c000000|  0%| F|  |TAMS 0x000000035be00000, 0x000000035be00000| Untracked 
| 732|0x000000035c000000, 0x000000035c000000, 0x000000035c200000|  0%| F|  |TAMS 0x000000035c000000, 0x000000035c000000| Untracked 
| 733|0x000000035c200000, 0x000000035c200000, 0x000000035c400000|  0%| F|  |TAMS 0x000000035c200000, 0x000000035c200000| Untracked 
| 734|0x000000035c400000, 0x000000035c400000, 0x000000035c600000|  0%| F|  |TAMS 0x000000035c400000, 0x000000035c400000| Untracked 
| 735|0x000000035c600000, 0x000000035c600000, 0x000000035c800000|  0%| F|  |TAMS 0x000000035c600000, 0x000000035c600000| Untracked 
| 736|0x000000035c800000, 0x000000035c800000, 0x000000035ca00000|  0%| F|  |TAMS 0x000000035c800000, 0x000000035c800000| Untracked 
| 737|0x000000035ca00000, 0x000000035ca00000, 0x000000035cc00000|  0%| F|  |TAMS 0x000000035ca00000, 0x000000035ca00000| Untracked 
| 738|0x000000035cc00000, 0x000000035cc00000, 0x000000035ce00000|  0%| F|  |TAMS 0x000000035cc00000, 0x000000035cc00000| Untracked 
| 739|0x000000035ce00000, 0x000000035ce00000, 0x000000035d000000|  0%| F|  |TAMS 0x000000035ce00000, 0x000000035ce00000| Untracked 
| 740|0x000000035d000000, 0x000000035d000000, 0x000000035d200000|  0%| F|  |TAMS 0x000000035d000000, 0x000000035d000000| Untracked 
| 741|0x000000035d200000, 0x000000035d200000, 0x000000035d400000|  0%| F|  |TAMS 0x000000035d200000, 0x000000035d200000| Untracked 
| 742|0x000000035d400000, 0x000000035d400000, 0x000000035d600000|  0%| F|  |TAMS 0x000000035d400000, 0x000000035d400000| Untracked 
| 743|0x000000035d600000, 0x000000035d600000, 0x000000035d800000|  0%| F|  |TAMS 0x000000035d600000, 0x000000035d600000| Untracked 
| 744|0x000000035d800000, 0x000000035d800000, 0x000000035da00000|  0%| F|  |TAMS 0x000000035d800000, 0x000000035d800000| Untracked 
| 745|0x000000035da00000, 0x000000035da00000, 0x000000035dc00000|  0%| F|  |TAMS 0x000000035da00000, 0x000000035da00000| Untracked 
| 746|0x000000035dc00000, 0x000000035dc00000, 0x000000035de00000|  0%| F|  |TAMS 0x000000035dc00000, 0x000000035dc00000| Untracked 
| 747|0x000000035de00000, 0x000000035de00000, 0x000000035e000000|  0%| F|  |TAMS 0x000000035de00000, 0x000000035de00000| Untracked 
| 748|0x000000035e000000, 0x000000035e000000, 0x000000035e200000|  0%| F|  |TAMS 0x000000035e000000, 0x000000035e000000| Untracked 
| 749|0x000000035e200000, 0x000000035e200000, 0x000000035e400000|  0%| F|  |TAMS 0x000000035e200000, 0x000000035e200000| Untracked 
| 750|0x000000035e400000, 0x000000035e400000, 0x000000035e600000|  0%| F|  |TAMS 0x000000035e400000, 0x000000035e400000| Untracked 
| 751|0x000000035e600000, 0x000000035e600000, 0x000000035e800000|  0%| F|  |TAMS 0x000000035e600000, 0x000000035e600000| Untracked 
| 752|0x000000035e800000, 0x000000035e800000, 0x000000035ea00000|  0%| F|  |TAMS 0x000000035e800000, 0x000000035e800000| Untracked 
| 753|0x000000035ea00000, 0x000000035ea00000, 0x000000035ec00000|  0%| F|  |TAMS 0x000000035ea00000, 0x000000035ea00000| Untracked 
| 754|0x000000035ec00000, 0x000000035ec00000, 0x000000035ee00000|  0%| F|  |TAMS 0x000000035ec00000, 0x000000035ec00000| Untracked 
| 755|0x000000035ee00000, 0x000000035ee00000, 0x000000035f000000|  0%| F|  |TAMS 0x000000035ee00000, 0x000000035ee00000| Untracked 
| 756|0x000000035f000000, 0x000000035f000000, 0x000000035f200000|  0%| F|  |TAMS 0x000000035f000000, 0x000000035f000000| Untracked 
| 757|0x000000035f200000, 0x000000035f200000, 0x000000035f400000|  0%| F|  |TAMS 0x000000035f200000, 0x000000035f200000| Untracked 
| 758|0x000000035f400000, 0x000000035f400000, 0x000000035f600000|  0%| F|  |TAMS 0x000000035f400000, 0x000000035f400000| Untracked 
| 759|0x000000035f600000, 0x000000035f600000, 0x000000035f800000|  0%| F|  |TAMS 0x000000035f600000, 0x000000035f600000| Untracked 
| 760|0x000000035f800000, 0x000000035f800000, 0x000000035fa00000|  0%| F|  |TAMS 0x000000035f800000, 0x000000035f800000| Untracked 
| 761|0x000000035fa00000, 0x000000035fa00000, 0x000000035fc00000|  0%| F|  |TAMS 0x000000035fa00000, 0x000000035fa00000| Untracked 
| 762|0x000000035fc00000, 0x000000035fc00000, 0x000000035fe00000|  0%| F|  |TAMS 0x000000035fc00000, 0x000000035fc00000| Untracked 
| 763|0x000000035fe00000, 0x000000035fe00000, 0x0000000360000000|  0%| F|  |TAMS 0x000000035fe00000, 0x000000035fe00000| Untracked 
| 764|0x0000000360000000, 0x0000000360000000, 0x0000000360200000|  0%| F|  |TAMS 0x0000000360000000, 0x0000000360000000| Untracked 
| 765|0x0000000360200000, 0x0000000360200000, 0x0000000360400000|  0%| F|  |TAMS 0x0000000360200000, 0x0000000360200000| Untracked 
| 766|0x0000000360400000, 0x0000000360400000, 0x0000000360600000|  0%| F|  |TAMS 0x0000000360400000, 0x0000000360400000| Untracked 
| 767|0x0000000360600000, 0x0000000360600000, 0x0000000360800000|  0%| F|  |TAMS 0x0000000360600000, 0x0000000360600000| Untracked 
| 768|0x0000000360800000, 0x0000000360800000, 0x0000000360a00000|  0%| F|  |TAMS 0x0000000360800000, 0x0000000360800000| Untracked 
| 769|0x0000000360a00000, 0x0000000360a00000, 0x0000000360c00000|  0%| F|  |TAMS 0x0000000360a00000, 0x0000000360a00000| Untracked 
| 770|0x0000000360c00000, 0x0000000360c00000, 0x0000000360e00000|  0%| F|  |TAMS 0x0000000360c00000, 0x0000000360c00000| Untracked 
| 771|0x0000000360e00000, 0x0000000360e00000, 0x0000000361000000|  0%| F|  |TAMS 0x0000000360e00000, 0x0000000360e00000| Untracked 
| 772|0x0000000361000000, 0x0000000361000000, 0x0000000361200000|  0%| F|  |TAMS 0x0000000361000000, 0x0000000361000000| Untracked 
| 773|0x0000000361200000, 0x0000000361200000, 0x0000000361400000|  0%| F|  |TAMS 0x0000000361200000, 0x0000000361200000| Untracked 
| 774|0x0000000361400000, 0x0000000361400000, 0x0000000361600000|  0%| F|  |TAMS 0x0000000361400000, 0x0000000361400000| Untracked 
| 775|0x0000000361600000, 0x0000000361600000, 0x0000000361800000|  0%| F|  |TAMS 0x0000000361600000, 0x0000000361600000| Untracked 
| 776|0x0000000361800000, 0x0000000361800000, 0x0000000361a00000|  0%| F|  |TAMS 0x0000000361800000, 0x0000000361800000| Untracked 
| 777|0x0000000361a00000, 0x0000000361a00000, 0x0000000361c00000|  0%| F|  |TAMS 0x0000000361a00000, 0x0000000361a00000| Untracked 
| 778|0x0000000361c00000, 0x0000000361c00000, 0x0000000361e00000|  0%| F|  |TAMS 0x0000000361c00000, 0x0000000361c00000| Untracked 
| 779|0x0000000361e00000, 0x0000000361e00000, 0x0000000362000000|  0%| F|  |TAMS 0x0000000361e00000, 0x0000000361e00000| Untracked 
| 780|0x0000000362000000, 0x0000000362000000, 0x0000000362200000|  0%| F|  |TAMS 0x0000000362000000, 0x0000000362000000| Untracked 
| 781|0x0000000362200000, 0x0000000362200000, 0x0000000362400000|  0%| F|  |TAMS 0x0000000362200000, 0x0000000362200000| Untracked 
| 782|0x0000000362400000, 0x0000000362400000, 0x0000000362600000|  0%| F|  |TAMS 0x0000000362400000, 0x0000000362400000| Untracked 
| 783|0x0000000362600000, 0x0000000362600000, 0x0000000362800000|  0%| F|  |TAMS 0x0000000362600000, 0x0000000362600000| Untracked 
| 784|0x0000000362800000, 0x0000000362800000, 0x0000000362a00000|  0%| F|  |TAMS 0x0000000362800000, 0x0000000362800000| Untracked 
| 785|0x0000000362a00000, 0x0000000362a00000, 0x0000000362c00000|  0%| F|  |TAMS 0x0000000362a00000, 0x0000000362a00000| Untracked 
| 786|0x0000000362c00000, 0x0000000362c00000, 0x0000000362e00000|  0%| F|  |TAMS 0x0000000362c00000, 0x0000000362c00000| Untracked 
| 787|0x0000000362e00000, 0x0000000362e00000, 0x0000000363000000|  0%| F|  |TAMS 0x0000000362e00000, 0x0000000362e00000| Untracked 
| 788|0x0000000363000000, 0x0000000363000000, 0x0000000363200000|  0%| F|  |TAMS 0x0000000363000000, 0x0000000363000000| Untracked 
| 789|0x0000000363200000, 0x0000000363200000, 0x0000000363400000|  0%| F|  |TAMS 0x0000000363200000, 0x0000000363200000| Untracked 
| 790|0x0000000363400000, 0x0000000363400000, 0x0000000363600000|  0%| F|  |TAMS 0x0000000363400000, 0x0000000363400000| Untracked 
| 791|0x0000000363600000, 0x0000000363600000, 0x0000000363800000|  0%| F|  |TAMS 0x0000000363600000, 0x0000000363600000| Untracked 
| 792|0x0000000363800000, 0x0000000363800000, 0x0000000363a00000|  0%| F|  |TAMS 0x0000000363800000, 0x0000000363800000| Untracked 
| 793|0x0000000363a00000, 0x0000000363a00000, 0x0000000363c00000|  0%| F|  |TAMS 0x0000000363a00000, 0x0000000363a00000| Untracked 
| 794|0x0000000363c00000, 0x0000000363c00000, 0x0000000363e00000|  0%| F|  |TAMS 0x0000000363c00000, 0x0000000363c00000| Untracked 
| 795|0x0000000363e00000, 0x0000000363e00000, 0x0000000364000000|  0%| F|  |TAMS 0x0000000363e00000, 0x0000000363e00000| Untracked 
| 796|0x0000000364000000, 0x0000000364000000, 0x0000000364200000|  0%| F|  |TAMS 0x0000000364000000, 0x0000000364000000| Untracked 
| 797|0x0000000364200000, 0x0000000364200000, 0x0000000364400000|  0%| F|  |TAMS 0x0000000364200000, 0x0000000364200000| Untracked 
| 798|0x0000000364400000, 0x0000000364400000, 0x0000000364600000|  0%| F|  |TAMS 0x0000000364400000, 0x0000000364400000| Untracked 
| 799|0x0000000364600000, 0x0000000364600000, 0x0000000364800000|  0%| F|  |TAMS 0x0000000364600000, 0x0000000364600000| Untracked 
| 800|0x0000000364800000, 0x0000000364800000, 0x0000000364a00000|  0%| F|  |TAMS 0x0000000364800000, 0x0000000364800000| Untracked 
| 801|0x0000000364a00000, 0x0000000364a00000, 0x0000000364c00000|  0%| F|  |TAMS 0x0000000364a00000, 0x0000000364a00000| Untracked 
| 802|0x0000000364c00000, 0x0000000364c00000, 0x0000000364e00000|  0%| F|  |TAMS 0x0000000364c00000, 0x0000000364c00000| Untracked 
| 803|0x0000000364e00000, 0x0000000364e00000, 0x0000000365000000|  0%| F|  |TAMS 0x0000000364e00000, 0x0000000364e00000| Untracked 
| 804|0x0000000365000000, 0x0000000365000000, 0x0000000365200000|  0%| F|  |TAMS 0x0000000365000000, 0x0000000365000000| Untracked 
| 805|0x0000000365200000, 0x0000000365200000, 0x0000000365400000|  0%| F|  |TAMS 0x0000000365200000, 0x0000000365200000| Untracked 
| 806|0x0000000365400000, 0x0000000365400000, 0x0000000365600000|  0%| F|  |TAMS 0x0000000365400000, 0x0000000365400000| Untracked 
| 807|0x0000000365600000, 0x0000000365600000, 0x0000000365800000|  0%| F|  |TAMS 0x0000000365600000, 0x0000000365600000| Untracked 
| 808|0x0000000365800000, 0x0000000365800000, 0x0000000365a00000|  0%| F|  |TAMS 0x0000000365800000, 0x0000000365800000| Untracked 
| 809|0x0000000365a00000, 0x0000000365a00000, 0x0000000365c00000|  0%| F|  |TAMS 0x0000000365a00000, 0x0000000365a00000| Untracked 
| 810|0x0000000365c00000, 0x0000000365c00000, 0x0000000365e00000|  0%| F|  |TAMS 0x0000000365c00000, 0x0000000365c00000| Untracked 
| 811|0x0000000365e00000, 0x0000000365e00000, 0x0000000366000000|  0%| F|  |TAMS 0x0000000365e00000, 0x0000000365e00000| Untracked 
| 812|0x0000000366000000, 0x0000000366000000, 0x0000000366200000|  0%| F|  |TAMS 0x0000000366000000, 0x0000000366000000| Untracked 
| 813|0x0000000366200000, 0x0000000366200000, 0x0000000366400000|  0%| F|  |TAMS 0x0000000366200000, 0x0000000366200000| Untracked 
| 814|0x0000000366400000, 0x0000000366400000, 0x0000000366600000|  0%| F|  |TAMS 0x0000000366400000, 0x0000000366400000| Untracked 
| 815|0x0000000366600000, 0x0000000366600000, 0x0000000366800000|  0%| F|  |TAMS 0x0000000366600000, 0x0000000366600000| Untracked 
| 816|0x0000000366800000, 0x0000000366800000, 0x0000000366a00000|  0%| F|  |TAMS 0x0000000366800000, 0x0000000366800000| Untracked 
| 817|0x0000000366a00000, 0x0000000366a00000, 0x0000000366c00000|  0%| F|  |TAMS 0x0000000366a00000, 0x0000000366a00000| Untracked 
| 818|0x0000000366c00000, 0x0000000366c00000, 0x0000000366e00000|  0%| F|  |TAMS 0x0000000366c00000, 0x0000000366c00000| Untracked 
| 819|0x0000000366e00000, 0x0000000366e00000, 0x0000000367000000|  0%| F|  |TAMS 0x0000000366e00000, 0x0000000366e00000| Untracked 
| 820|0x0000000367000000, 0x0000000367000000, 0x0000000367200000|  0%| F|  |TAMS 0x0000000367000000, 0x0000000367000000| Untracked 
| 821|0x0000000367200000, 0x0000000367200000, 0x0000000367400000|  0%| F|  |TAMS 0x0000000367200000, 0x0000000367200000| Untracked 
| 822|0x0000000367400000, 0x0000000367400000, 0x0000000367600000|  0%| F|  |TAMS 0x0000000367400000, 0x0000000367400000| Untracked 
| 823|0x0000000367600000, 0x0000000367600000, 0x0000000367800000|  0%| F|  |TAMS 0x0000000367600000, 0x0000000367600000| Untracked 
| 824|0x0000000367800000, 0x0000000367800000, 0x0000000367a00000|  0%| F|  |TAMS 0x0000000367800000, 0x0000000367800000| Untracked 
| 825|0x0000000367a00000, 0x0000000367a00000, 0x0000000367c00000|  0%| F|  |TAMS 0x0000000367a00000, 0x0000000367a00000| Untracked 
| 826|0x0000000367c00000, 0x0000000367c00000, 0x0000000367e00000|  0%| F|  |TAMS 0x0000000367c00000, 0x0000000367c00000| Untracked 
| 827|0x0000000367e00000, 0x0000000367e00000, 0x0000000368000000|  0%| F|  |TAMS 0x0000000367e00000, 0x0000000367e00000| Untracked 
| 828|0x0000000368000000, 0x0000000368000000, 0x0000000368200000|  0%| F|  |TAMS 0x0000000368000000, 0x0000000368000000| Untracked 
| 829|0x0000000368200000, 0x0000000368200000, 0x0000000368400000|  0%| F|  |TAMS 0x0000000368200000, 0x0000000368200000| Untracked 
| 830|0x0000000368400000, 0x0000000368400000, 0x0000000368600000|  0%| F|  |TAMS 0x0000000368400000, 0x0000000368400000| Untracked 
| 831|0x0000000368600000, 0x0000000368600000, 0x0000000368800000|  0%| F|  |TAMS 0x0000000368600000, 0x0000000368600000| Untracked 
| 832|0x0000000368800000, 0x0000000368800000, 0x0000000368a00000|  0%| F|  |TAMS 0x0000000368800000, 0x0000000368800000| Untracked 
| 833|0x0000000368a00000, 0x0000000368a00000, 0x0000000368c00000|  0%| F|  |TAMS 0x0000000368a00000, 0x0000000368a00000| Untracked 
| 834|0x0000000368c00000, 0x0000000368c00000, 0x0000000368e00000|  0%| F|  |TAMS 0x0000000368c00000, 0x0000000368c00000| Untracked 
| 835|0x0000000368e00000, 0x0000000368e00000, 0x0000000369000000|  0%| F|  |TAMS 0x0000000368e00000, 0x0000000368e00000| Untracked 
| 836|0x0000000369000000, 0x0000000369000000, 0x0000000369200000|  0%| F|  |TAMS 0x0000000369000000, 0x0000000369000000| Untracked 
| 837|0x0000000369200000, 0x0000000369200000, 0x0000000369400000|  0%| F|  |TAMS 0x0000000369200000, 0x0000000369200000| Untracked 
| 838|0x0000000369400000, 0x0000000369400000, 0x0000000369600000|  0%| F|  |TAMS 0x0000000369400000, 0x0000000369400000| Untracked 
| 839|0x0000000369600000, 0x0000000369600000, 0x0000000369800000|  0%| F|  |TAMS 0x0000000369600000, 0x0000000369600000| Untracked 
| 840|0x0000000369800000, 0x0000000369800000, 0x0000000369a00000|  0%| F|  |TAMS 0x0000000369800000, 0x0000000369800000| Untracked 
| 841|0x0000000369a00000, 0x0000000369a00000, 0x0000000369c00000|  0%| F|  |TAMS 0x0000000369a00000, 0x0000000369a00000| Untracked 
| 842|0x0000000369c00000, 0x0000000369c00000, 0x0000000369e00000|  0%| F|  |TAMS 0x0000000369c00000, 0x0000000369c00000| Untracked 
| 843|0x0000000369e00000, 0x0000000369e00000, 0x000000036a000000|  0%| F|  |TAMS 0x0000000369e00000, 0x0000000369e00000| Untracked 
| 844|0x000000036a000000, 0x000000036a000000, 0x000000036a200000|  0%| F|  |TAMS 0x000000036a000000, 0x000000036a000000| Untracked 
| 845|0x000000036a200000, 0x000000036a200000, 0x000000036a400000|  0%| F|  |TAMS 0x000000036a200000, 0x000000036a200000| Untracked 
| 846|0x000000036a400000, 0x000000036a400000, 0x000000036a600000|  0%| F|  |TAMS 0x000000036a400000, 0x000000036a400000| Untracked 
| 847|0x000000036a600000, 0x000000036a600000, 0x000000036a800000|  0%| F|  |TAMS 0x000000036a600000, 0x000000036a600000| Untracked 
| 848|0x000000036a800000, 0x000000036a800000, 0x000000036aa00000|  0%| F|  |TAMS 0x000000036a800000, 0x000000036a800000| Untracked 
| 849|0x000000036aa00000, 0x000000036aa00000, 0x000000036ac00000|  0%| F|  |TAMS 0x000000036aa00000, 0x000000036aa00000| Untracked 
| 850|0x000000036ac00000, 0x000000036ac00000, 0x000000036ae00000|  0%| F|  |TAMS 0x000000036ac00000, 0x000000036ac00000| Untracked 
| 851|0x000000036ae00000, 0x000000036ae00000, 0x000000036b000000|  0%| F|  |TAMS 0x000000036ae00000, 0x000000036ae00000| Untracked 
| 852|0x000000036b000000, 0x000000036b000000, 0x000000036b200000|  0%| F|  |TAMS 0x000000036b000000, 0x000000036b000000| Untracked 
| 853|0x000000036b200000, 0x000000036b200000, 0x000000036b400000|  0%| F|  |TAMS 0x000000036b200000, 0x000000036b200000| Untracked 
| 854|0x000000036b400000, 0x000000036b400000, 0x000000036b600000|  0%| F|  |TAMS 0x000000036b400000, 0x000000036b400000| Untracked 
| 855|0x000000036b600000, 0x000000036b600000, 0x000000036b800000|  0%| F|  |TAMS 0x000000036b600000, 0x000000036b600000| Untracked 
| 856|0x000000036b800000, 0x000000036b800000, 0x000000036ba00000|  0%| F|  |TAMS 0x000000036b800000, 0x000000036b800000| Untracked 
| 857|0x000000036ba00000, 0x000000036ba00000, 0x000000036bc00000|  0%| F|  |TAMS 0x000000036ba00000, 0x000000036ba00000| Untracked 
| 858|0x000000036bc00000, 0x000000036bc00000, 0x000000036be00000|  0%| F|  |TAMS 0x000000036bc00000, 0x000000036bc00000| Untracked 
| 859|0x000000036be00000, 0x000000036be00000, 0x000000036c000000|  0%| F|  |TAMS 0x000000036be00000, 0x000000036be00000| Untracked 
| 860|0x000000036c000000, 0x000000036c000000, 0x000000036c200000|  0%| F|  |TAMS 0x000000036c000000, 0x000000036c000000| Untracked 
| 861|0x000000036c200000, 0x000000036c200000, 0x000000036c400000|  0%| F|  |TAMS 0x000000036c200000, 0x000000036c200000| Untracked 
| 862|0x000000036c400000, 0x000000036c400000, 0x000000036c600000|  0%| F|  |TAMS 0x000000036c400000, 0x000000036c400000| Untracked 
| 863|0x000000036c600000, 0x000000036c600000, 0x000000036c800000|  0%| F|  |TAMS 0x000000036c600000, 0x000000036c600000| Untracked 
| 864|0x000000036c800000, 0x000000036c800000, 0x000000036ca00000|  0%| F|  |TAMS 0x000000036c800000, 0x000000036c800000| Untracked 
| 865|0x000000036ca00000, 0x000000036ca00000, 0x000000036cc00000|  0%| F|  |TAMS 0x000000036ca00000, 0x000000036ca00000| Untracked 
| 866|0x000000036cc00000, 0x000000036cc00000, 0x000000036ce00000|  0%| F|  |TAMS 0x000000036cc00000, 0x000000036cc00000| Untracked 
| 867|0x000000036ce00000, 0x000000036ce00000, 0x000000036d000000|  0%| F|  |TAMS 0x000000036ce00000, 0x000000036ce00000| Untracked 
| 868|0x000000036d000000, 0x000000036d000000, 0x000000036d200000|  0%| F|  |TAMS 0x000000036d000000, 0x000000036d000000| Untracked 
| 869|0x000000036d200000, 0x000000036d200000, 0x000000036d400000|  0%| F|  |TAMS 0x000000036d200000, 0x000000036d200000| Untracked 
| 870|0x000000036d400000, 0x000000036d400000, 0x000000036d600000|  0%| F|  |TAMS 0x000000036d400000, 0x000000036d400000| Untracked 
| 871|0x000000036d600000, 0x000000036d600000, 0x000000036d800000|  0%| F|  |TAMS 0x000000036d600000, 0x000000036d600000| Untracked 
| 872|0x000000036d800000, 0x000000036d800000, 0x000000036da00000|  0%| F|  |TAMS 0x000000036d800000, 0x000000036d800000| Untracked 
| 873|0x000000036da00000, 0x000000036da00000, 0x000000036dc00000|  0%| F|  |TAMS 0x000000036da00000, 0x000000036da00000| Untracked 
| 874|0x000000036dc00000, 0x000000036dc00000, 0x000000036de00000|  0%| F|  |TAMS 0x000000036dc00000, 0x000000036dc00000| Untracked 
| 875|0x000000036de00000, 0x000000036de00000, 0x000000036e000000|  0%| F|  |TAMS 0x000000036de00000, 0x000000036de00000| Untracked 
| 876|0x000000036e000000, 0x000000036e000000, 0x000000036e200000|  0%| F|  |TAMS 0x000000036e000000, 0x000000036e000000| Untracked 
| 877|0x000000036e200000, 0x000000036e200000, 0x000000036e400000|  0%| F|  |TAMS 0x000000036e200000, 0x000000036e200000| Untracked 
| 878|0x000000036e400000, 0x000000036e400000, 0x000000036e600000|  0%| F|  |TAMS 0x000000036e400000, 0x000000036e400000| Untracked 
| 879|0x000000036e600000, 0x000000036e600000, 0x000000036e800000|  0%| F|  |TAMS 0x000000036e600000, 0x000000036e600000| Untracked 
| 880|0x000000036e800000, 0x000000036e800000, 0x000000036ea00000|  0%| F|  |TAMS 0x000000036e800000, 0x000000036e800000| Untracked 
| 881|0x000000036ea00000, 0x000000036ea00000, 0x000000036ec00000|  0%| F|  |TAMS 0x000000036ea00000, 0x000000036ea00000| Untracked 
| 882|0x000000036ec00000, 0x000000036ec00000, 0x000000036ee00000|  0%| F|  |TAMS 0x000000036ec00000, 0x000000036ec00000| Untracked 
| 883|0x000000036ee00000, 0x000000036ee00000, 0x000000036f000000|  0%| F|  |TAMS 0x000000036ee00000, 0x000000036ee00000| Untracked 
| 884|0x000000036f000000, 0x000000036f000000, 0x000000036f200000|  0%| F|  |TAMS 0x000000036f000000, 0x000000036f000000| Untracked 
| 885|0x000000036f200000, 0x000000036f200000, 0x000000036f400000|  0%| F|  |TAMS 0x000000036f200000, 0x000000036f200000| Untracked 
| 886|0x000000036f400000, 0x000000036f400000, 0x000000036f600000|  0%| F|  |TAMS 0x000000036f400000, 0x000000036f400000| Untracked 
| 887|0x000000036f600000, 0x000000036f600000, 0x000000036f800000|  0%| F|  |TAMS 0x000000036f600000, 0x000000036f600000| Untracked 
| 888|0x000000036f800000, 0x000000036f800000, 0x000000036fa00000|  0%| F|  |TAMS 0x000000036f800000, 0x000000036f800000| Untracked 
| 889|0x000000036fa00000, 0x000000036fa00000, 0x000000036fc00000|  0%| F|  |TAMS 0x000000036fa00000, 0x000000036fa00000| Untracked 
| 890|0x000000036fc00000, 0x000000036fc00000, 0x000000036fe00000|  0%| F|  |TAMS 0x000000036fc00000, 0x000000036fc00000| Untracked 
| 891|0x000000036fe00000, 0x000000036fe00000, 0x0000000370000000|  0%| F|  |TAMS 0x000000036fe00000, 0x000000036fe00000| Untracked 
| 892|0x0000000370000000, 0x0000000370000000, 0x0000000370200000|  0%| F|  |TAMS 0x0000000370000000, 0x0000000370000000| Untracked 
| 893|0x0000000370200000, 0x0000000370200000, 0x0000000370400000|  0%| F|  |TAMS 0x0000000370200000, 0x0000000370200000| Untracked 
| 894|0x0000000370400000, 0x0000000370400000, 0x0000000370600000|  0%| F|  |TAMS 0x0000000370400000, 0x0000000370400000| Untracked 
| 895|0x0000000370600000, 0x0000000370600000, 0x0000000370800000|  0%| F|  |TAMS 0x0000000370600000, 0x0000000370600000| Untracked 
| 896|0x0000000370800000, 0x0000000370800000, 0x0000000370a00000|  0%| F|  |TAMS 0x0000000370800000, 0x0000000370800000| Untracked 
| 897|0x0000000370a00000, 0x0000000370a00000, 0x0000000370c00000|  0%| F|  |TAMS 0x0000000370a00000, 0x0000000370a00000| Untracked 
| 898|0x0000000370c00000, 0x0000000370c00000, 0x0000000370e00000|  0%| F|  |TAMS 0x0000000370c00000, 0x0000000370c00000| Untracked 
| 899|0x0000000370e00000, 0x0000000370e00000, 0x0000000371000000|  0%| F|  |TAMS 0x0000000370e00000, 0x0000000370e00000| Untracked 
| 900|0x0000000371000000, 0x0000000371000000, 0x0000000371200000|  0%| F|  |TAMS 0x0000000371000000, 0x0000000371000000| Untracked 
| 901|0x0000000371200000, 0x0000000371200000, 0x0000000371400000|  0%| F|  |TAMS 0x0000000371200000, 0x0000000371200000| Untracked 
| 902|0x0000000371400000, 0x0000000371400000, 0x0000000371600000|  0%| F|  |TAMS 0x0000000371400000, 0x0000000371400000| Untracked 
| 903|0x0000000371600000, 0x0000000371600000, 0x0000000371800000|  0%| F|  |TAMS 0x0000000371600000, 0x0000000371600000| Untracked 
| 904|0x0000000371800000, 0x0000000371800000, 0x0000000371a00000|  0%| F|  |TAMS 0x0000000371800000, 0x0000000371800000| Untracked 
| 905|0x0000000371a00000, 0x0000000371a00000, 0x0000000371c00000|  0%| F|  |TAMS 0x0000000371a00000, 0x0000000371a00000| Untracked 
| 906|0x0000000371c00000, 0x0000000371c00000, 0x0000000371e00000|  0%| F|  |TAMS 0x0000000371c00000, 0x0000000371c00000| Untracked 
| 907|0x0000000371e00000, 0x0000000371e00000, 0x0000000372000000|  0%| F|  |TAMS 0x0000000371e00000, 0x0000000371e00000| Untracked 
| 908|0x0000000372000000, 0x0000000372000000, 0x0000000372200000|  0%| F|  |TAMS 0x0000000372000000, 0x0000000372000000| Untracked 
| 909|0x0000000372200000, 0x0000000372200000, 0x0000000372400000|  0%| F|  |TAMS 0x0000000372200000, 0x0000000372200000| Untracked 
| 910|0x0000000372400000, 0x0000000372400000, 0x0000000372600000|  0%| F|  |TAMS 0x0000000372400000, 0x0000000372400000| Untracked 
| 911|0x0000000372600000, 0x0000000372600000, 0x0000000372800000|  0%| F|  |TAMS 0x0000000372600000, 0x0000000372600000| Untracked 
| 912|0x0000000372800000, 0x0000000372800000, 0x0000000372a00000|  0%| F|  |TAMS 0x0000000372800000, 0x0000000372800000| Untracked 
| 913|0x0000000372a00000, 0x0000000372a00000, 0x0000000372c00000|  0%| F|  |TAMS 0x0000000372a00000, 0x0000000372a00000| Untracked 
| 914|0x0000000372c00000, 0x0000000372c00000, 0x0000000372e00000|  0%| F|  |TAMS 0x0000000372c00000, 0x0000000372c00000| Untracked 
| 915|0x0000000372e00000, 0x0000000372e00000, 0x0000000373000000|  0%| F|  |TAMS 0x0000000372e00000, 0x0000000372e00000| Untracked 
| 916|0x0000000373000000, 0x0000000373000000, 0x0000000373200000|  0%| F|  |TAMS 0x0000000373000000, 0x0000000373000000| Untracked 
| 917|0x0000000373200000, 0x0000000373200000, 0x0000000373400000|  0%| F|  |TAMS 0x0000000373200000, 0x0000000373200000| Untracked 
| 918|0x0000000373400000, 0x0000000373400000, 0x0000000373600000|  0%| F|  |TAMS 0x0000000373400000, 0x0000000373400000| Untracked 
| 919|0x0000000373600000, 0x0000000373600000, 0x0000000373800000|  0%| F|  |TAMS 0x0000000373600000, 0x0000000373600000| Untracked 
| 920|0x0000000373800000, 0x0000000373800000, 0x0000000373a00000|  0%| F|  |TAMS 0x0000000373800000, 0x0000000373800000| Untracked 
| 921|0x0000000373a00000, 0x0000000373a00000, 0x0000000373c00000|  0%| F|  |TAMS 0x0000000373a00000, 0x0000000373a00000| Untracked 
| 922|0x0000000373c00000, 0x0000000373c00000, 0x0000000373e00000|  0%| F|  |TAMS 0x0000000373c00000, 0x0000000373c00000| Untracked 
| 923|0x0000000373e00000, 0x0000000373e00000, 0x0000000374000000|  0%| F|  |TAMS 0x0000000373e00000, 0x0000000373e00000| Untracked 
| 924|0x0000000374000000, 0x0000000374000000, 0x0000000374200000|  0%| F|  |TAMS 0x0000000374000000, 0x0000000374000000| Untracked 
| 925|0x0000000374200000, 0x0000000374200000, 0x0000000374400000|  0%| F|  |TAMS 0x0000000374200000, 0x0000000374200000| Untracked 
| 926|0x0000000374400000, 0x0000000374400000, 0x0000000374600000|  0%| F|  |TAMS 0x0000000374400000, 0x0000000374400000| Untracked 
| 927|0x0000000374600000, 0x0000000374600000, 0x0000000374800000|  0%| F|  |TAMS 0x0000000374600000, 0x0000000374600000| Untracked 
| 928|0x0000000374800000, 0x0000000374800000, 0x0000000374a00000|  0%| F|  |TAMS 0x0000000374800000, 0x0000000374800000| Untracked 
| 929|0x0000000374a00000, 0x0000000374a00000, 0x0000000374c00000|  0%| F|  |TAMS 0x0000000374a00000, 0x0000000374a00000| Untracked 
| 930|0x0000000374c00000, 0x0000000374c00000, 0x0000000374e00000|  0%| F|  |TAMS 0x0000000374c00000, 0x0000000374c00000| Untracked 
| 931|0x0000000374e00000, 0x0000000374e00000, 0x0000000375000000|  0%| F|  |TAMS 0x0000000374e00000, 0x0000000374e00000| Untracked 
| 932|0x0000000375000000, 0x0000000375000000, 0x0000000375200000|  0%| F|  |TAMS 0x0000000375000000, 0x0000000375000000| Untracked 
| 933|0x0000000375200000, 0x0000000375200000, 0x0000000375400000|  0%| F|  |TAMS 0x0000000375200000, 0x0000000375200000| Untracked 
| 934|0x0000000375400000, 0x0000000375400000, 0x0000000375600000|  0%| F|  |TAMS 0x0000000375400000, 0x0000000375400000| Untracked 
| 935|0x0000000375600000, 0x0000000375600000, 0x0000000375800000|  0%| F|  |TAMS 0x0000000375600000, 0x0000000375600000| Untracked 
| 936|0x0000000375800000, 0x0000000375800000, 0x0000000375a00000|  0%| F|  |TAMS 0x0000000375800000, 0x0000000375800000| Untracked 
| 937|0x0000000375a00000, 0x0000000375a00000, 0x0000000375c00000|  0%| F|  |TAMS 0x0000000375a00000, 0x0000000375a00000| Untracked 
| 938|0x0000000375c00000, 0x0000000375c00000, 0x0000000375e00000|  0%| F|  |TAMS 0x0000000375c00000, 0x0000000375c00000| Untracked 
| 939|0x0000000375e00000, 0x0000000375e00000, 0x0000000376000000|  0%| F|  |TAMS 0x0000000375e00000, 0x0000000375e00000| Untracked 
| 940|0x0000000376000000, 0x0000000376000000, 0x0000000376200000|  0%| F|  |TAMS 0x0000000376000000, 0x0000000376000000| Untracked 
| 941|0x0000000376200000, 0x0000000376200000, 0x0000000376400000|  0%| F|  |TAMS 0x0000000376200000, 0x0000000376200000| Untracked 
| 942|0x0000000376400000, 0x0000000376400000, 0x0000000376600000|  0%| F|  |TAMS 0x0000000376400000, 0x0000000376400000| Untracked 
| 943|0x0000000376600000, 0x0000000376600000, 0x0000000376800000|  0%| F|  |TAMS 0x0000000376600000, 0x0000000376600000| Untracked 
| 944|0x0000000376800000, 0x0000000376800000, 0x0000000376a00000|  0%| F|  |TAMS 0x0000000376800000, 0x0000000376800000| Untracked 
| 945|0x0000000376a00000, 0x0000000376a00000, 0x0000000376c00000|  0%| F|  |TAMS 0x0000000376a00000, 0x0000000376a00000| Untracked 
| 946|0x0000000376c00000, 0x0000000376c00000, 0x0000000376e00000|  0%| F|  |TAMS 0x0000000376c00000, 0x0000000376c00000| Untracked 
| 947|0x0000000376e00000, 0x0000000376e00000, 0x0000000377000000|  0%| F|  |TAMS 0x0000000376e00000, 0x0000000376e00000| Untracked 
| 948|0x0000000377000000, 0x0000000377000000, 0x0000000377200000|  0%| F|  |TAMS 0x0000000377000000, 0x0000000377000000| Untracked 
| 949|0x0000000377200000, 0x0000000377200000, 0x0000000377400000|  0%| F|  |TAMS 0x0000000377200000, 0x0000000377200000| Untracked 
| 950|0x0000000377400000, 0x0000000377400000, 0x0000000377600000|  0%| F|  |TAMS 0x0000000377400000, 0x0000000377400000| Untracked 
| 951|0x0000000377600000, 0x0000000377600000, 0x0000000377800000|  0%| F|  |TAMS 0x0000000377600000, 0x0000000377600000| Untracked 
| 952|0x0000000377800000, 0x0000000377800000, 0x0000000377a00000|  0%| F|  |TAMS 0x0000000377800000, 0x0000000377800000| Untracked 
| 953|0x0000000377a00000, 0x0000000377a00000, 0x0000000377c00000|  0%| F|  |TAMS 0x0000000377a00000, 0x0000000377a00000| Untracked 
| 954|0x0000000377c00000, 0x0000000377c00000, 0x0000000377e00000|  0%| F|  |TAMS 0x0000000377c00000, 0x0000000377c00000| Untracked 
| 955|0x0000000377e00000, 0x0000000377e00000, 0x0000000378000000|  0%| F|  |TAMS 0x0000000377e00000, 0x0000000377e00000| Untracked 
| 956|0x0000000378000000, 0x0000000378000000, 0x0000000378200000|  0%| F|  |TAMS 0x0000000378000000, 0x0000000378000000| Untracked 
| 957|0x0000000378200000, 0x0000000378200000, 0x0000000378400000|  0%| F|  |TAMS 0x0000000378200000, 0x0000000378200000| Untracked 
| 958|0x0000000378400000, 0x0000000378400000, 0x0000000378600000|  0%| F|  |TAMS 0x0000000378400000, 0x0000000378400000| Untracked 
| 959|0x0000000378600000, 0x0000000378600000, 0x0000000378800000|  0%| F|  |TAMS 0x0000000378600000, 0x0000000378600000| Untracked 
| 960|0x0000000378800000, 0x0000000378800000, 0x0000000378a00000|  0%| F|  |TAMS 0x0000000378800000, 0x0000000378800000| Untracked 
| 961|0x0000000378a00000, 0x0000000378a00000, 0x0000000378c00000|  0%| F|  |TAMS 0x0000000378a00000, 0x0000000378a00000| Untracked 
| 962|0x0000000378c00000, 0x0000000378c00000, 0x0000000378e00000|  0%| F|  |TAMS 0x0000000378c00000, 0x0000000378c00000| Untracked 
| 963|0x0000000378e00000, 0x0000000378e00000, 0x0000000379000000|  0%| F|  |TAMS 0x0000000378e00000, 0x0000000378e00000| Untracked 
| 964|0x0000000379000000, 0x0000000379000000, 0x0000000379200000|  0%| F|  |TAMS 0x0000000379000000, 0x0000000379000000| Untracked 
| 965|0x0000000379200000, 0x0000000379200000, 0x0000000379400000|  0%| F|  |TAMS 0x0000000379200000, 0x0000000379200000| Untracked 
| 966|0x0000000379400000, 0x0000000379400000, 0x0000000379600000|  0%| F|  |TAMS 0x0000000379400000, 0x0000000379400000| Untracked 
| 967|0x0000000379600000, 0x0000000379600000, 0x0000000379800000|  0%| F|  |TAMS 0x0000000379600000, 0x0000000379600000| Untracked 
| 968|0x0000000379800000, 0x0000000379800000, 0x0000000379a00000|  0%| F|  |TAMS 0x0000000379800000, 0x0000000379800000| Untracked 
| 969|0x0000000379a00000, 0x0000000379a00000, 0x0000000379c00000|  0%| F|  |TAMS 0x0000000379a00000, 0x0000000379a00000| Untracked 
| 970|0x0000000379c00000, 0x0000000379c00000, 0x0000000379e00000|  0%| F|  |TAMS 0x0000000379c00000, 0x0000000379c00000| Untracked 
| 971|0x0000000379e00000, 0x0000000379e00000, 0x000000037a000000|  0%| F|  |TAMS 0x0000000379e00000, 0x0000000379e00000| Untracked 
| 972|0x000000037a000000, 0x000000037a000000, 0x000000037a200000|  0%| F|  |TAMS 0x000000037a000000, 0x000000037a000000| Untracked 
| 973|0x000000037a200000, 0x000000037a200000, 0x000000037a400000|  0%| F|  |TAMS 0x000000037a200000, 0x000000037a200000| Untracked 
| 974|0x000000037a400000, 0x000000037a400000, 0x000000037a600000|  0%| F|  |TAMS 0x000000037a400000, 0x000000037a400000| Untracked 
| 975|0x000000037a600000, 0x000000037a600000, 0x000000037a800000|  0%| F|  |TAMS 0x000000037a600000, 0x000000037a600000| Untracked 
| 976|0x000000037a800000, 0x000000037a800000, 0x000000037aa00000|  0%| F|  |TAMS 0x000000037a800000, 0x000000037a800000| Untracked 
| 977|0x000000037aa00000, 0x000000037aa00000, 0x000000037ac00000|  0%| F|  |TAMS 0x000000037aa00000, 0x000000037aa00000| Untracked 
| 978|0x000000037ac00000, 0x000000037ac00000, 0x000000037ae00000|  0%| F|  |TAMS 0x000000037ac00000, 0x000000037ac00000| Untracked 
| 979|0x000000037ae00000, 0x000000037ae00000, 0x000000037b000000|  0%| F|  |TAMS 0x000000037ae00000, 0x000000037ae00000| Untracked 
| 980|0x000000037b000000, 0x000000037b000000, 0x000000037b200000|  0%| F|  |TAMS 0x000000037b000000, 0x000000037b000000| Untracked 
| 981|0x000000037b200000, 0x000000037b200000, 0x000000037b400000|  0%| F|  |TAMS 0x000000037b200000, 0x000000037b200000| Untracked 
| 982|0x000000037b400000, 0x000000037b400000, 0x000000037b600000|  0%| F|  |TAMS 0x000000037b400000, 0x000000037b400000| Untracked 
| 983|0x000000037b600000, 0x000000037b600000, 0x000000037b800000|  0%| F|  |TAMS 0x000000037b600000, 0x000000037b600000| Untracked 
| 984|0x000000037b800000, 0x000000037b800000, 0x000000037ba00000|  0%| F|  |TAMS 0x000000037b800000, 0x000000037b800000| Untracked 
| 985|0x000000037ba00000, 0x000000037ba00000, 0x000000037bc00000|  0%| F|  |TAMS 0x000000037ba00000, 0x000000037ba00000| Untracked 
| 986|0x000000037bc00000, 0x000000037bc00000, 0x000000037be00000|  0%| F|  |TAMS 0x000000037bc00000, 0x000000037bc00000| Untracked 
| 987|0x000000037be00000, 0x000000037be00000, 0x000000037c000000|  0%| F|  |TAMS 0x000000037be00000, 0x000000037be00000| Untracked 
| 988|0x000000037c000000, 0x000000037c000000, 0x000000037c200000|  0%| F|  |TAMS 0x000000037c000000, 0x000000037c000000| Untracked 
| 989|0x000000037c200000, 0x000000037c200000, 0x000000037c400000|  0%| F|  |TAMS 0x000000037c200000, 0x000000037c200000| Untracked 
| 990|0x000000037c400000, 0x000000037c400000, 0x000000037c600000|  0%| F|  |TAMS 0x000000037c400000, 0x000000037c400000| Untracked 
| 991|0x000000037c600000, 0x000000037c600000, 0x000000037c800000|  0%| F|  |TAMS 0x000000037c600000, 0x000000037c600000| Untracked 
| 992|0x000000037c800000, 0x000000037c800000, 0x000000037ca00000|  0%| F|  |TAMS 0x000000037c800000, 0x000000037c800000| Untracked 
| 993|0x000000037ca00000, 0x000000037ca00000, 0x000000037cc00000|  0%| F|  |TAMS 0x000000037ca00000, 0x000000037ca00000| Untracked 
| 994|0x000000037cc00000, 0x000000037cc00000, 0x000000037ce00000|  0%| F|  |TAMS 0x000000037cc00000, 0x000000037cc00000| Untracked 
| 995|0x000000037ce00000, 0x000000037ce00000, 0x000000037d000000|  0%| F|  |TAMS 0x000000037ce00000, 0x000000037ce00000| Untracked 
| 996|0x000000037d000000, 0x000000037d000000, 0x000000037d200000|  0%| F|  |TAMS 0x000000037d000000, 0x000000037d000000| Untracked 
| 997|0x000000037d200000, 0x000000037d200000, 0x000000037d400000|  0%| F|  |TAMS 0x000000037d200000, 0x000000037d200000| Untracked 
| 998|0x000000037d400000, 0x000000037d400000, 0x000000037d600000|  0%| F|  |TAMS 0x000000037d400000, 0x000000037d400000| Untracked 
| 999|0x000000037d600000, 0x000000037d600000, 0x000000037d800000|  0%| F|  |TAMS 0x000000037d600000, 0x000000037d600000| Untracked 
|1000|0x000000037d800000, 0x000000037d800000, 0x000000037da00000|  0%| F|  |TAMS 0x000000037d800000, 0x000000037d800000| Untracked 
|1001|0x000000037da00000, 0x000000037da00000, 0x000000037dc00000|  0%| F|  |TAMS 0x000000037da00000, 0x000000037da00000| Untracked 
|1002|0x000000037dc00000, 0x000000037dc00000, 0x000000037de00000|  0%| F|  |TAMS 0x000000037dc00000, 0x000000037dc00000| Untracked 
|1003|0x000000037de00000, 0x000000037de00000, 0x000000037e000000|  0%| F|  |TAMS 0x000000037de00000, 0x000000037de00000| Untracked 
|1004|0x000000037e000000, 0x000000037e000000, 0x000000037e200000|  0%| F|  |TAMS 0x000000037e000000, 0x000000037e000000| Untracked 
|1005|0x000000037e200000, 0x000000037e200000, 0x000000037e400000|  0%| F|  |TAMS 0x000000037e200000, 0x000000037e200000| Untracked 
|1006|0x000000037e400000, 0x000000037e400000, 0x000000037e600000|  0%| F|  |TAMS 0x000000037e400000, 0x000000037e400000| Untracked 
|1007|0x000000037e600000, 0x000000037e600000, 0x000000037e800000|  0%| F|  |TAMS 0x000000037e600000, 0x000000037e600000| Untracked 
|1008|0x000000037e800000, 0x000000037e800000, 0x000000037ea00000|  0%| F|  |TAMS 0x000000037e800000, 0x000000037e800000| Untracked 
|1009|0x000000037ea00000, 0x000000037ea00000, 0x000000037ec00000|  0%| F|  |TAMS 0x000000037ea00000, 0x000000037ea00000| Untracked 
|1010|0x000000037ec00000, 0x000000037ec00000, 0x000000037ee00000|  0%| F|  |TAMS 0x000000037ec00000, 0x000000037ec00000| Untracked 
|1011|0x000000037ee00000, 0x000000037ee00000, 0x000000037f000000|  0%| F|  |TAMS 0x000000037ee00000, 0x000000037ee00000| Untracked 
|1012|0x000000037f000000, 0x000000037f000000, 0x000000037f200000|  0%| F|  |TAMS 0x000000037f000000, 0x000000037f000000| Untracked 
|1013|0x000000037f200000, 0x000000037f200000, 0x000000037f400000|  0%| F|  |TAMS 0x000000037f200000, 0x000000037f200000| Untracked 
|1014|0x000000037f400000, 0x000000037f400000, 0x000000037f600000|  0%| F|  |TAMS 0x000000037f400000, 0x000000037f400000| Untracked 
|1015|0x000000037f600000, 0x000000037f600000, 0x000000037f800000|  0%| F|  |TAMS 0x000000037f600000, 0x000000037f600000| Untracked 
|1016|0x000000037f800000, 0x000000037f800000, 0x000000037fa00000|  0%| F|  |TAMS 0x000000037f800000, 0x000000037f800000| Untracked 
|1017|0x000000037fa00000, 0x000000037fa8da10, 0x000000037fc00000| 27%| E|  |TAMS 0x000000037fa00000, 0x000000037fa00000| Complete 
|1018|0x000000037fc00000, 0x000000037fe00000, 0x000000037fe00000|100%| E|CS|TAMS 0x000000037fc00000, 0x000000037fc00000| Complete 
|1019|0x000000037fe00000, 0x0000000380000000, 0x0000000380000000|100%| E|CS|TAMS 0x000000037fe00000, 0x000000037fe00000| Complete 
|1020|0x0000000380000000, 0x0000000380200000, 0x0000000380200000|100%| E|CS|TAMS 0x0000000380000000, 0x0000000380000000| Complete 
|1021|0x0000000380200000, 0x0000000380400000, 0x0000000380400000|100%| E|CS|TAMS 0x0000000380200000, 0x0000000380200000| Complete 
|1022|0x0000000380400000, 0x00000003804860a0, 0x0000000380600000| 26%| S|CS|TAMS 0x0000000380400000, 0x0000000380400000| Complete 
|1023|0x0000000380600000, 0x0000000380800000, 0x0000000380800000|100%| S|CS|TAMS 0x0000000380600000, 0x0000000380600000| Complete 
|1024|0x0000000380800000, 0x0000000380a00000, 0x0000000380a00000|100%| E|CS|TAMS 0x0000000380800000, 0x0000000380800000| Complete 
|1025|0x0000000380a00000, 0x0000000380c00000, 0x0000000380c00000|100%| E|CS|TAMS 0x0000000380a00000, 0x0000000380a00000| Complete 
|1026|0x0000000380c00000, 0x0000000380e00000, 0x0000000380e00000|100%| E|CS|TAMS 0x0000000380c00000, 0x0000000380c00000| Complete 
|1027|0x0000000380e00000, 0x0000000381000000, 0x0000000381000000|100%| E|CS|TAMS 0x0000000380e00000, 0x0000000380e00000| Complete 
|1028|0x0000000381000000, 0x0000000381200000, 0x0000000381200000|100%| E|CS|TAMS 0x0000000381000000, 0x0000000381000000| Complete 
|1029|0x0000000381200000, 0x0000000381400000, 0x0000000381400000|100%| E|CS|TAMS 0x0000000381200000, 0x0000000381200000| Complete 
|1030|0x0000000381400000, 0x0000000381600000, 0x0000000381600000|100%| E|CS|TAMS 0x0000000381400000, 0x0000000381400000| Complete 
|1031|0x0000000381600000, 0x0000000381800000, 0x0000000381800000|100%| E|CS|TAMS 0x0000000381600000, 0x0000000381600000| Complete 
|1032|0x0000000381800000, 0x0000000381a00000, 0x0000000381a00000|100%| E|CS|TAMS 0x0000000381800000, 0x0000000381800000| Complete 
|1033|0x0000000381a00000, 0x0000000381c00000, 0x0000000381c00000|100%| E|CS|TAMS 0x0000000381a00000, 0x0000000381a00000| Complete 
|1034|0x0000000381c00000, 0x0000000381e00000, 0x0000000381e00000|100%| E|CS|TAMS 0x0000000381c00000, 0x0000000381c00000| Complete 
|1035|0x0000000381e00000, 0x0000000382000000, 0x0000000382000000|100%| E|CS|TAMS 0x0000000381e00000, 0x0000000381e00000| Complete 
|1036|0x0000000382000000, 0x0000000382200000, 0x0000000382200000|100%| E|CS|TAMS 0x0000000382000000, 0x0000000382000000| Complete 
|1037|0x0000000382200000, 0x0000000382400000, 0x0000000382400000|100%| E|CS|TAMS 0x0000000382200000, 0x0000000382200000| Complete 
|1038|0x0000000382400000, 0x0000000382600000, 0x0000000382600000|100%| E|CS|TAMS 0x0000000382400000, 0x0000000382400000| Complete 
|1039|0x0000000382600000, 0x0000000382800000, 0x0000000382800000|100%| E|CS|TAMS 0x0000000382600000, 0x0000000382600000| Complete 
|1040|0x0000000382800000, 0x0000000382a00000, 0x0000000382a00000|100%| E|CS|TAMS 0x0000000382800000, 0x0000000382800000| Complete 
|1041|0x0000000382a00000, 0x0000000382c00000, 0x0000000382c00000|100%| E|CS|TAMS 0x0000000382a00000, 0x0000000382a00000| Complete 
|1042|0x0000000382c00000, 0x0000000382e00000, 0x0000000382e00000|100%| E|CS|TAMS 0x0000000382c00000, 0x0000000382c00000| Complete 
|1043|0x0000000382e00000, 0x0000000383000000, 0x0000000383000000|100%| E|CS|TAMS 0x0000000382e00000, 0x0000000382e00000| Complete 
|1044|0x0000000383000000, 0x0000000383200000, 0x0000000383200000|100%| E|CS|TAMS 0x0000000383000000, 0x0000000383000000| Complete 
|1045|0x0000000383200000, 0x0000000383400000, 0x0000000383400000|100%| E|CS|TAMS 0x0000000383200000, 0x0000000383200000| Complete 
|1046|0x0000000383400000, 0x0000000383600000, 0x0000000383600000|100%| E|CS|TAMS 0x0000000383400000, 0x0000000383400000| Complete 
|1047|0x0000000383600000, 0x0000000383800000, 0x0000000383800000|100%| E|CS|TAMS 0x0000000383600000, 0x0000000383600000| Complete 
|1048|0x0000000383800000, 0x0000000383a00000, 0x0000000383a00000|100%| E|CS|TAMS 0x0000000383800000, 0x0000000383800000| Complete 
|1049|0x0000000383a00000, 0x0000000383c00000, 0x0000000383c00000|100%| E|CS|TAMS 0x0000000383a00000, 0x0000000383a00000| Complete 
|1050|0x0000000383c00000, 0x0000000383e00000, 0x0000000383e00000|100%| E|CS|TAMS 0x0000000383c00000, 0x0000000383c00000| Complete 
|1051|0x0000000383e00000, 0x0000000384000000, 0x0000000384000000|100%| E|CS|TAMS 0x0000000383e00000, 0x0000000383e00000| Complete 
|1052|0x0000000384000000, 0x0000000384200000, 0x0000000384200000|100%| E|CS|TAMS 0x0000000384000000, 0x0000000384000000| Complete 
|1053|0x0000000384200000, 0x0000000384400000, 0x0000000384400000|100%| E|CS|TAMS 0x0000000384200000, 0x0000000384200000| Complete 
|1054|0x0000000384400000, 0x0000000384600000, 0x0000000384600000|100%| E|CS|TAMS 0x0000000384400000, 0x0000000384400000| Complete 
|1055|0x0000000384600000, 0x0000000384800000, 0x0000000384800000|100%| E|CS|TAMS 0x0000000384600000, 0x0000000384600000| Complete 
|1056|0x0000000384800000, 0x0000000384a00000, 0x0000000384a00000|100%| E|CS|TAMS 0x0000000384800000, 0x0000000384800000| Complete 
|1057|0x0000000384a00000, 0x0000000384c00000, 0x0000000384c00000|100%| E|CS|TAMS 0x0000000384a00000, 0x0000000384a00000| Complete 
|1058|0x0000000384c00000, 0x0000000384e00000, 0x0000000384e00000|100%| E|CS|TAMS 0x0000000384c00000, 0x0000000384c00000| Complete 
|1059|0x0000000384e00000, 0x0000000385000000, 0x0000000385000000|100%| E|CS|TAMS 0x0000000384e00000, 0x0000000384e00000| Complete 
|1060|0x0000000385000000, 0x0000000385200000, 0x0000000385200000|100%| E|CS|TAMS 0x0000000385000000, 0x0000000385000000| Complete 
|1061|0x0000000385200000, 0x0000000385400000, 0x0000000385400000|100%| E|CS|TAMS 0x0000000385200000, 0x0000000385200000| Complete 
|1062|0x0000000385400000, 0x0000000385600000, 0x0000000385600000|100%| E|CS|TAMS 0x0000000385400000, 0x0000000385400000| Complete 
|1063|0x0000000385600000, 0x0000000385800000, 0x0000000385800000|100%| E|CS|TAMS 0x0000000385600000, 0x0000000385600000| Complete 
|1064|0x0000000385800000, 0x0000000385a00000, 0x0000000385a00000|100%| E|CS|TAMS 0x0000000385800000, 0x0000000385800000| Complete 
|1065|0x0000000385a00000, 0x0000000385c00000, 0x0000000385c00000|100%| E|CS|TAMS 0x0000000385a00000, 0x0000000385a00000| Complete 
|1066|0x0000000385c00000, 0x0000000385e00000, 0x0000000385e00000|100%| E|CS|TAMS 0x0000000385c00000, 0x0000000385c00000| Complete 
|1067|0x0000000385e00000, 0x0000000386000000, 0x0000000386000000|100%| E|CS|TAMS 0x0000000385e00000, 0x0000000385e00000| Complete 
|1068|0x0000000386000000, 0x0000000386200000, 0x0000000386200000|100%| E|CS|TAMS 0x0000000386000000, 0x0000000386000000| Complete 
|1069|0x0000000386200000, 0x0000000386400000, 0x0000000386400000|100%| E|CS|TAMS 0x0000000386200000, 0x0000000386200000| Complete 
|1070|0x0000000386400000, 0x0000000386600000, 0x0000000386600000|100%| E|CS|TAMS 0x0000000386400000, 0x0000000386400000| Complete 
|1071|0x0000000386600000, 0x0000000386800000, 0x0000000386800000|100%| E|CS|TAMS 0x0000000386600000, 0x0000000386600000| Complete 
|1072|0x0000000386800000, 0x0000000386a00000, 0x0000000386a00000|100%| E|CS|TAMS 0x0000000386800000, 0x0000000386800000| Complete 
|1145|0x000000038fa00000, 0x000000038fc00000, 0x000000038fc00000|100%| E|CS|TAMS 0x000000038fa00000, 0x000000038fa00000| Complete 
|1148|0x0000000390000000, 0x0000000390200000, 0x0000000390200000|100%| E|CS|TAMS 0x0000000390000000, 0x0000000390000000| Complete 
|1149|0x0000000390200000, 0x0000000390400000, 0x0000000390400000|100%| E|CS|TAMS 0x0000000390200000, 0x0000000390200000| Complete 
|2046|0x0000000400400000, 0x0000000400574000, 0x0000000400600000| 72%|OA|  |TAMS 0x0000000400574000, 0x0000000400400000| Untracked 
|2047|0x0000000400600000, 0x0000000400674000, 0x0000000400800000| 22%|CA|  |TAMS 0x0000000400674000, 0x0000000400600000| Untracked 

Card table byte_map: [0x0000000121f1c000,0x000000012271c000] _byte_map_base: 0x0000000120718000

Marking Bits (Prev, Next): (CMBitMap*) 0x0000000104fe2b30, (CMBitMap*) 0x0000000104fe2af0
 Prev Bits: [0x0000000126f1c000, 0x000000012af1c000)
 Next Bits: [0x0000000122f1c000, 0x0000000126f1c000)

Polling page: 0x00000001048d0000

Metaspace:

Usage:
  Non-class:     50.16 MB used.
      Class:      8.06 MB used.
       Both:     58.21 MB used.

Virtual space:
  Non-class space:       64.00 MB reserved,      50.50 MB ( 79%) committed,  1 nodes.
      Class space:        1.00 GB reserved,       8.31 MB ( <1%) committed,  1 nodes.
             Both:        1.06 GB reserved,      58.81 MB (  5%) committed. 

Chunk freelists:
   Non-Class:  12.69 MB
       Class:  7.69 MB
        Both:  20.38 MB

MaxMetaspaceSize: unlimited
CompressedClassSpaceSize: 1.00 GB
Initial GC threshold: 21.00 MB
Current GC threshold: 89.94 MB
CDS: on
MetaspaceReclaimPolicy: balanced
 - commit_granule_bytes: 65536.
 - commit_granule_words: 8192.
 - virtual_space_node_default_size: 8388608.
 - enlarge_chunks_in_place: 1.
 - new_chunks_are_fully_committed: 0.
 - uncommit_free_chunks: 1.
 - use_allocation_guard: 0.
 - handle_deallocations: 1.


Internal statistics:

num_allocs_failed_limit: 6.
num_arena_births: 1002.
num_arena_deaths: 18.
num_vsnodes_births: 2.
num_vsnodes_deaths: 0.
num_space_committed: 941.
num_space_uncommitted: 0.
num_chunks_returned_to_freelist: 25.
num_chunks_taken_from_freelist: 3373.
num_chunk_merges: 7.
num_chunk_splits: 2113.
num_chunks_enlarged: 1394.
num_inconsistent_stats: 0.

CodeHeap 'non-profiled nmethods': size=119168Kb used=7722Kb max_used=7883Kb free=111445Kb
 bounds [0x000000011aabc000, 0x000000011b27c000, 0x0000000121f1c000]
CodeHeap 'profiled nmethods': size=119152Kb used=22597Kb max_used=23115Kb free=96555Kb
 bounds [0x0000000112f1c000, 0x00000001145bc000, 0x000000011a378000]
CodeHeap 'non-nmethods': size=7440Kb used=1957Kb max_used=3776Kb free=5482Kb
 bounds [0x000000011a378000, 0x000000011a738000, 0x000000011aabc000]
 total_blobs=12164 nmethods=11227 adapters=852
 compilation: enabled
              stopped_count=0, restarted_count=0
 full_count=0

Compilation events (20 events):
Event: 338.383 Thread 0x00000007e4e96400 nmethod 18573 0x0000000113e31590 code [0x0000000113e31740, 0x0000000113e31898]
Event: 338.383 Thread 0x00000007e4e96400 18576       3       java.time.ZonedDateTime::ofInstant (27 bytes)
Event: 338.383 Thread 0x00000007e4e96400 nmethod 18576 0x0000000113c55a90 code [0x0000000113c55cc0, 0x0000000113c560a8]
Event: 338.383 Thread 0x00000007e4e96400 18578       3       java.time.LocalDate::get0 (238 bytes)
Event: 338.385 Thread 0x00000007e4e96400 nmethod 18578 0x0000000113c34610 code [0x0000000113c34b00, 0x0000000113c36168]
Event: 338.385 Thread 0x00000007e4e96400 18579       3       java.time.LocalDate::getLong (46 bytes)
Event: 338.385 Thread 0x00000007e4e96400 nmethod 18579 0x0000000113c55190 code [0x0000000113c553c0, 0x0000000113c558e8]
Event: 338.385 Thread 0x00000007e4e96400 18577       3       java.lang.Long::numberOfLeadingZeros (26 bytes)
Event: 338.385 Thread 0x00000007e4e96400 nmethod 18577 0x0000000113e36210 code [0x0000000113e363c0, 0x0000000113e36578]
Event: 338.386 Thread 0x00000007e4e96400 18582       3       java.time.format.DateTimeFormatter::format (21 bytes)
Event: 338.386 Thread 0x00000007e4e96400 nmethod 18582 0x0000000113081a10 code [0x0000000113081c40, 0x0000000113082118]
Event: 338.395 Thread 0x00000007e4e95e00 nmethod 18566 0x000000011b1e7990 code [0x000000011b1e7d00, 0x000000011b1e9030]
Event: 338.395 Thread 0x00000007e4e95e00 18567       4       org.bson.json.StrictCharacterStreamJsonWriter::writeEndObject (97 bytes)
Event: 338.411 Thread 0x00000007e4e95e00 nmethod 18567 0x000000011abf8c10 code [0x000000011abf90c0, 0x000000011abfb000]
Event: 338.411 Thread 0x00000007e4e95e00 18580       4       org.bson.json.JsonWriter::doWriteString (18 bytes)
Event: 338.414 Thread 0x00000007e4e95e00 nmethod 18580 0x000000011ac3c910 code [0x000000011ac3cb80, 0x000000011ac3d140]
Event: 338.414 Thread 0x00000007e4e95e00 18581       4       org.bson.json.JsonStringConverter::convert (10 bytes)
Event: 338.415 Thread 0x00000007e4e95e00 nmethod 18581 0x000000011ac3bd10 code [0x000000011ac3bf80, 0x000000011ac3c530]
Event: 338.415 Thread 0x00000007e4e95e00 18572       4       java.time.temporal.TemporalQueries::zoneId (4 bytes)
Event: 338.415 Thread 0x00000007e4e95e00 nmethod 18572 0x000000011ac3b910 code [0x000000011ac3ba80, 0x000000011ac3bad0]

GC Heap History (20 events):
Event: 184.638 GC heap before
{Heap before GC invocations=37 (full 0):
 garbage-first heap   total 1087488K, used 187570K [0x0000000300800000, 0x0000000400800000)
  region size 2048K, 26 young (53248K), 4 survivors (8192K)
 Metaspace       used 54681K, committed 55232K, reserved 1114112K
  class space    used 7421K, committed 7680K, reserved 1048576K
}
Event: 184.640 GC heap after
{Heap after GC invocations=38 (full 0):
 garbage-first heap   total 1087488K, used 162185K [0x0000000300800000, 0x0000000400800000)
  region size 2048K, 4 young (8192K), 4 survivors (8192K)
 Metaspace       used 54681K, committed 55232K, reserved 1114112K
  class space    used 7421K, committed 7680K, reserved 1048576K
}
Event: 184.653 GC heap before
{Heap before GC invocations=38 (full 0):
 garbage-first heap   total 1087488K, used 207241K [0x0000000300800000, 0x0000000400800000)
  region size 2048K, 26 young (53248K), 4 survivors (8192K)
 Metaspace       used 54681K, committed 55232K, reserved 1114112K
  class space    used 7421K, committed 7680K, reserved 1048576K
}
Event: 184.655 GC heap after
{Heap after GC invocations=39 (full 0):
 garbage-first heap   total 1710080K, used 182447K [0x0000000300800000, 0x0000000400800000)
  region size 2048K, 4 young (8192K), 4 survivors (8192K)
 Metaspace       used 54681K, committed 55232K, reserved 1114112K
  class space    used 7421K, committed 7680K, reserved 1048576K
}
Event: 185.453 GC heap before
{Heap before GC invocations=39 (full 0):
 garbage-first heap   total 1710080K, used 559279K [0x0000000300800000, 0x0000000400800000)
  region size 2048K, 41 young (83968K), 4 survivors (8192K)
 Metaspace       used 54748K, committed 55296K, reserved 1114112K
  class space    used 7436K, committed 7680K, reserved 1048576K
}
Event: 185.456 GC heap after
{Heap after GC invocations=40 (full 0):
 garbage-first heap   total 1710080K, used 349753K [0x0000000300800000, 0x0000000400800000)
  region size 2048K, 6 young (12288K), 6 survivors (12288K)
 Metaspace       used 54748K, committed 55296K, reserved 1114112K
  class space    used 7436K, committed 7680K, reserved 1048576K
}
Event: 185.479 GC heap before
{Heap before GC invocations=40 (full 0):
 garbage-first heap   total 1710080K, used 421433K [0x0000000300800000, 0x0000000400800000)
  region size 2048K, 41 young (83968K), 6 survivors (12288K)
 Metaspace       used 54748K, committed 55296K, reserved 1114112K
  class space    used 7436K, committed 7680K, reserved 1048576K
}
Event: 185.485 GC heap after
{Heap after GC invocations=41 (full 0):
 garbage-first heap   total 1710080K, used 381923K [0x0000000300800000, 0x0000000400800000)
  region size 2048K, 6 young (12288K), 6 survivors (12288K)
 Metaspace       used 54748K, committed 55296K, reserved 1114112K
  class space    used 7436K, committed 7680K, reserved 1048576K
}
Event: 185.508 GC heap before
{Heap before GC invocations=41 (full 0):
 garbage-first heap   total 1710080K, used 453603K [0x0000000300800000, 0x0000000400800000)
  region size 2048K, 41 young (83968K), 6 survivors (12288K)
 Metaspace       used 54748K, committed 55296K, reserved 1114112K
  class space    used 7436K, committed 7680K, reserved 1048576K
}
Event: 185.511 GC heap after
{Heap after GC invocations=42 (full 0):
 garbage-first heap   total 1710080K, used 413979K [0x0000000300800000, 0x0000000400800000)
  region size 2048K, 6 young (12288K), 6 survivors (12288K)
 Metaspace       used 54748K, committed 55296K, reserved 1114112K
  class space    used 7436K, committed 7680K, reserved 1048576K
}
Event: 196.399 GC heap before
{Heap before GC invocations=42 (full 0):
 garbage-first heap   total 1710080K, used 989467K [0x0000000300800000, 0x0000000400800000)
  region size 2048K, 41 young (83968K), 6 survivors (12288K)
 Metaspace       used 54772K, committed 55360K, reserved 1114112K
  class space    used 7438K, committed 7680K, reserved 1048576K
}
Event: 196.403 GC heap after
{Heap after GC invocations=43 (full 0):
 garbage-first heap   total 1710080K, used 736420K [0x0000000300800000, 0x0000000400800000)
  region size 2048K, 6 young (12288K), 6 survivors (12288K)
 Metaspace       used 54772K, committed 55360K, reserved 1114112K
  class space    used 7438K, committed 7680K, reserved 1048576K
}
Event: 196.610 GC heap before
{Heap before GC invocations=43 (full 0):
 garbage-first heap   total 1710080K, used 808100K [0x0000000300800000, 0x0000000400800000)
  region size 2048K, 41 young (83968K), 6 survivors (12288K)
 Metaspace       used 54792K, committed 55360K, reserved 1114112K
  class space    used 7440K, committed 7680K, reserved 1048576K
}
Event: 196.612 GC heap after
{Heap after GC invocations=44 (full 0):
 garbage-first heap   total 1710080K, used 749534K [0x0000000300800000, 0x0000000400800000)
  region size 2048K, 5 young (10240K), 5 survivors (10240K)
 Metaspace       used 54792K, committed 55360K, reserved 1114112K
  class space    used 7440K, committed 7680K, reserved 1048576K
}
Event: 196.634 GC heap before
{Heap before GC invocations=44 (full 0):
 garbage-first heap   total 1710080K, used 835550K [0x0000000300800000, 0x0000000400800000)
  region size 2048K, 47 young (96256K), 5 survivors (10240K)
 Metaspace       used 54792K, committed 55360K, reserved 1114112K
  class space    used 7440K, committed 7680K, reserved 1048576K
}
Event: 196.639 GC heap after
{Heap after GC invocations=45 (full 0):
 garbage-first heap   total 1710080K, used 791127K [0x0000000300800000, 0x0000000400800000)
  region size 2048K, 6 young (12288K), 6 survivors (12288K)
 Metaspace       used 54792K, committed 55360K, reserved 1114112K
  class space    used 7440K, committed 7680K, reserved 1048576K
}
Event: 197.876 GC heap before
{Heap before GC invocations=45 (full 0):
 garbage-first heap   total 1710080K, used 877143K [0x0000000300800000, 0x0000000400800000)
  region size 2048K, 48 young (98304K), 6 survivors (12288K)
 Metaspace       used 55742K, committed 56320K, reserved 1114112K
  class space    used 7582K, committed 7872K, reserved 1048576K
}
Event: 197.880 GC heap after
{Heap after GC invocations=46 (full 0):
 garbage-first heap   total 2207744K, used 824626K [0x0000000300800000, 0x0000000400800000)
  region size 2048K, 6 young (12288K), 6 survivors (12288K)
 Metaspace       used 55742K, committed 56320K, reserved 1114112K
  class space    used 7582K, committed 7872K, reserved 1048576K
}
Event: 315.345 GC heap before
{Heap before GC invocations=46 (full 0):
 garbage-first heap   total 2207744K, used 931122K [0x0000000300800000, 0x0000000400800000)
  region size 2048K, 58 young (118784K), 6 survivors (12288K)
 Metaspace       used 56786K, committed 57344K, reserved 1114112K
  class space    used 7739K, committed 8000K, reserved 1048576K
}
Event: 315.355 GC heap after
{Heap after GC invocations=47 (full 0):
 garbage-first heap   total 2207744K, used 829707K [0x0000000300800000, 0x0000000400800000)
  region size 2048K, 2 young (4096K), 2 survivors (4096K)
 Metaspace       used 56786K, committed 57344K, reserved 1114112K
  class space    used 7739K, committed 8000K, reserved 1048576K
}

Dll operation events (14 events):
Event: 0.004 Loaded shared library /Users/jeff/.sdkman/candidates/java/17.0.18-tem/lib/libjava.dylib
Event: 0.023 Loaded shared library /Users/jeff/.sdkman/candidates/java/17.0.18-tem/lib/libnio.dylib
Event: 0.024 Loaded shared library /Users/jeff/.sdkman/candidates/java/17.0.18-tem/lib/libzip.dylib
Event: 0.038 Loaded shared library /Users/jeff/.sdkman/candidates/java/17.0.18-tem/lib/libverify.dylib
Event: 0.040 Loaded shared library /Users/jeff/.sdkman/candidates/java/17.0.18-tem/lib/libjimage.dylib
Event: 0.050 Loaded shared library /Users/jeff/.sdkman/candidates/java/17.0.18-tem/lib/libnet.dylib
Event: 0.124 Loaded shared library /Users/jeff/.sdkman/candidates/java/17.0.18-tem/lib/libextnet.dylib
Event: 0.765 Loading shared library /Users/jeff/.sdkman/candidates/java/17.0.18-tem/lib/libmongo_rust_core.dylib failed, dlopen(/Users/jeff/.sdkman/candidates/java/17.0.18-tem/lib/libmongo_rust_core.dylib, 0x0001): tried: '/Users/jeff/.sdkman/candidates/java/17.0.18-t
Event: 0.765 Loading shared library /Users/jeff/.sdkman/candidates/java/17.0.18-tem/lib/libmongo_rust_core.jnilib failed, dlopen(/Users/jeff/.sdkman/candidates/java/17.0.18-tem/lib/libmongo_rust_core.jnilib, 0x0001): tried: '/Users/jeff/.sdkman/candidates/java/17.0.18
Event: 0.766 Loaded shared library /Users/jeff/git/m/mongo-java-driver/build/jnaLibs/rust-core/libmongo_rust_core.dylib
Event: 1.168 Loaded shared library /Users/jeff/.sdkman/candidates/java/17.0.18-tem/lib/libinstrument.dylib
Event: 1.169 Loaded shared library /Users/jeff/.sdkman/candidates/java/17.0.18-tem/lib/libzip.dylib
Event: 1.169 Loaded shared library /Users/jeff/.sdkman/candidates/java/17.0.18-tem/lib/libinstrument.dylib
Event: 3.435 Loaded shared library /Users/jeff/Library/Caches/JNA/temp/jna14770782407988342416.tmp

Deoptimization events (20 events):
Event: 335.730 Thread 0x0000000104fd72d0 DEOPT PACKING pc=0x000000011ad86d10 sp=0x000000016b7e2670
Event: 335.730 Thread 0x0000000104fd72d0 DEOPT UNPACKING pc=0x000000011a3bf91c sp=0x000000016b7e2520 mode 2
Event: 335.750 Thread 0x0000000104fd72d0 Uncommon trap: trap_request=0xffffff45 fr.pc=0x000000011b0baf4c relative=0x0000000000000a0c
Event: 335.750 Thread 0x0000000104fd72d0 Uncommon trap: reason=unstable_if action=reinterpret pc=0x000000011b0baf4c method=java.io.BufferedReader.readLine(Z[Z)Ljava/lang/String; @ 209 c2
Event: 335.750 Thread 0x0000000104fd72d0 DEOPT PACKING pc=0x000000011b0baf4c sp=0x000000016b7e2a70
Event: 335.750 Thread 0x0000000104fd72d0 DEOPT UNPACKING pc=0x000000011a3bf91c sp=0x000000016b7e29c0 mode 2
Event: 335.758 Thread 0x0000000104fd72d0 Uncommon trap: trap_request=0xffffffc6 fr.pc=0x000000011b084b74 relative=0x0000000000001434
Event: 335.758 Thread 0x0000000104fd72d0 Uncommon trap: reason=bimorphic_or_optimized_type_check action=maybe_recompile pc=0x000000011b084b74 method=org.bson.BsonDocument.clone()Lorg/bson/BsonDocument; @ 53 c2
Event: 335.758 Thread 0x0000000104fd72d0 DEOPT PACKING pc=0x000000011b084b74 sp=0x000000016b7e2f20
Event: 335.758 Thread 0x0000000104fd72d0 DEOPT UNPACKING pc=0x000000011a3bf91c sp=0x000000016b7e2f40 mode 2
Event: 335.758 Thread 0x0000000104fd72d0 Uncommon trap: trap_request=0xffffffc6 fr.pc=0x000000011b084b74 relative=0x0000000000001434
Event: 335.758 Thread 0x0000000104fd72d0 Uncommon trap: reason=bimorphic_or_optimized_type_check action=maybe_recompile pc=0x000000011b084b74 method=org.bson.BsonDocument.clone()Lorg/bson/BsonDocument; @ 53 c2
Event: 335.758 Thread 0x0000000104fd72d0 DEOPT PACKING pc=0x000000011b084b74 sp=0x000000016b7e2dd0
Event: 335.758 Thread 0x0000000104fd72d0 DEOPT UNPACKING pc=0x000000011a3bf91c sp=0x000000016b7e2df0 mode 2
Event: 335.817 Thread 0x0000000104fd72d0 DEOPT PACKING pc=0x00000001143f29b8 sp=0x000000016b7e0d80
Event: 335.817 Thread 0x0000000104fd72d0 DEOPT UNPACKING pc=0x000000011a3bf77c sp=0x000000016b7e0b40 mode 3
Event: 335.821 Thread 0x0000000104fd72d0 Uncommon trap: trap_request=0xffffff45 fr.pc=0x000000011b0823a4 relative=0x0000000000000064
Event: 335.821 Thread 0x0000000104fd72d0 Uncommon trap: reason=unstable_if action=reinterpret pc=0x000000011b0823a4 method=reactor.core.publisher.Mono.onAssembly(Lreactor/core/publisher/Mono;)Lreactor/core/publisher/Mono; @ 5 c2
Event: 335.821 Thread 0x0000000104fd72d0 DEOPT PACKING pc=0x000000011b0823a4 sp=0x000000016b7e0a00
Event: 335.821 Thread 0x0000000104fd72d0 DEOPT UNPACKING pc=0x000000011a3bf91c sp=0x000000016b7e0970 mode 2

Classes loaded (20 events):
Event: 336.915 Loading class com/mongodb/client/unified/UnifiedCrudHelper
Event: 336.915 Loading class com/mongodb/client/unified/UnifiedCrudHelper done
Event: 336.915 Loading class com/mongodb/client/ClientSession
Event: 336.915 Loading class com/mongodb/client/ClientSession done
Event: 336.948 Loading class org/bson/codecs/pojo/CollectionPropertyCodecProvider$CollectionCodec
Event: 336.948 Loading class org/bson/codecs/pojo/CollectionPropertyCodecProvider$CollectionCodec done
Event: 336.948 Loading class org/bson/codecs/pojo/PropertyModel
Event: 336.948 Loading class org/bson/codecs/pojo/PropertyModel done
Event: 336.948 Loading class org/bson/codecs/pojo/PropertyModel
Event: 336.948 Loading class org/bson/codecs/pojo/PropertyModel done
Event: 336.949 Loading class org/bson/codecs/pojo/PojoCodecImpl
Event: 336.949 Loading class org/bson/codecs/pojo/PojoCodecImpl done
Event: 336.949 Loading class org/bson/BsonWriter
Event: 336.949 Loading class org/bson/BsonWriter done
Event: 336.949 Loading class org/bson/BsonValue
Event: 336.949 Loading class org/bson/BsonValue done
Event: 337.937 Loading class com/mongodb/internal/connection/OperationContext$1
Event: 337.937 Loading class com/mongodb/internal/connection/OperationContext$1 done
Event: 338.385 Loading class com/mongodb/client/unified/ValueMatcher$1
Event: 338.385 Loading class com/mongodb/client/unified/ValueMatcher$1 done

Classes unloaded (9 events):
Event: 1.235 Thread 0x0000000104feb820 Unloading class 0x00000088013ac800 'java/lang/invoke/LambdaForm$DMH+0x00000088013ac800'
Event: 40.396 Thread 0x0000000104feb820 Unloading class 0x0000008801594000 'java/lang/invoke/LambdaForm$MH+0x0000008801594000'
Event: 40.396 Thread 0x0000000104feb820 Unloading class 0x0000008801593c00 'java/lang/invoke/LambdaForm$MH+0x0000008801593c00'
Event: 40.396 Thread 0x0000000104feb820 Unloading class 0x0000008801593800 'java/lang/invoke/LambdaForm$MH+0x0000008801593800'
Event: 40.396 Thread 0x0000000104feb820 Unloading class 0x0000008801593400 'java/lang/invoke/LambdaForm$MH+0x0000008801593400'
Event: 40.396 Thread 0x0000000104feb820 Unloading class 0x0000008801593000 'java/lang/invoke/LambdaForm$BMH+0x0000008801593000'
Event: 40.396 Thread 0x0000000104feb820 Unloading class 0x0000008801592c00 'java/lang/invoke/LambdaForm$DMH+0x0000008801592c00'
Event: 40.396 Thread 0x0000000104feb820 Unloading class 0x0000008801590800 'java/lang/invoke/LambdaForm$DMH+0x0000008801590800'
Event: 40.396 Thread 0x0000000104feb820 Unloading class 0x0000008801528000 'net/bytebuddy/mirror/AccessibleObject'

Classes redefined (20 events):
Event: 1.337 Thread 0x0000000104feb820 redefined class name=java.util.concurrent.AbstractExecutorService, count=2
Event: 1.337 Thread 0x0000000104feb820 redefined class name=java.util.concurrent.ExecutorService, count=2
Event: 1.337 Thread 0x0000000104feb820 redefined class name=java.util.concurrent.ThreadPoolExecutor, count=3
Event: 176.798 Thread 0x0000000104feb820 redefined class name=com.mongodb.RequestContext, count=2
Event: 202.553 Thread 0x0000000104feb820 redefined class name=com.mongodb.reactivestreams.client.internal.OperationExecutor, count=2
Event: 202.575 Thread 0x0000000104feb820 redefined class name=com.mongodb.internal.async.AsyncBatchCursor, count=2
Event: 202.575 Thread 0x0000000104feb820 redefined class name=java.io.Closeable, count=2
Event: 202.575 Thread 0x0000000104feb820 redefined class name=java.lang.AutoCloseable, count=2
Event: 202.614 Thread 0x0000000104feb820 redefined class name=org.reactivestreams.Publisher, count=2
Event: 202.614 Thread 0x0000000104feb820 redefined class name=com.mongodb.reactivestreams.client.internal.BatchCursorPublisher, count=2
Event: 332.238 Thread 0x0000000104feb820 redefined class name=com.mongodb.internal.operation.ReadOperation, count=2
Event: 332.238 Thread 0x0000000104feb820 redefined class name=com.mongodb.internal.operation.ReadOperationCursor, count=2
Event: 332.279 Thread 0x0000000104feb820 redefined class name=com.mongodb.internal.operation.MapReduceStatistics, count=1
Event: 332.293 Thread 0x0000000104feb820 redefined class name=com.mongodb.internal.connection.Cluster, count=2
Event: 332.313 Thread 0x0000000104feb820 redefined class name=com.mongodb.internal.session.SessionPool, count=2
Event: 332.328 Thread 0x0000000104feb820 redefined class name=com.mongodb.reactivestreams.client.internal.ClientSessionHelper, count=2
Event: 332.340 Thread 0x0000000104feb820 redefined class name=com.mongodb.reactivestreams.client.ClientSession, count=2
Event: 332.340 Thread 0x0000000104feb820 redefined class name=com.mongodb.session.ClientSession, count=2
Event: 332.428 Thread 0x0000000104feb820 redefined class name=com.mongodb.reactivestreams.client.MongoCollection, count=2
Event: 332.465 Thread 0x0000000104feb820 redefined class name=com.mongodb.reactivestreams.client.MongoDatabase, count=2

Internal exceptions (20 events):
Event: 332.382 Thread 0x0000000104fd72d0 Implicit null exception at 0x00000001142199e8 to 0x000000011421a7dc
Event: 332.382 Thread 0x0000000104fd72d0 Exception <a 'java/lang/NullPointerException'{0x00000003847fdd90}> (0x00000003847fdd90) 
thrown [src/hotspot/share/runtime/sharedRuntime.cpp, line 631]
Event: 332.382 Thread 0x0000000104fd72d0 Implicit null exception at 0x00000001142199e8 to 0x000000011421a7dc
Event: 332.382 Thread 0x0000000104fd72d0 Exception <a 'java/lang/NullPointerException'{0x00000003847fe8b0}> (0x00000003847fe8b0) 
thrown [src/hotspot/share/runtime/sharedRuntime.cpp, line 631]
Event: 332.382 Thread 0x0000000104fd72d0 Implicit null exception at 0x00000001142199e8 to 0x000000011421a7dc
Event: 332.382 Thread 0x0000000104fd72d0 Exception <a 'java/lang/NullPointerException'{0x00000003847ff3d0}> (0x00000003847ff3d0) 
thrown [src/hotspot/share/runtime/sharedRuntime.cpp, line 631]
Event: 332.382 Thread 0x0000000104fd72d0 Implicit null exception at 0x00000001142199e8 to 0x000000011421a7dc
Event: 332.382 Thread 0x0000000104fd72d0 Exception <a 'java/lang/NullPointerException'{0x00000003844002f8}> (0x00000003844002f8) 
thrown [src/hotspot/share/runtime/sharedRuntime.cpp, line 631]
Event: 333.395 Thread 0x00000007de4c3600 Exception <a 'java/lang/InterruptedException'{0x0000000381e26708}: sleep interrupted> (0x0000000381e26708) 
thrown [src/hotspot/share/prims/jvm.cpp, line 3064]
Event: 334.640 Thread 0x00000007de4c1200 Exception <a 'java/lang/InterruptedException'{0x0000000381ef2758}: sleep interrupted> (0x0000000381ef2758) 
thrown [src/hotspot/share/prims/jvm.cpp, line 3064]
Event: 335.770 Thread 0x0000000104fd72d0 Exception <a 'java/lang/reflect/InvocationTargetException'{0x00000003812dc668}> (0x00000003812dc668) 
thrown [src/hotspot/share/runtime/reflection.cpp, line 1128]
Event: 335.816 Thread 0x0000000104fd72d0 Exception <a 'java/lang/NoSuchMethodError'{0x00000003813b18e8}: 'java.lang.Object java.lang.invoke.DirectMethodHandle$Holder.invokeVirtual(java.lang.Object, java.lang.Object, java.lang.Object, java.lang.Object)'> (0x00000003813b18e8) 
thrown [src/hotspot/share/interpreter/linkResolver.cpp, line 759]
Event: 335.851 Thread 0x00000007df645e00 Exception <a 'java/lang/InterruptedException'{0x0000000381175160}: sleep interrupted> (0x0000000381175160) 
thrown [src/hotspot/share/prims/jvm.cpp, line 3038]
Event: 335.853 Thread 0x00000007df5f3600 Exception <a 'java/lang/InterruptedException'{0x000000038114ff40}: sleep interrupted> (0x000000038114ff40) 
thrown [src/hotspot/share/prims/jvm.cpp, line 3064]
Event: 336.188 Thread 0x00000007e33ed800 Exception <a 'java/lang/InterruptedException'{0x0000000380df9cd0}: sleep interrupted> (0x0000000380df9cd0) 
thrown [src/hotspot/share/prims/jvm.cpp, line 3064]
Event: 336.190 Thread 0x00000007df5f3600 Exception <a 'java/lang/InterruptedException'{0x0000000380a25d38}: sleep interrupted> (0x0000000380a25d38) 
thrown [src/hotspot/share/prims/jvm.cpp, line 3064]
Event: 336.566 Thread 0x00000007e33ed800 Exception <a 'java/lang/InterruptedException'{0x000000038088e240}: sleep interrupted> (0x000000038088e240) 
thrown [src/hotspot/share/prims/jvm.cpp, line 3064]
Event: 336.568 Thread 0x00000007df5f0600 Exception <a 'java/lang/InterruptedException'{0x0000000380877660}: sleep interrupted> (0x0000000380877660) 
thrown [src/hotspot/share/prims/jvm.cpp, line 3064]
Event: 336.952 Thread 0x00000007df485200 Exception <a 'java/lang/InterruptedException'{0x0000000380372288}: sleep interrupted> (0x0000000380372288) 
thrown [src/hotspot/share/prims/jvm.cpp, line 3064]
Event: 338.388 Thread 0x00000007df485200 Exception <a 'java/lang/InterruptedException'{0x000000037ff8d148}: sleep interrupted> (0x000000037ff8d148) 
thrown [src/hotspot/share/prims/jvm.cpp, line 3064]

VM Operations (20 events):
Event: 332.455 Executing VM operation: ICBufferFull
Event: 332.455 Executing VM operation: ICBufferFull done
Event: 332.457 Executing VM operation: HandshakeAllThreads
Event: 332.457 Executing VM operation: HandshakeAllThreads done
Event: 332.460 Executing VM operation: RedefineClasses
Event: 332.472 Executing VM operation: RedefineClasses done
Event: 332.509 Executing VM operation: ICBufferFull
Event: 332.509 Executing VM operation: ICBufferFull done
Event: 333.514 Executing VM operation: Cleanup
Event: 333.514 Executing VM operation: Cleanup done
Event: 334.519 Executing VM operation: Cleanup
Event: 334.519 Executing VM operation: Cleanup done
Event: 335.524 Executing VM operation: Cleanup
Event: 335.524 Executing VM operation: Cleanup done
Event: 336.529 Executing VM operation: Cleanup
Event: 336.529 Executing VM operation: Cleanup done
Event: 337.532 Executing VM operation: Cleanup
Event: 337.532 Executing VM operation: Cleanup done
Event: 338.534 Executing VM operation: Cleanup
Event: 338.534 Executing VM operation: Cleanup done

Memory protections (20 events):
Event: 336.640 Protecting memory [0x0000000469c98000,0x0000000469ca4000] with protection modes 0
Event: 336.952 Protecting memory [0x0000000469c98000,0x0000000469ca4000] with protection modes 3
Event: 336.952 Protecting memory [0x0000000466760000,0x000000046676c000] with protection modes 3
Event: 336.952 Protecting memory [0x0000000469a8c000,0x0000000469a98000] with protection modes 3
Event: 336.952 Protecting memory [0x000000046696c000,0x0000000466978000] with protection modes 3
Event: 336.953 Protecting memory [0x0000000464cc4000,0x0000000464cd0000] with protection modes 3
Event: 336.953 Protecting memory [0x0000000469880000,0x000000046988c000] with protection modes 3
Event: 337.938 Protecting memory [0x0000000174a5c000,0x0000000174a68000] with protection modes 3
Event: 338.057 Protecting memory [0x0000000174a5c000,0x0000000174a68000] with protection modes 0
Event: 338.057 Protecting memory [0x0000000464cc4000,0x0000000464cd0000] with protection modes 0
Event: 338.057 Protecting memory [0x0000000466760000,0x000000046676c000] with protection modes 0
Event: 338.060 Protecting memory [0x0000000469674000,0x0000000469680000] with protection modes 0
Event: 338.070 Protecting memory [0x0000000469880000,0x000000046988c000] with protection modes 0
Event: 338.071 Protecting memory [0x0000000469a8c000,0x0000000469a98000] with protection modes 0
Event: 338.388 Protecting memory [0x0000000469a8c000,0x0000000469a98000] with protection modes 3
Event: 338.388 Protecting memory [0x0000000464cc4000,0x0000000464cd0000] with protection modes 3
Event: 338.388 Protecting memory [0x0000000469880000,0x000000046988c000] with protection modes 3
Event: 338.388 Protecting memory [0x0000000466760000,0x000000046676c000] with protection modes 3
Event: 338.389 Protecting memory [0x0000000174a5c000,0x0000000174a68000] with protection modes 3
Event: 338.389 Protecting memory [0x0000000469674000,0x0000000469680000] with protection modes 3

Nmethod flushes (20 events):
Event: 332.476 Thread 0x00000007e4e96a00 flushing  nmethod 0x0000000114192410
Event: 332.476 Thread 0x00000007e4e96a00 flushing  nmethod 0x0000000114197a10
Event: 332.476 Thread 0x00000007e4e96a00 flushing  nmethod 0x0000000114199710
Event: 332.476 Thread 0x00000007e4e96a00 flushing  nmethod 0x000000011419a110
Event: 332.476 Thread 0x00000007e4e96a00 flushing  nmethod 0x00000001141bb010
Event: 332.476 Thread 0x00000007e4e96a00 flushing  nmethod 0x0000000114210010
Event: 332.476 Thread 0x00000007e4e96a00 flushing  nmethod 0x0000000114215a90
Event: 332.476 Thread 0x00000007e4e96a00 flushing  nmethod 0x0000000114218490
Event: 332.476 Thread 0x00000007e4e96a00 flushing  nmethod 0x0000000114220c10
Event: 332.476 Thread 0x00000007e4e96a00 flushing  nmethod 0x0000000114223610
Event: 332.476 Thread 0x00000007e4e96a00 flushing  nmethod 0x0000000114223d90
Event: 332.476 Thread 0x00000007e4e96a00 flushing  nmethod 0x000000011429e810
Event: 332.476 Thread 0x00000007e4e96a00 flushing  nmethod 0x00000001142a5d90
Event: 332.476 Thread 0x00000007e4e96a00 flushing  nmethod 0x00000001142a6210
Event: 332.476 Thread 0x00000007e4e96a00 flushing  nmethod 0x00000001142a8610
Event: 332.476 Thread 0x00000007e4e96a00 flushing  nmethod 0x00000001142ae890
Event: 332.476 Thread 0x00000007e4e96a00 flushing  nmethod 0x00000001142bd410
Event: 332.476 Thread 0x00000007e4e96a00 flushing  nmethod 0x0000000114322a10
Event: 332.476 Thread 0x00000007e4e96a00 flushing  nmethod 0x0000000114326210
Event: 332.476 Thread 0x00000007e4e96a00 flushing  nmethod 0x000000011432c290

Events (20 events):
Event: 336.640 Thread 0x00000007deff0000 Thread added: 0x00000007df524c00
Event: 336.952 Thread 0x00000007df524c00 Thread exited: 0x00000007df524c00
Event: 336.952 Thread 0x00000007de864c00 Thread exited: 0x00000007de864c00
Event: 336.952 Thread 0x00000007df485200 Thread exited: 0x00000007df485200
Event: 336.953 Thread 0x00000007deff0000 Thread exited: 0x00000007deff0000
Event: 336.953 Thread 0x00000007de864000 Thread exited: 0x00000007de864000
Event: 336.953 Thread 0x00000007df646a00 Thread exited: 0x00000007df646a00
Event: 337.938 Thread 0x00000007df646400 Thread exited: 0x00000007df646400
Event: 338.057 Thread 0x0000000104fd72d0 Thread added: 0x00000007df524c00
Event: 338.057 Thread 0x0000000104fd72d0 Thread added: 0x00000007df646400
Event: 338.057 Thread 0x0000000104fd72d0 Thread added: 0x00000007df646a00
Event: 338.060 Thread 0x0000000104fd72d0 Thread added: 0x00000007deff0000
Event: 338.070 Thread 0x00000007df646a00 Thread added: 0x00000007df485200
Event: 338.071 Thread 0x00000007df646a00 Thread added: 0x00000007de864000
Event: 338.388 Thread 0x00000007de864000 Thread exited: 0x00000007de864000
Event: 338.388 Thread 0x00000007df646400 Thread exited: 0x00000007df646400
Event: 338.388 Thread 0x00000007df485200 Thread exited: 0x00000007df485200
Event: 338.388 Thread 0x00000007df646a00 Thread exited: 0x00000007df646a00
Event: 338.389 Thread 0x00000007df524c00 Thread exited: 0x00000007df524c00
Event: 338.389 Thread 0x00000007deff0000 Thread exited: 0x00000007deff0000


Dynamic libraries:
0x00000001048e8000 	/Users/jeff/.sdkman/candidates/java/17.0.18-tem/lib/libjli.dylib
0x00000001a6a2e000 	/System/Library/Frameworks/Cocoa.framework/Versions/A/Cocoa
0x000000018bdf3000 	/System/Library/Frameworks/AppKit.framework/Versions/C/AppKit
0x000000018f446000 	/System/Library/Frameworks/CoreData.framework/Versions/A/CoreData
0x00000001891ed000 	/System/Library/Frameworks/Foundation.framework/Versions/C/Foundation
0x00000001973fc000 	/usr/lib/libSystem.B.dylib
0x000000018d51f000 	/System/Library/PrivateFrameworks/UIFoundation.framework/Versions/A/UIFoundation
0x000000024117d000 	/System/Library/PrivateFrameworks/CollectionViewCore.framework/Versions/A/CollectionViewCore
0x000000019478d000 	/System/Library/PrivateFrameworks/XCTTargetBootstrap.framework/Versions/A/XCTTargetBootstrap
0x0000000199e5d000 	/System/Library/PrivateFrameworks/InternationalSupport.framework/Versions/A/InternationalSupport
0x000000019a1b7000 	/System/Library/PrivateFrameworks/UserActivity.framework/Versions/A/UserActivity
0x000000018fad6000 	/System/Library/PrivateFrameworks/BaseBoard.framework/Versions/A/BaseBoard
0x0000000249948000 	/System/Library/PrivateFrameworks/FrontBoard.framework/Versions/A/FrontBoard
0x00000001a1870000 	/System/Library/PrivateFrameworks/FrontBoardServices.framework/Versions/A/FrontBoardServices
0x0000000285885000 	/usr/lib/libRosetta.dylib
0x000000027913e000 	/System/Library/PrivateFrameworks/UIIntelligenceSupport.framework/Versions/A/UIIntelligenceSupport
0x00000002360da000 	/System/Library/Frameworks/SwiftUICore.framework/Versions/A/SwiftUICore
0x000000027f6ee000 	/System/Library/PrivateFrameworks/WritingTools.framework/Versions/A/WritingTools
0x000000027e53f000 	/System/Library/PrivateFrameworks/WindowManagement.framework/Versions/A/WindowManagement
0x0000000188e4c000 	/System/Library/Frameworks/SystemConfiguration.framework/Versions/A/SystemConfiguration
0x0000000199097000 	/usr/lib/libspindump.dylib
0x000000018d6da000 	/System/Library/Frameworks/UniformTypeIdentifiers.framework/Versions/A/UniformTypeIdentifiers
0x0000000196693000 	/usr/lib/libbsm.0.dylib
0x0000000191e97000 	/usr/lib/libapp_launch_measurement.dylib
0x0000000191199000 	/System/Library/PrivateFrameworks/CoreAnalytics.framework/Versions/A/CoreAnalytics
0x0000000191e9b000 	/System/Library/PrivateFrameworks/CoreAutoLayout.framework/Versions/A/CoreAutoLayout
0x0000000193cd8000 	/System/Library/Frameworks/Metal.framework/Versions/A/Metal
0x00000001950e0000 	/usr/lib/liblangid.dylib
0x0000000194793000 	/System/Library/PrivateFrameworks/CoreSVG.framework/Versions/A/CoreSVG
0x000000018e13b000 	/System/Library/PrivateFrameworks/SkyLight.framework/Versions/A/SkyLight
0x0000000249681000 	/System/Library/PrivateFrameworks/FocusEngine.framework/Versions/A/FocusEngine
0x000000018e6e2000 	/System/Library/Frameworks/CoreGraphics.framework/Versions/A/CoreGraphics
0x000000024727c000 	/System/Library/PrivateFrameworks/DesignLibrary.framework/Versions/A/DesignLibrary
0x000000019fb38000 	/System/Library/Frameworks/Accelerate.framework/Versions/A/Accelerate
0x0000000198e8c000 	/System/Library/PrivateFrameworks/IconServices.framework/Versions/A/IconServices
0x0000000193cb0000 	/System/Library/Frameworks/IOSurface.framework/Versions/A/IOSurface
0x00000001911c9000 	/usr/lib/libDiagnosticMessagesClient.dylib
0x0000000197345000 	/usr/lib/libz.1.dylib
0x00000001a3e60000 	/System/Library/Frameworks/ApplicationServices.framework/Versions/A/ApplicationServices
0x0000000194778000 	/System/Library/PrivateFrameworks/DFRFoundation.framework/Versions/A/DFRFoundation
0x000000018b642000 	/usr/lib/libicucore.A.dylib
0x000000019b3f4000 	/System/Library/Frameworks/AudioToolbox.framework/Versions/A/AudioToolbox
0x000000019a165000 	/System/Library/PrivateFrameworks/DataDetectorsCore.framework/Versions/A/DataDetectorsCore
0x0000000279d4d000 	/System/Library/PrivateFrameworks/UpdateCycle.framework/Versions/A/UpdateCycle
0x00000001b8050000 	/System/Library/PrivateFrameworks/TextInput.framework/Versions/A/TextInput
0x000000018e07d000 	/usr/lib/libMobileGestalt.dylib
0x0000000194474000 	/System/Library/Frameworks/Carbon.framework/Versions/A/Frameworks/HIToolbox.framework/Versions/A/HIToolbox
0x00000001916fe000 	/System/Library/Frameworks/QuartzCore.framework/Versions/A/QuartzCore
0x000000018b21d000 	/System/Library/Frameworks/Security.framework/Versions/A/Security
0x000000019f4b7000 	/System/Library/Frameworks/Carbon.framework/Versions/A/Frameworks/SpeechRecognition.framework/Versions/A/SpeechRecognition
0x0000000191b66000 	/System/Library/PrivateFrameworks/CoreUI.framework/Versions/A/CoreUI
0x000000018aa6b000 	/System/Library/Frameworks/CoreAudio.framework/Versions/A/CoreAudio
0x00000001912bd000 	/System/Library/Frameworks/DiskArbitration.framework/Versions/A/DiskArbitration
0x0000000199637000 	/System/Library/PrivateFrameworks/MultitouchSupport.framework/Versions/A/MultitouchSupport
0x000000018e07b000 	/usr/lib/libenergytrace.dylib
0x00000001ab53c000 	/System/Library/PrivateFrameworks/RenderBox.framework/Versions/A/RenderBox
0x000000018bc9a000 	/System/Library/Frameworks/IOKit.framework/Versions/A/IOKit
0x000000019f8c1000 	/System/Library/Frameworks/CoreServices.framework/Versions/A/CoreServices
0x0000000191e28000 	/System/Library/PrivateFrameworks/PerformanceAnalysis.framework/Versions/A/PerformanceAnalysis
0x000000022bac4000 	/System/Library/Frameworks/OpenGL.framework/Versions/A/OpenGL
0x0000000191ee5000 	/usr/lib/libxml2.2.dylib
0x0000000196574000 	/System/Library/PrivateFrameworks/MobileKeyBag.framework/Versions/A/MobileKeyBag
0x0000000187504000 	/usr/lib/libobjc.A.dylib
0x000000018786a000 	/usr/lib/libc++.1.dylib
0x000000019f83e000 	/System/Library/Frameworks/Accessibility.framework/Versions/A/Accessibility
0x000000018ee3c000 	/System/Library/Frameworks/ColorSync.framework/Versions/A/ColorSync
0x000000018799b000 	/System/Library/Frameworks/CoreFoundation.framework/Versions/A/CoreFoundation
0x0000000194b20000 	/System/Library/Frameworks/CoreImage.framework/Versions/A/CoreImage
0x000000018a83e000 	/System/Library/Frameworks/CoreText.framework/Versions/A/CoreText
0x000000022d3ce000 	/System/Library/Frameworks/CoreTransferable.framework/Versions/A/CoreTransferable
0x000000022d90a000 	/System/Library/Frameworks/DataDetection.framework/Versions/A/DataDetection
0x000000022d91f000 	/System/Library/Frameworks/DeveloperToolsSupport.framework/Versions/A/DeveloperToolsSupport
0x00000001947d1000 	/System/Library/Frameworks/ImageIO.framework/Versions/A/ImageIO
0x0000000237050000 	/System/Library/Frameworks/Symbols.framework/Versions/A/Symbols
0x00000001bd275000 	/System/Library/PrivateFrameworks/AttributeGraph.framework/Versions/A/AttributeGraph
0x00000001a194f000 	/System/Library/PrivateFrameworks/BoardServices.framework/Versions/A/BoardServices
0x00000001e1a31000 	/System/Library/PrivateFrameworks/FeatureFlags.framework/Versions/A/FeatureFlags
0x00000002528c1000 	/System/Library/PrivateFrameworks/Gestures.framework/Versions/A/Gestures
0x0000000197401000 	/System/Library/PrivateFrameworks/SoftLinking.framework/Versions/A/SoftLinking
0x00000001cbb16000 	/usr/lib/swift/libswiftAccelerate.dylib
0x00000001c1f90000 	/usr/lib/swift/libswiftCompression.dylib
0x000000019ad5c000 	/usr/lib/swift/libswiftCore.dylib
0x00000001b4326000 	/usr/lib/swift/libswiftCoreFoundation.dylib
0x00000001b437f000 	/usr/lib/swift/libswiftCoreImage.dylib
0x00000001a15eb000 	/usr/lib/swift/libswiftDispatch.dylib
0x00000001b4380000 	/usr/lib/swift/libswiftIOKit.dylib
0x00000001c1f83000 	/usr/lib/swift/libswiftMetal.dylib
0x00000001d1305000 	/usr/lib/swift/libswiftOSLog.dylib
0x00000001a44b1000 	/usr/lib/swift/libswiftObjectiveC.dylib
0x0000000286ac3000 	/usr/lib/swift/libswiftObservation.dylib
0x00000001c729c000 	/usr/lib/swift/libswiftQuartzCore.dylib
0x0000000286c02000 	/usr/lib/swift/libswiftSynchronization.dylib
0x00000001cbb07000 	/usr/lib/swift/libswiftUniformTypeIdentifiers.dylib
0x00000001b4338000 	/usr/lib/swift/libswiftXPC.dylib
0x0000000286c3c000 	/usr/lib/swift/libswift_Builtin_float.dylib
0x0000000286c3f000 	/usr/lib/swift/libswift_Concurrency.dylib
0x00000001a44b5000 	/usr/lib/swift/libswiftos.dylib
0x00000001b7de0000 	/usr/lib/swift/libswiftsimd.dylib
0x0000000197628000 	/usr/lib/libcompression.dylib
0x0000000199dbd000 	/System/Library/PrivateFrameworks/TextureIO.framework/Versions/A/TextureIO
0x000000018efe8000 	/System/Library/Frameworks/ApplicationServices.framework/Versions/A/Frameworks/HIServices.framework/Versions/A/HIServices
0x0000000198b15000 	/usr/lib/libate.dylib
0x00000001973f6000 	/usr/lib/system/libcache.dylib
0x00000001973b1000 	/usr/lib/system/libcommonCrypto.dylib
0x00000001973dc000 	/usr/lib/system/libcompiler_rt.dylib
0x00000001973d1000 	/usr/lib/system/libcopyfile.dylib
0x00000001876a4000 	/usr/lib/system/libcorecrypto.dylib
0x000000018779d000 	/usr/lib/system/libdispatch.dylib
0x0000000187558000 	/usr/lib/system/libdyld.dylib
0x00000001973ec000 	/usr/lib/system/libkeymgr.dylib
0x0000000197394000 	/usr/lib/system/libmacho.dylib
0x000000019666b000 	/usr/lib/system/libquarantine.dylib
0x00000001973e9000 	/usr/lib/system/libremovefile.dylib
0x000000018e0fe000 	/usr/lib/system/libsystem_asl.dylib
0x0000000187629000 	/usr/lib/system/libsystem_blocks.dylib
0x00000001877e7000 	/usr/lib/system/libsystem_c.dylib
0x00000001973e0000 	/usr/lib/system/libsystem_collections.dylib
0x00000001950cd000 	/usr/lib/system/libsystem_configuration.dylib
0x0000000193c77000 	/usr/lib/system/libsystem_containermanager.dylib
0x0000000196dfb000 	/usr/lib/system/libsystem_coreservices.dylib
0x000000018b914000 	/usr/lib/system/libsystem_darwin.dylib
0x0000000286f92000 	/usr/lib/system/libsystem_darwindirectory.dylib
0x00000001973ed000 	/usr/lib/system/libsystem_dnssd.dylib
0x0000000286f96000 	/usr/lib/system/libsystem_eligibility.dylib
0x00000001877e4000 	/usr/lib/system/libsystem_featureflags.dylib
0x000000018796b000 	/usr/lib/system/libsystem_info.dylib
0x0000000197355000 	/usr/lib/system/libsystem_m.dylib
0x0000000187751000 	/usr/lib/system/libsystem_malloc.dylib
0x000000018e060000 	/usr/lib/system/libsystem_networkextension.dylib
0x000000018bd85000 	/usr/lib/system/libsystem_notify.dylib
0x00000001950d2000 	/usr/lib/system/libsystem_sandbox.dylib
0x0000000286fa0000 	/usr/lib/system/libsystem_sanitizers.dylib
0x00000001973e5000 	/usr/lib/system/libsystem_secinit.dylib
0x0000000187918000 	/usr/lib/system/libsystem_kernel.dylib
0x0000000187962000 	/usr/lib/system/libsystem_platform.dylib
0x0000000187955000 	/usr/lib/system/libsystem_pthread.dylib
0x000000018fcba000 	/usr/lib/system/libsystem_symptoms.dylib
0x0000000187683000 	/usr/lib/system/libsystem_trace.dylib
0x0000000286fa8000 	/usr/lib/system/libsystem_trial.dylib
0x00000001973bf000 	/usr/lib/system/libunwind.dylib
0x000000018762d000 	/usr/lib/system/libxpc.dylib
0x00000001878fd000 	/usr/lib/libc++abi.dylib
0x00000002867d3000 	/usr/lib/libswiftPrespecialized.dylib
0x00000001973fe000 	/usr/lib/libfakelink.dylib
0x000000018dca4000 	/System/Library/Frameworks/CFNetwork.framework/Versions/A/CFNetwork
0x0000000197452000 	/usr/lib/libarchive.2.dylib
0x000000019d5cc000 	/System/Library/Frameworks/Combine.framework/Versions/A/Combine
0x00000002411a2000 	/System/Library/PrivateFrameworks/CollectionsInternal.framework/Versions/A/CollectionsInternal
0x00000002682e7000 	/System/Library/PrivateFrameworks/ReflectionInternal.framework/Versions/A/ReflectionInternal
0x0000000269173000 	/System/Library/PrivateFrameworks/RuntimeInternal.framework/Versions/A/RuntimeInternal
0x00000001b11d0000 	/usr/lib/swift/libswiftDarwin.dylib
0x0000000286c0a000 	/usr/lib/swift/libswiftSystem.dylib
0x0000000286cc9000 	/usr/lib/swift/libswift_DarwinFoundation1.dylib
0x0000000286daa000 	/usr/lib/swift/libswift_StringProcessing.dylib
0x000000018bc19000 	/System/Library/PrivateFrameworks/CoreServicesInternal.framework/Versions/A/CoreServicesInternal
0x00000001973c9000 	/usr/lib/liboah.dylib
0x00000001a38fe000 	/System/Library/PrivateFrameworks/DiskImages.framework/Versions/A/DiskImages
0x00000001b0c92000 	/System/Library/Frameworks/NetFS.framework/Versions/A/NetFS
0x0000000191e5f000 	/System/Library/Frameworks/CoreServices.framework/Versions/A/Frameworks/FSEvents.framework/Versions/A/FSEvents
0x000000018b91f000 	/System/Library/Frameworks/CoreServices.framework/Versions/A/Frameworks/CarbonCore.framework/Versions/A/CarbonCore
0x0000000191231000 	/System/Library/Frameworks/CoreServices.framework/Versions/A/Frameworks/Metadata.framework/Versions/A/Metadata
0x0000000196e03000 	/System/Library/Frameworks/CoreServices.framework/Versions/A/Frameworks/OSServices.framework/Versions/A/OSServices
0x000000019754a000 	/System/Library/Frameworks/CoreServices.framework/Versions/A/Frameworks/SearchKit.framework/Versions/A/SearchKit
0x000000018fc33000 	/System/Library/Frameworks/CoreServices.framework/Versions/A/Frameworks/AE.framework/Versions/A/AE
0x0000000187ee5000 	/System/Library/Frameworks/CoreServices.framework/Versions/A/Frameworks/LaunchServices.framework/Versions/A/LaunchServices
0x000000019896b000 	/System/Library/Frameworks/CoreServices.framework/Versions/A/Frameworks/DictionaryServices.framework/Versions/A/DictionaryServices
0x0000000191e6d000 	/System/Library/Frameworks/CoreServices.framework/Versions/A/Frameworks/SharedFileList.framework/Versions/A/SharedFileList
0x00000001975df000 	/usr/lib/libapple_nghttp2.dylib
0x000000018f84d000 	/usr/lib/libsqlite3.dylib
0x00000001a3b46000 	/System/Library/PrivateFrameworks/AppSupport.framework/Versions/A/AppSupport
0x000000019ba8e000 	/System/Library/Frameworks/GSS.framework/Versions/A/GSS
0x000000018fbc7000 	/System/Library/PrivateFrameworks/RunningBoardServices.framework/Versions/A/RunningBoardServices
0x00000001a443f000 	/System/Library/PrivateFrameworks/StreamingZip.framework/Versions/A/StreamingZip
0x000000018fcc3000 	/System/Library/Frameworks/Network.framework/Versions/A/Network
0x0000000197398000 	/usr/lib/system/libkxld.dylib
0x000000023ca41000 	/System/Library/PrivateFrameworks/AppleKeyStore.framework/Versions/A/AppleKeyStore
0x0000000285568000 	/usr/lib/libCoreEntitlements.dylib
0x000000025e1f0000 	/System/Library/PrivateFrameworks/MessageSecurity.framework/Versions/A/MessageSecurity
0x000000018f831000 	/System/Library/PrivateFrameworks/ProtocolBuffer.framework/Versions/A/ProtocolBuffer
0x00000001a09ec000 	/System/Library/PrivateFrameworks/SymptomDiagnosticReporter.framework/Versions/A/SymptomDiagnosticReporter
0x0000000198baf000 	/System/Library/PrivateFrameworks/CrashReporterSupport.framework/Versions/A/CrashReporterSupport
0x0000000196de2000 	/System/Library/PrivateFrameworks/AppleFSCompression.framework/Versions/A/AppleFSCompression
0x000000019667b000 	/usr/lib/libcoretls.dylib
0x00000001989e2000 	/usr/lib/libcoretls_cfhelpers.dylib
0x0000000197621000 	/usr/lib/libpam.2.dylib
0x0000000198a54000 	/usr/lib/libxar.1.dylib
0x00000001989e4000 	/System/Library/PrivateFrameworks/APFS.framework/Versions/A/APFS
0x0000000273bf9000 	/System/Library/PrivateFrameworks/SwiftASN1Internal.framework/Versions/A/SwiftASN1Internal
0x0000000198a63000 	/usr/lib/libutil.dylib
0x00000001950db000 	/System/Library/PrivateFrameworks/AppleSystemInfo.framework/Versions/A/AppleSystemInfo
0x0000000196363000 	/System/Library/PrivateFrameworks/IOMobileFramebuffer.framework/Versions/A/IOMobileFramebuffer
0x00000001b41ec000 	/System/Library/PrivateFrameworks/LoggingSupport.framework/Versions/A/LoggingSupport
0x000000019baf1000 	/System/Library/PrivateFrameworks/MobileAsset.framework/Versions/A/MobileAsset
0x00000001a09fc000 	/System/Library/PrivateFrameworks/PowerLog.framework/Versions/A/PowerLog
0x0000000235f6c000 	/System/Library/Frameworks/SwiftData.framework/Versions/A/SwiftData
0x0000000192092000 	/System/Library/PrivateFrameworks/UserManagement.framework/Versions/A/UserManagement
0x000000018dbcf000 	/usr/lib/libboringssl.dylib
0x000000018fca8000 	/usr/lib/libdns_services.dylib
0x00000001b3226000 	/usr/lib/libquic.dylib
0x000000019acec000 	/usr/lib/libusrtcp.dylib
0x000000023d833000 	/System/Library/PrivateFrameworks/AtomicsInternal.framework/Versions/A/AtomicsInternal
0x00000001d9b91000 	/System/Library/PrivateFrameworks/InternalSwiftProtobuf.framework/Versions/A/InternalSwiftProtobuf
0x0000000286a9a000 	/usr/lib/swift/libswiftDistributed.dylib
0x00000001950d9000 	/System/Library/PrivateFrameworks/AggregateDictionary.framework/Versions/A/AggregateDictionary
0x000000023dfc6000 	/System/Library/PrivateFrameworks/BiomeLibrary.framework/Versions/A/BiomeLibrary
0x00000001c2fa3000 	/System/Library/PrivateFrameworks/BiomeStreams.framework/Versions/A/BiomeStreams
0x00000001bf16e000 	/System/Library/PrivateFrameworks/BiomeFoundation.framework/Versions/A/BiomeFoundation
0x00000001c9061000 	/System/Library/PrivateFrameworks/BiomePubSub.framework/Versions/A/BiomePubSub
0x00000001a5469000 	/System/Library/PrivateFrameworks/ProactiveSupport.framework/Versions/A/ProactiveSupport
0x00000001989c3000 	/usr/lib/liblzma.5.dylib
0x00000001a3e61000 	/System/Library/PrivateFrameworks/InternationalTextSearch.framework/Versions/A/InternationalTextSearch
0x00000001bb672000 	/System/Library/PrivateFrameworks/SoftwareUpdateCoreSupport.framework/Versions/A/SoftwareUpdateCoreSupport
0x00000001c3a27000 	/System/Library/PrivateFrameworks/SoftwareUpdateCoreConnect.framework/Versions/A/SoftwareUpdateCoreConnect
0x00000001a39fc000 	/System/Library/PrivateFrameworks/RemoteServiceDiscovery.framework/Versions/A/RemoteServiceDiscovery
0x00000001bb269000 	/System/Library/PrivateFrameworks/MSUDataAccessor.framework/Versions/A/MSUDataAccessor
0x00000001b6348000 	/usr/lib/libbootpolicy.dylib
0x00000001a3a13000 	/System/Library/PrivateFrameworks/RemoteXPC.framework/Versions/A/RemoteXPC
0x00000001c2e6f000 	/usr/lib/libFDR.dylib
0x00000001c8c82000 	/usr/lib/libamsupport.dylib
0x000000028587d000 	/usr/lib/libReverseProxyDevice.dylib
0x000000023c36a000 	/System/Library/PrivateFrameworks/AppleDeviceQuerySupport.framework/Versions/A/AppleDeviceQuerySupport
0x00000001cbd16000 	/usr/lib/libpartition2_dynamic.dylib
0x00000001975bb000 	/System/Library/PrivateFrameworks/AppleSauce.framework/Versions/A/AppleSauce
0x0000000285409000 	/usr/lib/libAppleArchive.dylib
0x0000000196dee000 	/usr/lib/libbz2.1.0.dylib
0x00000001912c7000 	/System/Library/Frameworks/Accelerate.framework/Versions/A/Frameworks/vImage.framework/Versions/A/vImage
0x000000019f89b000 	/System/Library/Frameworks/Accelerate.framework/Versions/A/Frameworks/vecLib.framework/Versions/A/vecLib
0x0000000198a9a000 	/System/Library/Frameworks/Accelerate.framework/Versions/A/Frameworks/vecLib.framework/Versions/A/libvMisc.dylib
0x00000001883e5000 	/System/Library/Frameworks/Accelerate.framework/Versions/A/Frameworks/vecLib.framework/Versions/A/libBLAS.dylib
0x0000000191fcc000 	/System/Library/Frameworks/CoreVideo.framework/Versions/A/CoreVideo
0x000000019b695000 	/System/Library/Frameworks/ApplicationServices.framework/Versions/A/Frameworks/ATS.framework/Versions/A/ATS
0x0000000199d46000 	/System/Library/Frameworks/ApplicationServices.framework/Versions/A/Frameworks/PrintCore.framework/Versions/A/PrintCore
0x000000019ba57000 	/System/Library/Frameworks/ApplicationServices.framework/Versions/A/Frameworks/QD.framework/Versions/A/QD
0x000000019ba52000 	/System/Library/Frameworks/ApplicationServices.framework/Versions/A/Frameworks/ColorSyncLegacy.framework/Versions/A/ColorSyncLegacy
0x000000019b667000 	/System/Library/Frameworks/ApplicationServices.framework/Versions/A/Frameworks/SpeechSynthesis.framework/Versions/A/SpeechSynthesis
0x00000001941a2000 	/System/Library/PrivateFrameworks/FontServices.framework/libFontParser.dylib
0x00000001a3722000 	/System/Library/PrivateFrameworks/BackBoardServices.framework/Versions/A/BackBoardServices
0x000000023dedf000 	/System/Library/PrivateFrameworks/BackBoardHIDEventFoundation.framework/Versions/A/BackBoardHIDEventFoundation
0x000000018a34f000 	/System/Library/Frameworks/CoreDisplay.framework/Versions/A/CoreDisplay
0x000000019967d000 	/System/Library/Frameworks/VideoToolbox.framework/Versions/A/VideoToolbox
0x000000019761f000 	/System/Library/Frameworks/MetalPerformanceShaders.framework/Versions/A/MetalPerformanceShaders
0x000000026738a000 	/System/Library/PrivateFrameworks/ProDisplayLibrary.framework/Versions/A/ProDisplayLibrary
0x00000001a7500000 	/System/Library/PrivateFrameworks/IOSurfaceAccelerator.framework/Versions/A/IOSurfaceAccelerator
0x0000000193ccd000 	/System/Library/PrivateFrameworks/IOAccelerator.framework/Versions/A/IOAccelerator
0x0000000193fe5000 	/System/Library/Frameworks/CoreMedia.framework/Versions/A/CoreMedia
0x000000018e116000 	/System/Library/PrivateFrameworks/TCC.framework/Versions/A/TCC
0x0000000199635000 	/System/Library/PrivateFrameworks/WatchdogClient.framework/Versions/A/WatchdogClient
0x00000001c90bf000 	/System/Library/PrivateFrameworks/BiomeStorage.framework/Versions/A/BiomeStorage
0x0000000258850000 	/System/Library/PrivateFrameworks/IntelligencePlatformLibrary.framework/Versions/A/IntelligencePlatformLibrary
0x0000000266689000 	/System/Library/PrivateFrameworks/PoirotSchematizer.framework/Versions/A/PoirotSchematizer
0x000000023e80e000 	/System/Library/PrivateFrameworks/BiomeSync.framework/Versions/A/BiomeSync
0x000000023dfac000 	/System/Library/PrivateFrameworks/BiomeDSL.framework/Versions/A/BiomeDSL
0x00000002666f3000 	/System/Library/PrivateFrameworks/PoirotUDFs.framework/Versions/A/PoirotUDFs
0x0000000266658000 	/System/Library/PrivateFrameworks/PoirotSQLite.framework/Versions/A/PoirotSQLite
0x00000001a1e6c000 	/System/Library/PrivateFrameworks/CoreTime.framework/Versions/A/CoreTime
0x0000000197437000 	/usr/lib/libiconv.2.dylib
0x0000000197393000 	/usr/lib/libcharset.1.dylib
0x0000000286d0a000 	/usr/lib/swift/libswift_RegexParser.dylib
0x000000023fe1c000 	/System/Library/PrivateFrameworks/CascadeSets.framework/Versions/A/CascadeSets
0x000000019bc61000 	/System/Library/PrivateFrameworks/CorePhoneNumbers.framework/Versions/A/CorePhoneNumbers
0x000000019941d000 	/System/Library/PrivateFrameworks/AppleJPEG.framework/Versions/A/AppleJPEG
0x0000000198e07000 	/usr/lib/libexpat.1.dylib
0x0000000199c19000 	/System/Library/Frameworks/ImageIO.framework/Versions/A/Resources/libPng.dylib
0x0000000199c45000 	/System/Library/Frameworks/ImageIO.framework/Versions/A/Resources/libTIFF.dylib
0x0000000199d2f000 	/System/Library/Frameworks/ImageIO.framework/Versions/A/Resources/libGIF.dylib
0x0000000199462000 	/System/Library/Frameworks/ImageIO.framework/Versions/A/Resources/libJP2.dylib
0x0000000199cd5000 	/System/Library/Frameworks/ImageIO.framework/Versions/A/Resources/libJPEG.dylib
0x0000000199ccc000 	/System/Library/Frameworks/ImageIO.framework/Versions/A/Resources/libRadiance.dylib
0x000000024f02f000 	/System/Library/PrivateFrameworks/GPUCompiler.framework/Versions/32023/Libraries/libllvm-flatbuffers.dylib
0x000000024993b000 	/System/Library/PrivateFrameworks/FramePacing.framework/Versions/A/FramePacing
0x000000022bab6000 	/System/Library/Frameworks/OpenGL.framework/Versions/A/Libraries/libCoreFSCache.dylib
0x000000024aa7c000 	/System/Library/PrivateFrameworks/GPUCompiler.framework/Versions/32023/Libraries/libGPUCompilerUtils.dylib
0x00000001a1a1c000 	/System/Library/PrivateFrameworks/GraphicsServices.framework/Versions/A/GraphicsServices
0x00000001a55f5000 	/System/Library/PrivateFrameworks/ASEProcessing.framework/Versions/A/ASEProcessing
0x00000001d5360000 	/System/Library/PrivateFrameworks/Symbolication.framework/Versions/A/Symbolication
0x0000000266275000 	/System/Library/PrivateFrameworks/PhotosensitivityProcessing.framework/Versions/A/PhotosensitivityProcessing
0x0000000199039000 	/System/Library/PrivateFrameworks/GraphVisualizer.framework/Versions/A/GraphVisualizer
0x000000022bb15000 	/System/Library/Frameworks/OpenGL.framework/Versions/A/Libraries/libGLU.dylib
0x000000022bad8000 	/System/Library/Frameworks/OpenGL.framework/Versions/A/Libraries/libGFXShared.dylib
0x000000022bca4000 	/System/Library/Frameworks/OpenGL.framework/Versions/A/Libraries/libGL.dylib
0x000000022bae1000 	/System/Library/Frameworks/OpenGL.framework/Versions/A/Libraries/libGLImage.dylib
0x000000022bad5000 	/System/Library/Frameworks/OpenGL.framework/Versions/A/Libraries/libCVMSPluginSupport.dylib
0x000000022babe000 	/System/Library/Frameworks/OpenGL.framework/Versions/A/Libraries/libCoreVMClient.dylib
0x0000000249846000 	/System/Library/PrivateFrameworks/FontServices.framework/Versions/A/FontServices
0x0000000199049000 	/System/Library/PrivateFrameworks/OTSVG.framework/Versions/A/OTSVG
0x0000000191b13000 	/System/Library/Frameworks/ApplicationServices.framework/Versions/A/Frameworks/ATS.framework/Versions/A/Resources/libFontRegistry.dylib
0x0000000285d8d000 	/usr/lib/libhvf.dylib
0x00000002630ad000 	/System/Library/PrivateFrameworks/ParsingInternal.framework/Versions/A/ParsingInternal
0x000000024984a000 	/System/Library/PrivateFrameworks/FontServices.framework/libXTFontStaticRegistryData.dylib
0x0000000195018000 	/System/Library/Frameworks/MetalPerformanceShaders.framework/Versions/A/Frameworks/MPSCore.framework/Versions/A/MPSCore
0x0000000196d4d000 	/System/Library/Frameworks/MetalPerformanceShaders.framework/Versions/A/Frameworks/MPSImage.framework/Versions/A/MPSImage
0x000000019671e000 	/System/Library/Frameworks/MetalPerformanceShaders.framework/Versions/A/Frameworks/MPSNeuralNetwork.framework/Versions/A/MPSNeuralNetwork
0x0000000196b56000 	/System/Library/Frameworks/MetalPerformanceShaders.framework/Versions/A/Frameworks/MPSMatrix.framework/Versions/A/MPSMatrix
0x000000019696b000 	/System/Library/Frameworks/MetalPerformanceShaders.framework/Versions/A/Frameworks/MPSRayIntersector.framework/Versions/A/MPSRayIntersector
0x0000000196b88000 	/System/Library/Frameworks/MetalPerformanceShaders.framework/Versions/A/Frameworks/MPSNDArray.framework/Versions/A/MPSNDArray
0x000000022fc4d000 	/System/Library/Frameworks/MetalPerformanceShaders.framework/Versions/A/Frameworks/MPSFunctions.framework/Versions/A/MPSFunctions
0x000000022fc2e000 	/System/Library/Frameworks/MetalPerformanceShaders.framework/Versions/A/Frameworks/MPSBenchmarkLoop.framework/Versions/A/MPSBenchmarkLoop
0x000000022fc62000 	/System/Library/Frameworks/MetalPerformanceShaders.framework/Versions/A/Frameworks/MPSHost.framework/Versions/A/MPSHost
0x0000000188201000 	/System/Library/PrivateFrameworks/MetalTools.framework/Versions/A/MetalTools
0x00000001b948c000 	/System/Library/PrivateFrameworks/IOAccelMemoryInfo.framework/Versions/A/IOAccelMemoryInfo
0x00000001c7692000 	/System/Library/PrivateFrameworks/kperf.framework/Versions/A/kperf
0x00000001b4302000 	/System/Library/PrivateFrameworks/GPURawCounter.framework/Versions/A/GPURawCounter
0x00000001a1d55000 	/System/Library/PrivateFrameworks/CoreSymbolication.framework/Versions/A/CoreSymbolication
0x00000001b4279000 	/System/Library/PrivateFrameworks/MallocStackLogging.framework/Versions/A/MallocStackLogging
0x00000001a1d32000 	/System/Library/PrivateFrameworks/DebugSymbols.framework/Versions/A/DebugSymbols
0x00000001c5ef8000 	/System/Library/PrivateFrameworks/OSAnalytics.framework/Versions/A/OSAnalytics
0x0000000247733000 	/System/Library/PrivateFrameworks/DeviceRecovery.framework/Versions/A/DeviceRecovery
0x000000022da64000 	/System/Library/Frameworks/ExtensionFoundation.framework/Versions/A/ExtensionFoundation
0x000000019908a000 	/System/Library/PrivateFrameworks/AppServerSupport.framework/Versions/A/AppServerSupport
0x000000022edcc000 	/System/Library/Frameworks/LightweightCodeRequirements.framework/Versions/A/LightweightCodeRequirements
0x0000000198d06000 	/System/Library/PrivateFrameworks/PlugInKit.framework/Versions/A/PlugInKit
0x000000019658c000 	/System/Library/PrivateFrameworks/AssertionServices.framework/Versions/A/AssertionServices
0x0000000198e2c000 	/System/Library/PrivateFrameworks/IconFoundation.framework/Versions/A/IconFoundation
0x0000000255752000 	/System/Library/PrivateFrameworks/IconRendering.framework/Versions/A/IconRendering
0x0000000269324000 	/System/Library/PrivateFrameworks/SFSymbols.framework/Versions/A/SFSymbols
0x000000018a473000 	/System/Library/PrivateFrameworks/AudioToolboxCore.framework/Versions/A/AudioToolboxCore
0x000000019b5cf000 	/System/Library/PrivateFrameworks/AudioSession.framework/Versions/A/AudioSession
0x00000001a6841000 	/System/Library/Frameworks/CoreMIDI.framework/Versions/A/CoreMIDI
0x000000019b64e000 	/usr/lib/libAudioStatistics.dylib
0x0000000193fbc000 	/System/Library/PrivateFrameworks/caulk.framework/Versions/A/caulk
0x0000000199bf3000 	/usr/lib/libAudioToolboxUtility.dylib
0x00000001b4306000 	/usr/lib/swift/libswiftCoreAudio.dylib
0x00000001baab2000 	/usr/lib/swift/libswiftCoreMIDI.dylib
0x000000019ba60000 	/System/Library/PrivateFrameworks/perfdata.framework/Versions/A/perfdata
0x00000001b3323000 	/System/Library/PrivateFrameworks/SystemPolicy.framework/Versions/A/SystemPolicy
0x000000019b905000 	/usr/lib/libSMC.dylib
0x000000019ba6e000 	/usr/lib/libperfcheck.dylib
0x000000023d8f3000 	/System/Library/PrivateFrameworks/AudioAnalytics.framework/Versions/A/AudioAnalytics
0x0000000286ccd000 	/usr/lib/swift/libswift_DarwinFoundation2.dylib
0x0000000286cce000 	/usr/lib/swift/libswift_DarwinFoundation3.dylib
0x00000001d988e000 	/System/Library/Frameworks/OSLog.framework/Versions/A/OSLog
0x00000001b42ab000 	/usr/lib/libmis.dylib
0x0000000198f4a000 	/System/Library/PrivateFrameworks/MediaExperience.framework/Versions/A/MediaExperience
0x000000019b39d000 	/System/Library/PrivateFrameworks/AudioSession.framework/libSessionUtility.dylib
0x0000000199d35000 	/System/Library/PrivateFrameworks/CMCaptureCore.framework/Versions/A/CMCaptureCore
0x00000001a08e6000 	/System/Library/Frameworks/CoreBluetooth.framework/Versions/A/CoreBluetooth
0x00000001963f8000 	/System/Library/PrivateFrameworks/CoreUtils.framework/Versions/A/CoreUtils
0x00000001ac263000 	/System/Library/PrivateFrameworks/HID.framework/Versions/A/HID
0x0000000246b30000 	/System/Library/PrivateFrameworks/CoreUtilsExtras.framework/Versions/A/CoreUtilsExtras
0x00000002556a7000 	/System/Library/PrivateFrameworks/IO80211.framework/Versions/A/IO80211
0x000000019d31f000 	/System/Library/Frameworks/IOBluetooth.framework/Versions/A/IOBluetooth
0x000000023d4e1000 	/System/Library/PrivateFrameworks/ArgumentParserInternal.framework/Versions/A/ArgumentParserInternal
0x0000000198ba6000 	/usr/lib/libIOReport.dylib
0x000000019659b000 	/System/Library/Frameworks/SecurityFoundation.framework/Versions/A/SecurityFoundation
0x0000000188bc4000 	/System/Library/PrivateFrameworks/Lexicon.framework/Versions/A/Lexicon
0x0000000196706000 	/usr/lib/libgermantok.dylib
0x0000000195204000 	/System/Library/PrivateFrameworks/LinguisticData.framework/Versions/A/LinguisticData
0x00000001a0aee000 	/System/Library/PrivateFrameworks/MediaKit.framework/Versions/A/MediaKit
0x00000001a0a39000 	/System/Library/Frameworks/DiscRecording.framework/Versions/A/DiscRecording
0x0000000198e22000 	/usr/lib/libheimdal-asn1.dylib
0x00000001a4415000 	/System/Library/Frameworks/AudioUnit.framework/Versions/A/AudioUnit
0x0000000191e32000 	/System/Library/Frameworks/OpenDirectory.framework/Versions/A/OpenDirectory
0x0000000191e40000 	/System/Library/Frameworks/OpenDirectory.framework/Versions/A/Frameworks/CFOpenDirectory.framework/Versions/A/CFOpenDirectory
0x000000022c028000 	/System/Library/Frameworks/AVFAudio.framework/Versions/A/AVFAudio
0x00000001ad234000 	/usr/lib/libAccessibility.dylib
0x00000002593f7000 	/System/Library/PrivateFrameworks/IsolatedCoreAudioClient.framework/Versions/A/IsolatedCoreAudioClient
0x00000001cfb5e000 	/usr/lib/swift/libswiftCoreMedia.dylib
0x00000002771d4000 	/System/Library/PrivateFrameworks/Tightbeam.framework/Versions/A/Tightbeam
0x0000000242a30000 	/System/Library/PrivateFrameworks/CoreAudioOrchestration.framework/Versions/A/CoreAudioOrchestration
0x00000001cc269000 	/System/Library/PrivateFrameworks/AFKUser.framework/Versions/A/AFKUser
0x000000019fb88000 	/System/Library/Frameworks/MediaAccessibility.framework/Versions/A/MediaAccessibility
0x000000027b3ef000 	/System/Library/PrivateFrameworks/VideoToolboxParavirtualizationSupport.framework/Versions/A/VideoToolboxParavirtualizationSupport
0x0000000198dbe000 	/System/Library/PrivateFrameworks/AppleVA.framework/Versions/A/AppleVA
0x0000000199cc7000 	/System/Library/PrivateFrameworks/GPUWrangler.framework/Versions/A/GPUWrangler
0x0000000199ca7000 	/System/Library/PrivateFrameworks/IOPresentment.framework/Versions/A/IOPresentment
0x0000000199ccf000 	/System/Library/PrivateFrameworks/DSExternalDisplay.framework/Versions/A/DSExternalDisplay
0x000000023d338000 	/System/Library/PrivateFrameworks/AppleMobileFileIntegrity.framework/Versions/A/AppleMobileFileIntegrity
0x000000028590a000 	/usr/lib/libTLE.dylib
0x00000001eab94000 	/System/Library/PrivateFrameworks/ConfigProfileHelper.framework/Versions/A/ConfigProfileHelper
0x00000001df9a1000 	/usr/lib/libedit.3.dylib
0x000000025a977000 	/System/Library/PrivateFrameworks/MIL.framework/Versions/A/MIL
0x00000001b944f000 	/usr/lib/libncurses.5.4.dylib
0x000000019632d000 	/System/Library/PrivateFrameworks/CoreEmoji.framework/Versions/A/CoreEmoji
0x0000000188ee0000 	/usr/lib/libCRFSuite.dylib
0x00000001950e2000 	/System/Library/PrivateFrameworks/CoreNLP.framework/Versions/A/CoreNLP
0x00000001966a5000 	/usr/lib/libmecab.dylib
0x00000001975b2000 	/usr/lib/libThaiTokenizer.dylib
0x00000001d9d59000 	/System/Library/PrivateFrameworks/HIDDisplay.framework/Versions/A/HIDDisplay
0x0000000199d01000 	/System/Library/Frameworks/ApplicationServices.framework/Versions/A/Frameworks/ATSUI.framework/Versions/A/ATSUI
0x000000019b9e6000 	/usr/lib/libcups.2.dylib
0x000000019ba7c000 	/System/Library/Frameworks/Kerberos.framework/Versions/A/Kerberos
0x000000019b6dd000 	/usr/lib/libresolv.9.dylib
0x000000019909e000 	/System/Library/PrivateFrameworks/Heimdal.framework/Versions/A/Heimdal
0x00000001a4414000 	/System/Library/Frameworks/Kerberos.framework/Versions/A/Libraries/libHeimdalProxy.dylib
0x000000019bae0000 	/System/Library/PrivateFrameworks/CommonAuth.framework/Versions/A/CommonAuth
0x00000001ad12f000 	/System/Library/PrivateFrameworks/AXCoreUtilities.framework/Versions/A/AXCoreUtilities
0x0000000285323000 	/usr/lib/libAXSafeCategoryBundle.dylib
0x00000001961f3000 	/System/Library/Frameworks/Accelerate.framework/Versions/A/Frameworks/vecLib.framework/Versions/A/libvDSP.dylib
0x00000001976ff000 	/System/Library/Frameworks/Accelerate.framework/Versions/A/Frameworks/vecLib.framework/Versions/A/libLAPACK.dylib
0x0000000196709000 	/System/Library/Frameworks/Accelerate.framework/Versions/A/Frameworks/vecLib.framework/Versions/A/libLinearAlgebra.dylib
0x00000001975f8000 	/System/Library/Frameworks/Accelerate.framework/Versions/A/Frameworks/vecLib.framework/Versions/A/libSparseBLAS.dylib
0x00000001976fa000 	/System/Library/Frameworks/Accelerate.framework/Versions/A/Frameworks/vecLib.framework/Versions/A/libQuadrature.dylib
0x000000019520b000 	/System/Library/Frameworks/Accelerate.framework/Versions/A/Frameworks/vecLib.framework/Versions/A/libBNNS.dylib
0x0000000188cd9000 	/System/Library/Frameworks/Accelerate.framework/Versions/A/Frameworks/vecLib.framework/Versions/A/libSparse.dylib
0x000000019ba45000 	/System/Library/PrivateFrameworks/NetAuth.framework/Versions/A/NetAuth
0x0000000192051000 	/System/Library/PrivateFrameworks/login.framework/Versions/A/Frameworks/loginsupport.framework/Versions/A/loginsupport
0x000000019666f000 	/usr/lib/libCheckFix.dylib
0x00000001911cb000 	/System/Library/PrivateFrameworks/MetadataUtilities.framework/Versions/A/MetadataUtilities
0x000000025616f000 	/System/Library/PrivateFrameworks/InstalledContentLibrary.framework/Versions/A/InstalledContentLibrary
0x000000018bc5a000 	/System/Library/PrivateFrameworks/CoreServicesStore.framework/Versions/A/CoreServicesStore
0x00000001c7799000 	/System/Library/PrivateFrameworks/MobileSystemServices.framework/Versions/A/MobileSystemServices
0x0000000198a67000 	/usr/lib/libxslt.1.dylib
0x000000019662e000 	/System/Library/PrivateFrameworks/BackgroundTaskManagement.framework/Versions/A/BackgroundTaskManagement
0x00000001a3abe000 	/usr/lib/libcurl.4.dylib
0x0000000285b43000 	/usr/lib/libcrypto.46.dylib
0x0000000286760000 	/usr/lib/libssl.48.dylib
0x00000001a3794000 	/System/Library/Frameworks/LDAP.framework/Versions/A/LDAP
0x00000001a37d0000 	/System/Library/PrivateFrameworks/TrustEvaluationAgent.framework/Versions/A/TrustEvaluationAgent
0x000000019b6fa000 	/usr/lib/libsasl2.2.dylib
0x00000001b11cf000 	/usr/lib/swift/libswiftCoreGraphics.dylib
0x00000001a0284000 	/usr/lib/swift/libswiftFoundation.dylib
0x00000001ea550000 	/usr/lib/swift/libswiftSwiftOnoneSupport.dylib
0x0000000286e3f000 	/usr/lib/swift/libswiftsys_time.dylib
0x00000001d5b1d000 	/System/Library/PrivateFrameworks/CoreMaterial.framework/Versions/A/CoreMaterial
0x0000000286b85000 	/usr/lib/swift/libswiftSpatial.dylib
0x0000000285907000 	/usr/lib/libSpatial.dylib
0x0000000285241000 	/System/Library/SubFrameworks/UIUtilities.framework/Versions/A/UIUtilities
0x000000010a3d4000 	/Users/jeff/.sdkman/candidates/java/17.0.18-tem/lib/server/libjvm.dylib
0x0000000104910000 	/Users/jeff/.sdkman/candidates/java/17.0.18-tem/lib/libjimage.dylib
0x0000000104998000 	/Users/jeff/.sdkman/candidates/java/17.0.18-tem/lib/libjava.dylib
0x0000000109d70000 	/Users/jeff/.sdkman/candidates/java/17.0.18-tem/lib/libnio.dylib
0x0000000109db4000 	/Users/jeff/.sdkman/candidates/java/17.0.18-tem/lib/libnet.dylib
0x0000000109e00000 	/Users/jeff/.sdkman/candidates/java/17.0.18-tem/lib/libzip.dylib
0x0000000109d90000 	/Users/jeff/.sdkman/candidates/java/17.0.18-tem/lib/libverify.dylib
0x0000000109dd8000 	/Users/jeff/.sdkman/candidates/java/17.0.18-tem/lib/libextnet.dylib
0x0000000133a08000 	/Users/jeff/git/m/mongo-java-driver/build/jnaLibs/rust-core/libmongo_rust_core.dylib
0x0000000109ec4000 	/Users/jeff/.sdkman/candidates/java/17.0.18-tem/lib/libinstrument.dylib
0x0000000109f50000 	/Users/jeff/Library/Caches/JNA/temp/jna14770782407988342416.tmp
0x0000000109f78000 	/Users/jeff/Library/Caches/JNA/temp/jna1166225008638852666.tmp


VM Arguments:
jvm_args: -Djava.library.path=/Users/jeff/git/m/mongo-java-driver/build/jnaLibs/rust-core -Djna.library.path=/Users/jeff/git/m/mongo-java-driver/build/jnaLibs/rust-core -Dorg.gradle.internal.worker.tmpdir=/Users/jeff/git/m/mongo-java-driver/driver-reactive-streams/build/tmp/test/work -Dspock.configuration=/Users/jeff/git/m/mongo-java-driver/config/spock/ExcludeSlow.groovy --add-opens=java.base/java.lang=ALL-UNNAMED -Xmx4g -Dfile.encoding=UTF-8 -Duser.country=US -Duser.language=en -Duser.variant -ea 
java_command: worker.org.gradle.process.internal.worker.GradleWorkerMain 'Gradle Test Executor 10'
java_class_path (initial): /Users/jeff/.gradle/caches/8.12.1/workerMain/gradle-worker.jar:/Users/jeff/git/m/mongo-java-driver/driver-reactive-streams/build/classes/java/test:/Users/jeff/git/m/mongo-java-driver/driver-reactive-streams/build/classes/groovy/test:/Users/jeff/git/m/mongo-java-driver/driver-reactive-streams/build/resources/test:/Users/jeff/git/m/mongo-java-driver/driver-reactive-streams/build/classes/java/main:/Users/jeff/git/m/mongo-java-driver/driver-sync/build/libs/mongodb-driver-sync-5.7.0-SNAPSHOT.jar:/Users/jeff/git/m/mongo-java-driver/driver-sync/build/libs/driver-sync-test-5.7.0-SNAPSHOT.jar:/Users/jeff/git/m/mongo-java-driver/driver-core/build/libs/mongodb-driver-core-5.7.0-SNAPSHOT.jar:/Users/jeff/git/m/mongo-java-driver/driver-core/build/libs/driver-core-test-5.7.0-SNAPSHOT.jar:/Users/jeff/git/m/mongo-java-driver/rust-bindings/build/libs/rust-bindings-5.7.0-SNAPSHOT.jar:/Users/jeff/git/m/mongo-java-driver/mongodb-crypt/build/libs/mongodb-crypt-5.7.0-SNAPSHOT.jar:/Users/jeff/git/m/mongo-java-driver/bson-record-codec/build/libs/bson-record-codec-5.7.0-SNAPSHOT.jar:/Users/jeff/git/m/mongo-java-driver/bson/build/libs/bson-5.7.0-SNAPSHOT.jar:/Users/jeff/git/m/mongo-java-driver/bson/build/libs/bson-test-5.7.0-SNAPSHOT.jar:/Users/jeff/.gradle/caches/modules-2/files-2.1/org.reactivestreams/reactive-streams-tck/1.0.4/73211657ca6ea0b6facc7a717be54b14a304ac93/reactive-streams-tck-1.0.4.jar:/Users/jeff/.gradle/caches/modules-2/files-2.1/io.projectreactor/reactor-test/3.5.0/9e6a84687467185ef93a490393523e7eb320d627/reactor-test-3.5.0.jar:/Users/jeff/.gradle/caches/modules-2/files-2.1/io.projectreactor/reactor-core/3.5.0/83749d14f5795905e5b8e8c258c917d4707b586c/reactor-core-3.5.0.jar:/Users/jeff/.gradle/caches/modules-2/files-2.1/org.reactivestreams/reactive-streams-examples/1.0.4/f8cd2110c300bbc4ceec7cbbe386e12d3d47a765/reactive-streams-examples-1.0.4.jar:/Users/jeff/.gradle/caches/modules-2/files-2.1/org.reactivestreams/reactive-streams/1.0.4/3864a1320d97
Launcher Type: SUN_STANDARD

[Global flags]
     intx CICompilerCount                          = 12                                        {product} {ergonomic}
     uint ConcGCThreads                            = 3                                         {product} {ergonomic}
     uint G1ConcRefinementThreads                  = 13                                        {product} {ergonomic}
   size_t G1HeapRegionSize                         = 2097152                                   {product} {ergonomic}
    uintx GCDrainStackTargetSize                   = 64                                        {product} {ergonomic}
   size_t InitialHeapSize                          = 805306368                                 {product} {ergonomic}
   size_t MarkStackSize                            = 4194304                                   {product} {ergonomic}
   size_t MaxHeapSize                              = 4294967296                                {product} {command line}
   size_t MaxNewSize                               = 2575302656                                {product} {ergonomic}
   size_t MinHeapDeltaBytes                        = 2097152                                   {product} {ergonomic}
   size_t MinHeapSize                              = 8388608                                   {product} {ergonomic}
    uintx NonNMethodCodeHeapSize                   = 7602992                                {pd product} {ergonomic}
    uintx NonProfiledCodeHeapSize                  = 122027624                              {pd product} {ergonomic}
    uintx ProfiledCodeHeapSize                     = 122027624                              {pd product} {ergonomic}
    uintx ReservedCodeCacheSize                    = 251658240                              {pd product} {ergonomic}
     bool SegmentedCodeCache                       = true                                      {product} {ergonomic}
   size_t SoftMaxHeapSize                          = 4294967296                             {manageable} {ergonomic}
     bool UseCompressedClassPointers               = true                           {product lp64_product} {ergonomic}
     bool UseCompressedOops                        = true                           {product lp64_product} {ergonomic}
     bool UseG1GC                                  = true                                      {product} {ergonomic}
     bool UseNUMA                                  = false                                     {product} {ergonomic}
     bool UseNUMAInterleaving                      = false                                     {product} {ergonomic}

Logging:
Log output configuration:
 #0: stdout all=warning uptime,level,tags
 #1: stderr all=off uptime,level,tags

Environment Variables:
JAVA_HOME=/Users/jeff/.sdkman/candidates/java/current
PATH=/opt/homebrew/bin:/opt/homebrew/sbin:/usr/local/bin:/System/Cryptexes/App/usr/bin:/usr/bin:/bin:/usr/sbin:/sbin:/var/run/com.apple.security.cryptexd/codex.system/bootstrap/usr/local/bin:/var/run/com.apple.security.cryptexd/codex.system/bootstrap/usr/bin:/var/run/com.apple.security.cryptexd/codex.system/bootstrap/usr/appleinternal/bin:/opt/pmk/env/global/bin:/Users/jeff/.sdkman/candidates/java/current/bin:/opt/homebrew/opt/coreutils/libexec/gnubin:/Users/jeff/.cargo/bin:/Applications/iTerm.app/Contents/Resources/utilities:/Users/jeff/Library/Application Support/JetBrains/Toolbox/scripts:/Users/jeff/.local/bin:/Users/jeff/Library/Application Support/JetBrains/Toolbox/scripts:/Users/jeff/.local/bin
SHELL=/bin/zsh
LANG=en_US.UTF-8
TERM=xterm-256color
TMPDIR=/var/folders/mj/w08tt40s2vn8hf1mn6h763x00000gp/T/

Active Locale:
LC_ALL=en_US.UTF-8
LC_COLLATE=en_US.UTF-8
LC_CTYPE=en_US.UTF-8
LC_MESSAGES=en_US.UTF-8
LC_MONETARY=en_US.UTF-8
LC_NUMERIC=en_US.UTF-8
LC_TIME=en_US.UTF-8

Signal Handlers:
   SIGSEGV: crash_handler in libjvm.dylib, mask=11100110000111110111111111111111, flags=SA_RESTART|SA_SIGINFO, unblocked
    SIGBUS: crash_handler in libjvm.dylib, mask=11100110000111110111111111111111, flags=SA_RESTART|SA_SIGINFO, unblocked
    SIGFPE: crash_handler in libjvm.dylib, mask=11100110000111110111111111111111, flags=SA_RESTART|SA_SIGINFO, unblocked
   SIGPIPE: javaSignalHandler in libjvm.dylib, mask=11100110000111110111111111111111, flags=SA_RESTART|SA_SIGINFO, blocked
   SIGXFSZ: javaSignalHandler in libjvm.dylib, mask=11100110000111110111111111111111, flags=SA_RESTART|SA_SIGINFO, blocked
    SIGILL: crash_handler in libjvm.dylib, mask=11100110000111110111111111111111, flags=SA_RESTART|SA_SIGINFO, unblocked
   SIGUSR2: SR_handler in libjvm.dylib, mask=00000000000000000000000000000000, flags=SA_RESTART|SA_SIGINFO, blocked
    SIGHUP: UserHandler in libjvm.dylib, mask=11100110000111110111111111111111, flags=SA_RESTART|SA_SIGINFO, blocked
    SIGINT: UserHandler in libjvm.dylib, mask=11100110000111110111111111111111, flags=SA_RESTART|SA_SIGINFO, blocked
   SIGTERM: UserHandler in libjvm.dylib, mask=11100110000111110111111111111111, flags=SA_RESTART|SA_SIGINFO, blocked
   SIGQUIT: UserHandler in libjvm.dylib, mask=11100110000111110111111111111111, flags=SA_RESTART|SA_SIGINFO, blocked
   SIGTRAP: crash_handler in libjvm.dylib, mask=11100110000111110111111111111111, flags=SA_RESTART|SA_SIGINFO, unblocked


Periodic native trim disabled


---------------  S Y S T E M  ---------------

OS:
uname: Darwin 25.3.0 Darwin Kernel Version 25.3.0: Wed Jan 28 20:48:41 PST 2026; root:xnu-12377.81.4~5/RELEASE_ARM64_T6041 arm64
OS uptime: 3 days 20:39 hours
rlimit (soft/hard): STACK 8176k/65520k , CORE 0k/infinity , NPROC 8000/8000 , NOFILE 1048576/infinity , AS infinity/infinity , CPU infinity/infinity , DATA infinity/infinity , FSIZE infinity/infinity , MEMLOCK infinity/infinity , RSS infinity/infinity
load average: 1.85 2.19 2.27

CPU: total 16 (initial active 16) 0x61:0x0:0x17d5b93a:0, fp, simd, crc, lse
machdep.cpu.brand_string:Apple M4 Max
hw.cachelinesize:128
hw.l1icachesize:131072
hw.l1dcachesize:65536
hw.l2cachesize:4194304

Memory: 16k page, physical 50331648k(183584k free), swap 0k(0k free)

vm_info: OpenJDK 64-Bit Server VM (17.0.18+8) for bsd-aarch64 JRE (17.0.18+8), built on Jan 20 2026 00:00:00 by "admin" with clang Apple LLVM 15.0.0 (clang-1500.1.0.2.5)

END.
